user_date,activity_ activity inference,phonelock_user
u00_2013-03-27,2128,u00
u00_2013-03-28,1278,u00
u00_2013-03-29,1927,u00
u00_2013-03-30,863,u00
u00_2013-03-31,2224,u00
u00_2013-04-01,1174,u00
u00_2013-04-02,1911,u00
u00_2013-04-03,1572,u00
u00_2013-04-04,1535,u00
u00_2013-04-05,2202,u00
u00_2013-04-06,1848,u00
u00_2013-04-07,914,u00
u00_2013-04-08,2003,u00
u00_2013-04-09,1160,u00
u00_2013-04-10,1055,u00
u00_2013-04-11,1505,u00
u00_2013-04-12,1156,u00
u00_2013-04-13,1175,u00
u00_2013-04-14,839,u00
u00_2013-04-15,1170,u00
u00_2013-04-16,681,u00
u00_2013-04-17,1355,u00
u00_2013-04-18,925,u00
u00_2013-04-19,3893,u00
u00_2013-04-20,4449,u00
u00_2013-04-21,774,u00
u00_2013-04-22,1199,u00
u00_2013-04-23,1696,u00
u00_2013-04-24,509,u00
u00_2013-04-25,1132,u00
u00_2013-04-26,1396,u00
u00_2013-04-27,3341,u00
u00_2013-04-28,1346,u00
u00_2013-04-29,1313,u00
u00_2013-04-30,655,u00
u00_2013-05-01,3285,u00
u00_2013-05-02,417,u00
u00_2013-05-03,2292,u00
u00_2013-05-04,1539,u00
u00_2013-05-05,3165,u00
u00_2013-05-06,3602,u00
u00_2013-05-07,1323,u00
u00_2013-05-08,4193,u00
u00_2013-05-09,1180,u00
u00_2013-05-10,1223,u00
u00_2013-05-11,1607,u00
u00_2013-05-12,909,u00
u00_2013-05-13,1360,u00
u00_2013-05-14,923,u00
u00_2013-05-15,1385,u00
u00_2013-05-16,6331,u00
u00_2013-05-17,1116,u00
u00_2013-05-18,0,u00
u00_2013-05-19,753,u00
u00_2013-05-20,0,u00
u00_2013-05-21,0,u00
u00_2013-05-22,406,u00
u00_2013-05-23,1648,u00
u00_2013-05-24,2657,u00
u00_2013-05-25,1621,u00
u00_2013-05-26,78,u00
u00_2013-05-27,853,u00
u00_2013-05-28,1065,u00
u00_2013-05-29,1132,u00
u00_2013-05-30,1195,u00
u00_2013-05-31,3721,u00
u01_2013-03-27,941,u01
u01_2013-03-28,1541,u01
u01_2013-03-29,1382,u01
u01_2013-03-30,761,u01
u01_2013-03-31,398,u01
u01_2013-04-01,1469,u01
u01_2013-04-02,795,u01
u01_2013-04-03,951,u01
u01_2013-04-04,1362,u01
u01_2013-04-05,1082,u01
u01_2013-04-06,920,u01
u01_2013-04-07,930,u01
u01_2013-04-08,1296,u01
u01_2013-04-09,413,u01
u01_2013-04-10,693,u01
u01_2013-04-11,655,u01
u01_2013-04-12,1377,u01
u01_2013-04-13,789,u01
u01_2013-04-14,358,u01
u01_2013-04-15,686,u01
u01_2013-04-16,599,u01
u01_2013-04-17,1263,u01
u01_2013-04-18,1560,u01
u01_2013-04-19,1327,u01
u01_2013-04-20,362,u01
u01_2013-04-21,916,u01
u01_2013-04-22,978,u01
u01_2013-04-23,838,u01
u01_2013-04-24,580,u01
u01_2013-04-25,903,u01
u01_2013-04-26,1503,u01
u01_2013-04-27,1999,u01
u01_2013-04-28,223,u01
u01_2013-04-29,826,u01
u01_2013-04-30,567,u01
u01_2013-05-01,719,u01
u01_2013-05-02,1354,u01
u01_2013-05-03,1111,u01
u01_2013-05-04,191,u01
u01_2013-05-05,0,u01
u01_2013-05-06,0,u01
u01_2013-05-07,636,u01
u01_2013-05-08,619,u01
u01_2013-05-09,1223,u01
u01_2013-05-10,1160,u01
u01_2013-05-11,873,u01
u01_2013-05-12,1141,u01
u01_2013-05-13,1115,u01
u01_2013-05-14,1009,u01
u01_2013-05-15,1170,u01
u01_2013-05-16,1168,u01
u01_2013-05-17,1105,u01
u01_2013-05-18,774,u01
u01_2013-05-19,747,u01
u01_2013-05-20,0,u01
u01_2013-05-21,639,u01
u01_2013-05-22,1187,u01
u01_2013-05-23,1537,u01
u01_2013-05-24,112,u01
u01_2013-05-25,1234,u01
u01_2013-05-26,1071,u01
u01_2013-05-27,533,u01
u01_2013-05-28,1086,u01
u01_2013-05-29,394,u01
u02_2013-03-27,1105,u02
u02_2013-03-28,1130,u02
u02_2013-03-29,731,u02
u02_2013-03-30,1223,u02
u02_2013-03-31,2811,u02
u02_2013-04-01,494,u02
u02_2013-04-02,737,u02
u02_2013-04-03,836,u02
u02_2013-04-04,750,u02
u02_2013-04-05,1960,u02
u02_2013-04-06,1637,u02
u02_2013-04-07,755,u02
u02_2013-04-08,473,u02
u02_2013-04-09,728,u02
u02_2013-04-10,717,u02
u02_2013-04-11,660,u02
u02_2013-04-12,1298,u02
u02_2013-04-13,609,u02
u02_2013-04-14,460,u02
u02_2013-04-15,736,u02
u02_2013-04-16,635,u02
u02_2013-04-17,905,u02
u02_2013-04-18,749,u02
u02_2013-04-19,665,u02
u02_2013-04-20,953,u02
u02_2013-04-21,984,u02
u02_2013-04-22,793,u02
u02_2013-04-23,512,u02
u02_2013-04-24,711,u02
u02_2013-04-25,543,u02
u02_2013-04-26,550,u02
u02_2013-04-27,2341,u02
u02_2013-04-28,1620,u02
u02_2013-04-29,669,u02
u02_2013-04-30,490,u02
u02_2013-05-01,843,u02
u02_2013-05-02,677,u02
u02_2013-05-03,918,u02
u02_2013-05-04,1071,u02
u02_2013-05-05,690,u02
u02_2013-05-06,717,u02
u02_2013-05-07,1372,u02
u02_2013-05-08,798,u02
u02_2013-05-09,904,u02
u02_2013-05-10,2699,u02
u02_2013-05-11,1715,u02
u02_2013-05-12,680,u02
u02_2013-05-13,859,u02
u02_2013-05-14,692,u02
u02_2013-05-15,1216,u02
u02_2013-05-16,1240,u02
u02_2013-05-17,2140,u02
u02_2013-05-18,1753,u02
u02_2013-05-19,791,u02
u02_2013-05-20,1796,u02
u02_2013-05-21,806,u02
u02_2013-05-22,531,u02
u02_2013-05-23,568,u02
u02_2013-05-24,1963,u02
u02_2013-05-25,356,u02
u02_2013-05-26,555,u02
u02_2013-05-27,715,u02
u02_2013-05-28,743,u02
u02_2013-05-29,836,u02
u02_2013-05-30,1162,u02
u02_2013-05-31,989,u02
u03_2013-03-27,226,u03
u03_2013-03-28,83,u03
u03_2013-03-29,443,u03
u03_2013-03-30,31,u03
u03_2013-03-31,21,u03
u03_2013-04-01,255,u03
u03_2013-04-02,60,u03
u03_2013-04-03,377,u03
u03_2013-04-04,0,u03
u03_2013-04-05,170,u03
u03_2013-04-06,579,u03
u03_2013-04-07,36,u03
u03_2013-04-08,426,u03
u03_2013-04-09,0,u03
u03_2013-04-10,134,u03
u03_2013-04-11,0,u03
u03_2013-04-12,0,u03
u03_2013-04-13,185,u03
u03_2013-04-14,41,u03
u03_2013-04-15,305,u03
u03_2013-04-16,0,u03
u03_2013-04-17,710,u03
u03_2013-04-18,139,u03
u03_2013-04-19,0,u03
u03_2013-04-20,81,u03
u03_2013-04-21,232,u03
u03_2013-04-22,194,u03
u03_2013-04-23,915,u03
u03_2013-04-24,114,u03
u03_2013-04-25,615,u03
u03_2013-04-26,653,u03
u03_2013-04-27,9,u03
u03_2013-04-28,259,u03
u03_2013-04-29,369,u03
u03_2013-04-30,1034,u03
u03_2013-05-01,0,u03
u03_2013-05-02,27,u03
u03_2013-05-03,0,u03
u03_2013-05-04,0,u03
u03_2013-05-05,111,u03
u03_2013-05-06,225,u03
u03_2013-05-07,152,u03
u03_2013-05-08,0,u03
u03_2013-05-09,0,u03
u03_2013-05-10,0,u03
u03_2013-05-11,31,u03
u03_2013-05-12,33,u03
u03_2013-05-13,108,u03
u03_2013-05-14,0,u03
u03_2013-05-15,307,u03
u03_2013-05-16,0,u03
u03_2013-05-17,0,u03
u03_2013-05-18,0,u03
u03_2013-05-19,0,u03
u03_2013-05-20,0,u03
u03_2013-05-21,288,u03
u03_2013-05-22,0,u03
u04_2013-03-27,1429,u04
u04_2013-03-28,1337,u04
u04_2013-03-29,2188,u04
u04_2013-03-30,1389,u04
u04_2013-03-31,1773,u04
u04_2013-04-01,1941,u04
u04_2013-04-02,1394,u04
u04_2013-04-03,1410,u04
u04_2013-04-04,1649,u04
u04_2013-04-05,1708,u04
u04_2013-04-06,7265,u04
u04_2013-04-07,708,u04
u04_2013-04-08,1756,u04
u04_2013-04-09,1772,u04
u04_2013-04-10,1925,u04
u04_2013-04-11,1441,u04
u04_2013-04-12,1620,u04
u04_2013-04-13,2540,u04
u04_2013-04-14,1137,u04
u04_2013-04-15,1307,u04
u04_2013-04-16,1370,u04
u04_2013-04-17,1730,u04
u04_2013-04-18,1860,u04
u04_2013-04-19,4275,u04
u04_2013-04-20,2608,u04
u04_2013-04-21,4549,u04
u04_2013-04-22,1207,u04
u04_2013-04-23,1145,u04
u04_2013-04-24,1715,u04
u04_2013-04-25,1445,u04
u04_2013-04-26,1373,u04
u04_2013-04-27,1022,u04
u04_2013-04-28,1349,u04
u04_2013-04-29,1163,u04
u04_2013-04-30,1248,u04
u04_2013-05-01,1402,u04
u04_2013-05-02,1481,u04
u04_2013-05-03,6303,u04
u04_2013-05-04,6623,u04
u04_2013-05-05,2224,u04
u04_2013-05-06,1392,u04
u04_2013-05-07,1140,u04
u04_2013-05-08,1146,u04
u04_2013-05-09,1525,u04
u04_2013-05-10,871,u04
u04_2013-05-11,1581,u04
u04_2013-05-12,1330,u04
u04_2013-05-13,1033,u04
u04_2013-05-14,1386,u04
u04_2013-05-15,1194,u04
u04_2013-05-16,1287,u04
u04_2013-05-17,1810,u04
u04_2013-05-18,3234,u04
u04_2013-05-19,3822,u04
u04_2013-05-20,1208,u04
u04_2013-05-21,812,u04
u04_2013-05-22,698,u04
u04_2013-05-23,0,u04
u05_2013-03-27,906,u05
u05_2013-03-28,1639,u05
u05_2013-03-29,1087,u05
u05_2013-03-30,3413,u05
u05_2013-03-31,1341,u05
u05_2013-04-01,1291,u05
u05_2013-04-02,435,u05
u05_2013-04-03,918,u05
u05_2013-04-04,834,u05
u05_2013-04-05,1993,u05
u05_2013-04-06,3823,u05
u05_2013-04-07,1750,u05
u05_2013-04-08,1807,u05
u05_2013-04-09,747,u05
u05_2013-04-10,964,u05
u05_2013-04-11,719,u05
u05_2013-04-12,366,u05
u05_2013-04-13,4631,u05
u05_2013-04-14,1152,u05
u05_2013-04-15,496,u05
u05_2013-04-16,195,u05
u05_2013-04-17,1116,u05
u05_2013-04-18,335,u05
u05_2013-04-19,1511,u05
u05_2013-04-20,611,u05
u05_2013-04-21,825,u05
u05_2013-04-22,1358,u05
u05_2013-04-23,1136,u05
u05_2013-04-24,1547,u05
u05_2013-04-25,645,u05
u05_2013-04-26,799,u05
u05_2013-04-27,177,u05
u05_2013-04-28,739,u05
u05_2013-04-29,438,u05
u05_2013-04-30,357,u05
u05_2013-05-01,479,u05
u05_2013-05-02,167,u05
u05_2013-05-03,1197,u05
u05_2013-05-04,2059,u05
u05_2013-05-05,571,u05
u05_2013-05-06,453,u05
u05_2013-05-07,39,u05
u05_2013-05-08,652,u05
u05_2013-05-09,865,u05
u05_2013-05-10,485,u05
u05_2013-05-11,103,u05
u05_2013-05-12,220,u05
u05_2013-05-13,390,u05
u05_2013-05-14,241,u05
u05_2013-05-15,1819,u05
u05_2013-05-16,1650,u05
u05_2013-05-17,0,u05
u05_2013-05-18,265,u05
u05_2013-05-19,181,u05
u05_2013-05-20,509,u05
u05_2013-05-21,709,u05
u05_2013-05-22,569,u05
u05_2013-05-23,511,u05
u05_2013-05-24,47,u05
u05_2013-05-25,0,u05
u05_2013-05-26,0,u05
u05_2013-05-27,488,u05
u05_2013-05-28,835,u05
u05_2013-05-29,168,u05
u07_2013-03-27,947,u07
u07_2013-03-28,1580,u07
u07_2013-03-29,1152,u07
u07_2013-03-30,1084,u07
u07_2013-03-31,1060,u07
u07_2013-04-01,1108,u07
u07_2013-04-02,1404,u07
u07_2013-04-03,1871,u07
u07_2013-04-04,1607,u07
u07_2013-04-05,4626,u07
u07_2013-04-06,2324,u07
u07_2013-04-07,1812,u07
u07_2013-04-08,3961,u07
u07_2013-04-09,313,u07
u07_2013-04-10,524,u07
u07_2013-04-11,666,u07
u07_2013-04-12,701,u07
u07_2013-04-13,484,u07
u07_2013-04-14,1158,u07
u07_2013-04-15,1124,u07
u07_2013-04-16,1674,u07
u07_2013-04-17,689,u07
u07_2013-04-18,875,u07
u07_2013-04-19,1512,u07
u07_2013-04-20,705,u07
u07_2013-04-21,3573,u07
u07_2013-04-22,329,u07
u07_2013-04-23,1000,u07
u07_2013-04-24,322,u07
u07_2013-04-25,480,u07
u07_2013-04-26,209,u07
u07_2013-04-27,257,u07
u07_2013-04-28,544,u07
u07_2013-04-29,806,u07
u07_2013-04-30,957,u07
u07_2013-05-01,1173,u07
u07_2013-05-02,851,u07
u07_2013-05-03,397,u07
u07_2013-05-04,314,u07
u07_2013-05-05,557,u07
u07_2013-05-06,602,u07
u07_2013-05-07,491,u07
u07_2013-05-08,277,u07
u07_2013-05-09,0,u07
u07_2013-05-10,0,u07
u07_2013-05-11,596,u07
u07_2013-05-12,960,u07
u07_2013-05-13,1227,u07
u07_2013-05-14,186,u07
u08_2013-03-27,1075,u08
u08_2013-03-28,782,u08
u08_2013-03-29,915,u08
u08_2013-03-30,570,u08
u08_2013-03-31,402,u08
u08_2013-04-01,1520,u08
u08_2013-04-02,742,u08
u08_2013-04-03,1334,u08
u08_2013-04-04,415,u08
u08_2013-04-05,1084,u08
u08_2013-04-06,2494,u08
u08_2013-04-07,615,u08
u08_2013-04-08,1150,u08
u08_2013-04-09,643,u08
u08_2013-04-10,921,u08
u08_2013-04-11,544,u08
u08_2013-04-12,586,u08
u08_2013-04-13,578,u08
u08_2013-04-14,1327,u08
u08_2013-04-15,1014,u08
u08_2013-04-16,571,u08
u08_2013-04-17,934,u08
u08_2013-04-18,1058,u08
u08_2013-04-19,1044,u08
u08_2013-04-20,904,u08
u08_2013-04-21,735,u08
u08_2013-04-22,824,u08
u08_2013-04-23,835,u08
u08_2013-04-24,1074,u08
u08_2013-04-25,1106,u08
u08_2013-04-26,854,u08
u08_2013-04-27,730,u08
u08_2013-04-28,492,u08
u08_2013-04-29,889,u08
u08_2013-04-30,1565,u08
u08_2013-05-01,1351,u08
u08_2013-05-02,700,u08
u08_2013-05-03,984,u08
u08_2013-05-04,899,u08
u08_2013-05-05,754,u08
u08_2013-05-06,1266,u08
u08_2013-05-07,881,u08
u08_2013-05-08,1489,u08
u08_2013-05-09,1048,u08
u08_2013-05-10,1446,u08
u08_2013-05-11,1063,u08
u08_2013-05-12,751,u08
u08_2013-05-13,655,u08
u08_2013-05-14,571,u08
u08_2013-05-15,1422,u08
u08_2013-05-16,750,u08
u08_2013-05-17,1217,u08
u08_2013-05-18,678,u08
u08_2013-05-19,553,u08
u08_2013-05-20,591,u08
u08_2013-05-21,1259,u08
u08_2013-05-22,1080,u08
u08_2013-05-23,667,u08
u08_2013-05-24,740,u08
u08_2013-05-25,368,u08
u08_2013-05-26,763,u08
u08_2013-05-27,1275,u08
u08_2013-05-28,628,u08
u08_2013-05-29,569,u08
u08_2013-05-30,0,u08
u08_2013-05-31,0,u08
u09_2013-03-27,750,u09
u09_2013-03-28,899,u09
u09_2013-03-29,1495,u09
u09_2013-03-30,2640,u09
u09_2013-03-31,600,u09
u09_2013-04-01,981,u09
u09_2013-04-02,682,u09
u09_2013-04-03,1369,u09
u09_2013-04-04,1077,u09
u09_2013-04-05,948,u09
u09_2013-04-06,1523,u09
u09_2013-04-07,1454,u09
u09_2013-04-08,858,u09
u09_2013-04-09,1219,u09
u09_2013-04-10,848,u09
u09_2013-04-11,793,u09
u09_2013-04-12,1396,u09
u09_2013-04-13,865,u09
u09_2013-04-14,420,u09
u09_2013-04-15,682,u09
u09_2013-04-16,813,u09
u09_2013-04-17,982,u09
u09_2013-04-18,1278,u09
u09_2013-04-19,1109,u09
u09_2013-04-20,2247,u09
u09_2013-04-21,2128,u09
u09_2013-04-22,465,u09
u09_2013-04-23,647,u09
u09_2013-04-24,585,u09
u09_2013-04-25,697,u09
u09_2013-04-26,903,u09
u09_2013-04-27,1715,u09
u09_2013-04-28,1139,u09
u09_2013-04-29,598,u09
u09_2013-04-30,629,u09
u09_2013-05-01,840,u09
u09_2013-05-02,999,u09
u09_2013-05-03,1834,u09
u09_2013-05-04,841,u09
u09_2013-05-05,567,u09
u09_2013-05-06,851,u09
u09_2013-05-07,729,u09
u09_2013-05-08,1181,u09
u09_2013-05-09,1130,u09
u09_2013-05-10,824,u09
u09_2013-05-11,1318,u09
u09_2013-05-12,1162,u09
u09_2013-05-13,420,u09
u09_2013-05-14,997,u09
u09_2013-05-15,811,u09
u09_2013-05-16,702,u09
u09_2013-05-17,780,u09
u09_2013-05-18,1060,u09
u09_2013-05-19,1260,u09
u09_2013-05-20,625,u09
u09_2013-05-21,795,u09
u09_2013-05-22,1026,u09
u09_2013-05-23,2913,u09
u09_2013-05-24,2203,u09
u09_2013-05-25,758,u09
u09_2013-05-26,2115,u09
u09_2013-05-27,1130,u09
u09_2013-05-28,130,u09
u09_2013-05-29,1360,u09
u09_2013-05-30,87,u09
u09_2013-05-31,314,u09
u10_2013-03-27,417,u10
u10_2013-03-28,425,u10
u10_2013-03-29,622,u10
u10_2013-03-30,421,u10
u10_2013-03-31,393,u10
u10_2013-04-01,404,u10
u10_2013-04-02,358,u10
u10_2013-04-03,392,u10
u10_2013-04-04,506,u10
u10_2013-04-05,431,u10
u10_2013-04-06,507,u10
u10_2013-04-07,469,u10
u10_2013-04-08,628,u10
u10_2013-04-09,474,u10
u10_2013-04-10,483,u10
u10_2013-04-11,563,u10
u10_2013-04-12,503,u10
u10_2013-04-13,341,u10
u10_2013-04-14,367,u10
u10_2013-04-15,323,u10
u10_2013-04-16,759,u10
u10_2013-04-17,892,u10
u10_2013-04-18,437,u10
u10_2013-04-19,697,u10
u10_2013-04-20,481,u10
u10_2013-04-21,590,u10
u10_2013-04-22,569,u10
u10_2013-04-23,1187,u10
u10_2013-04-24,291,u10
u10_2013-04-25,541,u10
u10_2013-04-26,505,u10
u10_2013-04-27,481,u10
u10_2013-04-28,508,u10
u10_2013-04-29,255,u10
u10_2013-04-30,692,u10
u10_2013-05-01,795,u10
u10_2013-05-02,556,u10
u10_2013-05-03,1048,u10
u10_2013-05-04,1154,u10
u10_2013-05-05,758,u10
u10_2013-05-06,1030,u10
u10_2013-05-07,1081,u10
u10_2013-05-08,724,u10
u10_2013-05-09,653,u10
u10_2013-05-10,421,u10
u10_2013-05-11,553,u10
u10_2013-05-12,553,u10
u10_2013-05-13,712,u10
u10_2013-05-14,856,u10
u10_2013-05-15,888,u10
u10_2013-05-16,391,u10
u10_2013-05-17,571,u10
u10_2013-05-18,994,u10
u10_2013-05-19,1069,u10
u10_2013-05-20,534,u10
u10_2013-05-21,929,u10
u10_2013-05-22,112,u10
u10_2013-05-23,1640,u10
u10_2013-05-24,578,u10
u10_2013-05-25,563,u10
u10_2013-05-26,1125,u10
u10_2013-05-27,717,u10
u10_2013-05-28,773,u10
u10_2013-05-29,765,u10
u10_2013-05-30,509,u10
u10_2013-05-31,500,u10
u12_2013-03-27,925,u12
u12_2013-03-28,995,u12
u12_2013-03-29,1156,u12
u12_2013-03-30,1226,u12
u12_2013-03-31,533,u12
u12_2013-04-01,1264,u12
u12_2013-04-02,872,u12
u12_2013-04-03,914,u12
u12_2013-04-04,1208,u12
u12_2013-04-05,3629,u12
u12_2013-04-06,1192,u12
u12_2013-04-07,2123,u12
u12_2013-04-08,1703,u12
u12_2013-04-09,2296,u12
u12_2013-04-10,1818,u12
u12_2013-04-11,925,u12
u12_2013-04-12,1096,u12
u12_2013-04-13,1034,u12
u12_2013-04-14,396,u12
u12_2013-04-15,612,u12
u12_2013-04-16,678,u12
u12_2013-04-17,1200,u12
u12_2013-04-18,613,u12
u12_2013-04-19,846,u12
u12_2013-04-20,285,u12
u12_2013-04-21,127,u12
u12_2013-04-22,578,u12
u12_2013-04-23,977,u12
u12_2013-04-24,602,u12
u12_2013-04-25,1132,u12
u12_2013-04-26,1269,u12
u12_2013-04-27,349,u12
u12_2013-04-28,420,u12
u12_2013-04-29,720,u12
u12_2013-04-30,510,u12
u12_2013-05-01,583,u12
u12_2013-05-02,627,u12
u12_2013-05-03,968,u12
u12_2013-05-04,465,u12
u12_2013-05-05,556,u12
u12_2013-05-06,800,u12
u12_2013-05-07,1401,u12
u12_2013-05-08,1476,u12
u12_2013-05-09,655,u12
u12_2013-05-10,903,u12
u12_2013-05-11,1580,u12
u12_2013-05-12,990,u12
u12_2013-05-13,1417,u12
u12_2013-05-14,2516,u12
u12_2013-05-15,498,u12
u12_2013-05-16,2978,u12
u12_2013-05-17,1222,u12
u12_2013-05-18,543,u12
u12_2013-05-19,895,u12
u12_2013-05-20,885,u12
u12_2013-05-21,1073,u12
u12_2013-05-22,983,u12
u12_2013-05-23,1026,u12
u12_2013-05-24,1322,u12
u12_2013-05-25,747,u12
u12_2013-05-26,818,u12
u12_2013-05-27,757,u12
u12_2013-05-28,990,u12
u12_2013-05-29,1137,u12
u12_2013-05-30,1411,u12
u12_2013-05-31,1038,u12
u13_2013-03-28,359,u13
u13_2013-03-29,285,u13
u13_2013-03-30,136,u13
u13_2013-03-31,778,u13
u13_2013-04-01,644,u13
u13_2013-04-02,668,u13
u13_2013-04-03,787,u13
u13_2013-04-04,1136,u13
u13_2013-04-05,802,u13
u13_2013-04-06,512,u13
u13_2013-04-07,219,u13
u13_2013-04-08,434,u13
u13_2013-04-09,913,u13
u13_2013-04-10,781,u13
u13_2013-04-11,682,u13
u13_2013-04-12,540,u13
u13_2013-04-13,1135,u13
u13_2013-04-14,542,u13
u13_2013-04-15,814,u13
u13_2013-04-16,903,u13
u13_2013-04-17,1007,u13
u13_2013-04-18,511,u13
u13_2013-04-19,2631,u13
u13_2013-04-20,583,u13
u13_2013-04-21,766,u13
u13_2013-04-22,788,u13
u13_2013-04-23,1480,u13
u13_2013-04-24,705,u13
u13_2013-04-25,1113,u13
u13_2013-04-26,797,u13
u13_2013-04-27,2121,u13
u13_2013-04-28,1337,u13
u13_2013-04-29,888,u13
u13_2013-04-30,764,u13
u13_2013-05-01,0,u13
u13_2013-05-02,8,u13
u13_2013-05-03,2047,u13
u13_2013-05-04,2781,u13
u13_2013-05-05,1289,u13
u13_2013-05-06,0,u13
u13_2013-05-07,0,u13
u13_2013-05-08,0,u13
u13_2013-05-09,1266,u13
u13_2013-05-10,553,u13
u13_2013-05-11,1875,u13
u13_2013-05-12,1032,u13
u13_2013-05-13,1755,u13
u13_2013-05-14,1176,u13
u13_2013-05-15,1847,u13
u13_2013-05-16,1399,u13
u13_2013-05-17,454,u13
u13_2013-05-18,394,u13
u13_2013-05-19,873,u13
u13_2013-05-20,662,u13
u13_2013-05-21,776,u13
u13_2013-05-22,367,u13
u13_2013-05-23,2249,u13
u13_2013-05-24,945,u13
u13_2013-05-25,1044,u13
u13_2013-05-26,563,u13
u13_2013-05-27,210,u13
u13_2013-05-28,1181,u13
u13_2013-05-29,267,u13
u14_2013-03-27,1174,u14
u14_2013-03-28,2367,u14
u14_2013-03-29,1973,u14
u14_2013-03-30,1475,u14
u14_2013-03-31,1368,u14
u14_2013-04-01,986,u14
u14_2013-04-02,1372,u14
u14_2013-04-03,1387,u14
u14_2013-04-04,1463,u14
u14_2013-04-05,2094,u14
u14_2013-04-06,1494,u14
u14_2013-04-07,1003,u14
u14_2013-04-08,1003,u14
u14_2013-04-09,1724,u14
u14_2013-04-10,1056,u14
u14_2013-04-11,421,u14
u14_2013-04-12,1469,u14
u14_2013-04-13,941,u14
u14_2013-04-14,634,u14
u14_2013-04-15,1328,u14
u14_2013-04-16,1553,u14
u14_2013-04-17,717,u14
u14_2013-04-18,1357,u14
u14_2013-04-19,2319,u14
u14_2013-04-20,986,u14
u14_2013-04-21,301,u14
u14_2013-04-22,1263,u14
u14_2013-04-23,905,u14
u14_2013-04-24,1121,u14
u14_2013-04-25,807,u14
u14_2013-04-26,3056,u14
u14_2013-04-27,1249,u14
u14_2013-04-28,2979,u14
u14_2013-04-29,669,u14
u14_2013-04-30,585,u14
u14_2013-05-01,1721,u14
u14_2013-05-02,908,u14
u14_2013-05-03,2019,u14
u14_2013-05-04,1305,u14
u14_2013-05-05,300,u14
u14_2013-05-06,1427,u14
u14_2013-05-07,665,u14
u14_2013-05-08,405,u14
u14_2013-05-09,551,u14
u14_2013-05-10,0,u14
u14_2013-05-11,841,u14
u14_2013-05-12,1096,u14
u14_2013-05-13,1190,u14
u14_2013-05-14,1201,u14
u14_2013-05-15,608,u14
u14_2013-05-16,191,u14
u14_2013-05-17,103,u14
u14_2013-05-18,0,u14
u14_2013-05-19,0,u14
u14_2013-05-20,242,u14
u14_2013-05-21,379,u14
u14_2013-05-22,173,u14
u14_2013-05-23,0,u14
u14_2013-05-24,296,u14
u14_2013-05-25,19,u14
u14_2013-05-26,31,u14
u14_2013-05-27,9,u14
u14_2013-05-28,127,u14
u14_2013-05-29,341,u14
u14_2013-05-30,105,u14
u15_2013-03-27,697,u15
u15_2013-03-28,131,u15
u15_2013-03-29,500,u15
u15_2013-03-30,2566,u15
u15_2013-03-31,2431,u15
u15_2013-04-01,502,u15
u15_2013-04-02,27,u15
u15_2013-04-03,469,u15
u15_2013-04-04,52,u15
u15_2013-04-05,2869,u15
u15_2013-04-06,3809,u15
u15_2013-04-07,4227,u15
u15_2013-04-08,514,u15
u15_2013-04-09,498,u15
u15_2013-04-10,397,u15
u15_2013-04-11,0,u15
u15_2013-04-12,1239,u15
u15_2013-04-13,2699,u15
u15_2013-04-14,345,u15
u15_2013-04-15,654,u15
u15_2013-04-16,605,u15
u15_2013-04-17,190,u15
u15_2013-04-18,206,u15
u15_2013-04-19,195,u15
u15_2013-04-20,2712,u15
u15_2013-04-21,754,u15
u15_2013-04-22,443,u15
u15_2013-04-23,256,u15
u15_2013-04-24,0,u15
u15_2013-04-25,191,u15
u15_2013-04-26,0,u15
u15_2013-04-27,0,u15
u15_2013-04-28,403,u15
u15_2013-04-29,1036,u15
u15_2013-04-30,462,u15
u15_2013-05-01,0,u15
u15_2013-05-02,0,u15
u15_2013-05-03,0,u15
u15_2013-05-04,0,u15
u15_2013-05-05,357,u15
u15_2013-05-06,583,u15
u15_2013-05-07,202,u15
u15_2013-05-08,36,u15
u15_2013-05-09,0,u15
u15_2013-05-10,231,u15
u15_2013-05-11,0,u15
u15_2013-05-12,0,u15
u15_2013-05-13,683,u15
u15_2013-05-14,287,u15
u15_2013-05-15,368,u15
u15_2013-05-16,0,u15
u15_2013-05-17,0,u15
u15_2013-05-18,0,u15
u15_2013-05-19,0,u15
u15_2013-05-20,0,u15
u15_2013-05-21,0,u15
u15_2013-05-22,0,u15
u15_2013-05-23,0,u15
u15_2013-05-24,0,u15
u15_2013-05-25,92,u15
u15_2013-05-26,39,u15
u15_2013-05-27,68,u15
u15_2013-05-28,158,u15
u15_2013-05-29,178,u15
u15_2013-05-30,0,u15
u15_2013-05-31,2,u15
u16_2013-03-27,1027,u16
u16_2013-03-28,1079,u16
u16_2013-03-29,900,u16
u16_2013-03-30,1279,u16
u16_2013-03-31,628,u16
u16_2013-04-01,807,u16
u16_2013-04-02,568,u16
u16_2013-04-03,772,u16
u16_2013-04-04,627,u16
u16_2013-04-05,853,u16
u16_2013-04-06,435,u16
u16_2013-04-07,427,u16
u16_2013-04-08,1343,u16
u16_2013-04-09,1545,u16
u16_2013-04-10,634,u16
u16_2013-04-11,606,u16
u16_2013-04-12,804,u16
u16_2013-04-13,407,u16
u16_2013-04-14,289,u16
u16_2013-04-15,526,u16
u16_2013-04-16,1085,u16
u16_2013-04-17,810,u16
u16_2013-04-18,1521,u16
u16_2013-04-19,786,u16
u16_2013-04-20,229,u16
u16_2013-04-21,476,u16
u16_2013-04-22,735,u16
u16_2013-04-23,905,u16
u16_2013-04-24,359,u16
u16_2013-04-25,75,u16
u16_2013-04-26,408,u16
u16_2013-04-27,251,u16
u16_2013-04-28,403,u16
u16_2013-04-29,906,u16
u16_2013-04-30,1052,u16
u16_2013-05-01,819,u16
u16_2013-05-02,641,u16
u16_2013-05-03,521,u16
u16_2013-05-04,128,u16
u16_2013-05-05,255,u16
u16_2013-05-06,543,u16
u16_2013-05-07,1207,u16
u16_2013-05-08,696,u16
u16_2013-05-09,867,u16
u16_2013-05-10,1224,u16
u16_2013-05-11,977,u16
u16_2013-05-12,268,u16
u16_2013-05-13,565,u16
u16_2013-05-14,444,u16
u16_2013-05-15,1043,u16
u16_2013-05-16,216,u16
u16_2013-05-17,319,u16
u16_2013-05-18,252,u16
u16_2013-05-19,229,u16
u16_2013-05-20,519,u16
u16_2013-05-21,876,u16
u16_2013-05-22,722,u16
u16_2013-05-23,428,u16
u16_2013-05-24,341,u16
u16_2013-05-25,5208,u16
u16_2013-05-26,200,u16
u16_2013-05-27,738,u16
u16_2013-05-28,424,u16
u16_2013-05-29,23,u16
u17_2013-03-27,1066,u17
u17_2013-03-28,634,u17
u17_2013-03-29,661,u17
u17_2013-03-30,84,u17
u17_2013-03-31,0,u17
u17_2013-04-01,529,u17
u17_2013-04-02,503,u17
u17_2013-04-03,875,u17
u17_2013-04-04,776,u17
u17_2013-04-05,798,u17
u17_2013-04-06,822,u17
u17_2013-04-07,395,u17
u17_2013-04-08,464,u17
u17_2013-04-09,0,u17
u17_2013-04-10,526,u17
u17_2013-04-11,626,u17
u17_2013-04-12,329,u17
u17_2013-04-13,0,u17
u17_2013-04-14,590,u17
u17_2013-04-15,987,u17
u17_2013-04-16,576,u17
u17_2013-04-17,401,u17
u17_2013-04-18,1149,u17
u17_2013-04-19,1005,u17
u17_2013-04-20,196,u17
u17_2013-04-21,530,u17
u17_2013-04-22,497,u17
u17_2013-04-23,916,u17
u17_2013-04-24,674,u17
u17_2013-04-25,1025,u17
u17_2013-04-26,2100,u17
u17_2013-04-27,531,u17
u17_2013-04-28,6,u17
u17_2013-04-29,753,u17
u17_2013-04-30,283,u17
u17_2013-05-01,695,u17
u17_2013-05-02,662,u17
u17_2013-05-03,532,u17
u17_2013-05-04,228,u17
u17_2013-05-05,405,u17
u17_2013-05-06,1147,u17
u17_2013-05-07,1068,u17
u17_2013-05-08,862,u17
u17_2013-05-09,513,u17
u17_2013-05-10,0,u17
u17_2013-05-11,414,u17
u17_2013-05-12,412,u17
u17_2013-05-13,1111,u17
u17_2013-05-14,1120,u17
u17_2013-05-15,520,u17
u17_2013-05-16,0,u17
u17_2013-05-17,589,u17
u17_2013-05-18,0,u17
u17_2013-05-19,0,u17
u17_2013-05-20,737,u17
u17_2013-05-21,337,u17
u17_2013-05-22,1588,u17
u17_2013-05-23,891,u17
u17_2013-05-24,1637,u17
u17_2013-05-25,414,u17
u17_2013-05-26,0,u17
u17_2013-05-27,0,u17
u17_2013-05-28,448,u17
u17_2013-05-29,1186,u17
u17_2013-05-30,0,u17
u17_2013-05-31,7605,u17
u18_2013-03-27,512,u18
u18_2013-03-28,254,u18
u18_2013-03-29,579,u18
u18_2013-03-30,797,u18
u18_2013-03-31,445,u18
u18_2013-04-01,273,u18
u18_2013-04-02,592,u18
u18_2013-04-03,1002,u18
u18_2013-04-04,0,u18
u18_2013-04-05,344,u18
u18_2013-04-06,3102,u18
u18_2013-04-07,66,u18
u18_2013-04-08,1142,u18
u18_2013-04-09,361,u18
u18_2013-04-10,775,u18
u18_2013-04-11,1374,u18
u18_2013-04-12,1599,u18
u18_2013-04-13,132,u18
u18_2013-04-14,606,u18
u18_2013-04-15,505,u18
u18_2013-04-16,954,u18
u18_2013-04-17,963,u18
u18_2013-04-18,885,u18
u18_2013-04-19,166,u18
u18_2013-04-20,564,u18
u18_2013-04-21,531,u18
u18_2013-04-22,90,u18
u18_2013-04-23,1484,u18
u18_2013-04-24,407,u18
u18_2013-04-25,629,u18
u18_2013-04-26,3424,u18
u18_2013-04-27,0,u18
u18_2013-04-28,3309,u18
u18_2013-04-29,798,u18
u18_2013-04-30,353,u18
u18_2013-05-01,165,u18
u18_2013-05-02,394,u18
u18_2013-05-03,391,u18
u18_2013-05-04,104,u18
u18_2013-05-05,39,u18
u18_2013-05-06,380,u18
u18_2013-05-07,409,u18
u18_2013-05-08,66,u18
u18_2013-05-09,0,u18
u18_2013-05-10,0,u18
u18_2013-05-11,0,u18
u18_2013-05-12,0,u18
u18_2013-05-13,0,u18
u18_2013-05-14,280,u18
u18_2013-05-15,242,u18
u18_2013-05-16,596,u18
u18_2013-05-17,0,u18
u18_2013-05-18,266,u18
u18_2013-05-19,34,u18
u18_2013-05-20,285,u18
u18_2013-05-21,3,u18
u18_2013-05-22,0,u18
u18_2013-05-23,420,u18
u18_2013-05-24,23,u18
u18_2013-05-25,244,u18
u18_2013-05-26,369,u18
u18_2013-05-27,305,u18
u18_2013-05-28,0,u18
u18_2013-05-29,131,u18
u19_2013-03-27,488,u19
u19_2013-03-28,969,u19
u19_2013-03-29,667,u19
u19_2013-03-30,2137,u19
u19_2013-03-31,24,u19
u19_2013-04-01,998,u19
u19_2013-04-02,1301,u19
u19_2013-04-03,1047,u19
u19_2013-04-04,680,u19
u19_2013-04-05,720,u19
u19_2013-04-06,308,u19
u19_2013-04-07,514,u19
u19_2013-04-08,588,u19
u19_2013-04-09,950,u19
u19_2013-04-10,901,u19
u19_2013-04-11,707,u19
u19_2013-04-12,336,u19
u19_2013-04-13,503,u19
u19_2013-04-14,606,u19
u19_2013-04-15,625,u19
u19_2013-04-16,688,u19
u19_2013-04-17,1523,u19
u19_2013-04-18,2214,u19
u19_2013-04-19,323,u19
u19_2013-04-20,44,u19
u19_2013-04-21,121,u19
u19_2013-04-22,405,u19
u19_2013-04-23,587,u19
u19_2013-04-24,577,u19
u19_2013-04-25,899,u19
u19_2013-04-26,1470,u19
u19_2013-04-27,223,u19
u19_2013-04-28,240,u19
u19_2013-04-29,631,u19
u19_2013-04-30,227,u19
u19_2013-05-01,942,u19
u19_2013-05-02,1051,u19
u19_2013-05-03,785,u19
u19_2013-05-04,1171,u19
u19_2013-05-05,837,u19
u19_2013-05-06,307,u19
u19_2013-05-07,317,u19
u19_2013-05-08,1092,u19
u19_2013-05-09,904,u19
u19_2013-05-10,876,u19
u19_2013-05-11,341,u19
u19_2013-05-12,273,u19
u19_2013-05-13,201,u19
u19_2013-05-14,325,u19
u19_2013-05-15,803,u19
u19_2013-05-16,590,u19
u19_2013-05-17,647,u19
u19_2013-05-18,606,u19
u19_2013-05-19,1001,u19
u19_2013-05-20,738,u19
u19_2013-05-21,874,u19
u19_2013-05-22,150,u19
u19_2013-05-23,669,u19
u19_2013-05-24,196,u19
u19_2013-05-25,223,u19
u19_2013-05-26,156,u19
u19_2013-05-27,88,u19
u19_2013-05-28,328,u19
u19_2013-05-29,656,u19
u19_2013-05-30,4261,u19
u19_2013-05-31,628,u19
u20_2013-03-27,1041,u20
u20_2013-03-28,510,u20
u20_2013-03-29,897,u20
u20_2013-03-30,0,u20
u20_2013-03-31,353,u20
u20_2013-04-01,933,u20
u20_2013-04-02,933,u20
u20_2013-04-03,446,u20
u20_2013-04-04,182,u20
u20_2013-04-05,0,u20
u20_2013-04-06,39,u20
u20_2013-04-07,238,u20
u20_2013-04-08,1,u20
u20_2013-04-09,520,u20
u20_2013-04-10,140,u20
u20_2013-04-11,337,u20
u20_2013-04-12,419,u20
u20_2013-04-13,180,u20
u20_2013-04-14,30,u20
u20_2013-04-15,0,u20
u20_2013-04-16,0,u20
u20_2013-04-17,0,u20
u20_2013-04-18,0,u20
u20_2013-04-19,0,u20
u20_2013-04-20,0,u20
u20_2013-04-21,146,u20
u20_2013-04-22,180,u20
u20_2013-04-23,405,u20
u20_2013-04-24,647,u20
u20_2013-04-25,322,u20
u20_2013-04-26,583,u20
u20_2013-04-27,767,u20
u20_2013-04-28,1611,u20
u20_2013-04-29,647,u20
u20_2013-04-30,414,u20
u20_2013-05-01,0,u20
u20_2013-05-02,0,u20
u20_2013-05-03,0,u20
u20_2013-05-04,444,u20
u20_2013-05-05,47,u20
u20_2013-05-06,487,u20
u20_2013-05-07,331,u20
u20_2013-05-08,203,u20
u20_2013-05-09,0,u20
u20_2013-05-10,94,u20
u20_2013-05-11,241,u20
u20_2013-05-12,94,u20
u20_2013-05-13,107,u20
u20_2013-05-14,375,u20
u20_2013-05-15,193,u20
u20_2013-05-16,0,u20
u20_2013-05-17,1460,u20
u20_2013-05-18,18,u20
u20_2013-05-19,416,u20
u20_2013-05-20,0,u20
u20_2013-05-21,4,u20
u22_2013-03-27,644,u22
u22_2013-03-28,931,u22
u22_2013-03-29,738,u22
u22_2013-03-30,624,u22
u22_2013-03-31,514,u22
u22_2013-04-01,375,u22
u22_2013-04-02,1009,u22
u22_2013-04-03,669,u22
u22_2013-04-04,997,u22
u22_2013-04-05,1347,u22
u22_2013-04-06,706,u22
u22_2013-04-07,870,u22
u22_2013-04-08,585,u22
u22_2013-04-09,995,u22
u22_2013-04-10,704,u22
u22_2013-04-11,996,u22
u22_2013-04-12,603,u22
u22_2013-04-13,1572,u22
u22_2013-04-14,894,u22
u22_2013-04-15,705,u22
u22_2013-04-16,1146,u22
u22_2013-04-17,346,u22
u22_2013-04-18,1143,u22
u22_2013-04-19,504,u22
u22_2013-04-20,643,u22
u22_2013-04-21,680,u22
u22_2013-04-22,352,u22
u22_2013-04-23,491,u22
u22_2013-04-24,387,u22
u22_2013-04-25,299,u22
u22_2013-04-26,0,u22
u22_2013-04-27,163,u22
u22_2013-04-28,1213,u22
u22_2013-04-29,18,u22
u22_2013-04-30,0,u22
u22_2013-05-01,0,u22
u22_2013-05-02,0,u22
u22_2013-05-03,29,u22
u22_2013-05-04,146,u22
u22_2013-05-05,651,u22
u22_2013-05-06,133,u22
u22_2013-05-07,469,u22
u22_2013-05-08,109,u22
u22_2013-05-09,715,u22
u22_2013-05-10,1105,u22
u22_2013-05-11,475,u22
u22_2013-05-12,595,u22
u22_2013-05-13,258,u22
u22_2013-05-14,568,u22
u22_2013-05-15,1289,u22
u22_2013-05-16,8891,u22
u22_2013-05-17,1468,u22
u22_2013-05-18,515,u22
u22_2013-05-19,1229,u22
u22_2013-05-20,305,u22
u22_2013-05-21,712,u22
u22_2013-05-22,1444,u22
u22_2013-05-23,2837,u22
u22_2013-05-24,1659,u22
u22_2013-05-25,903,u22
u22_2013-05-26,13,u22
u22_2013-05-27,2897,u22
u22_2013-05-28,442,u22
u22_2013-05-29,0,u22
u22_2013-05-30,1401,u22
u22_2013-05-31,730,u22
u23_2013-03-27,1113,u23
u23_2013-03-28,821,u23
u23_2013-03-29,867,u23
u23_2013-03-30,170,u23
u23_2013-03-31,700,u23
u23_2013-04-01,203,u23
u23_2013-04-02,623,u23
u23_2013-04-03,1214,u23
u23_2013-04-04,301,u23
u23_2013-04-05,678,u23
u23_2013-04-06,1315,u23
u23_2013-04-07,479,u23
u23_2013-04-08,381,u23
u23_2013-04-09,374,u23
u23_2013-04-10,340,u23
u23_2013-04-11,576,u23
u23_2013-04-12,500,u23
u23_2013-04-13,904,u23
u23_2013-04-14,289,u23
u23_2013-04-15,0,u23
u23_2013-04-16,331,u23
u23_2013-04-17,154,u23
u23_2013-04-18,191,u23
u23_2013-04-19,381,u23
u23_2013-04-20,623,u23
u23_2013-04-21,620,u23
u23_2013-04-22,594,u23
u23_2013-04-23,270,u23
u23_2013-04-24,606,u23
u23_2013-04-25,324,u23
u23_2013-04-26,331,u23
u23_2013-04-27,552,u23
u23_2013-04-28,932,u23
u23_2013-04-29,291,u23
u23_2013-04-30,536,u23
u23_2013-05-01,565,u23
u23_2013-05-02,531,u23
u23_2013-05-03,1160,u23
u23_2013-05-04,210,u23
u23_2013-05-05,495,u23
u23_2013-05-06,431,u23
u23_2013-05-07,387,u23
u23_2013-05-08,518,u23
u23_2013-05-09,316,u23
u23_2013-05-10,292,u23
u23_2013-05-11,333,u23
u23_2013-05-12,30,u23
u23_2013-05-13,46,u23
u23_2013-05-14,455,u23
u23_2013-05-15,64,u23
u23_2013-05-16,17,u23
u23_2013-05-17,82,u23
u23_2013-05-18,165,u23
u23_2013-05-19,96,u23
u23_2013-05-20,12,u23
u23_2013-05-21,28,u23
u23_2013-05-22,319,u23
u24_2013-03-27,747,u24
u24_2013-03-28,1111,u24
u24_2013-03-29,1197,u24
u24_2013-03-30,2353,u24
u24_2013-03-31,352,u24
u24_2013-04-01,375,u24
u24_2013-04-02,135,u24
u24_2013-04-03,1646,u24
u24_2013-04-04,191,u24
u24_2013-04-05,1144,u24
u24_2013-04-06,608,u24
u24_2013-04-07,446,u24
u24_2013-04-08,586,u24
u24_2013-04-09,142,u24
u24_2013-04-10,169,u24
u24_2013-04-11,938,u24
u24_2013-04-12,1392,u24
u24_2013-04-13,747,u24
u24_2013-04-14,597,u24
u24_2013-04-15,1107,u24
u24_2013-04-16,579,u24
u24_2013-04-17,864,u24
u24_2013-04-18,873,u24
u24_2013-04-19,1381,u24
u24_2013-04-20,643,u24
u24_2013-04-21,618,u24
u24_2013-04-22,508,u24
u24_2013-04-23,485,u24
u24_2013-04-24,2436,u24
u24_2013-04-25,702,u24
u24_2013-04-26,156,u24
u24_2013-04-27,0,u24
u25_2013-03-27,958,u25
u25_2013-03-28,1099,u25
u25_2013-03-29,716,u25
u25_2013-03-30,4332,u25
u25_2013-03-31,2922,u25
u25_2013-04-01,562,u25
u25_2013-04-02,1428,u25
u25_2013-04-03,2171,u25
u25_2013-04-04,1068,u25
u25_2013-04-05,1332,u25
u25_2013-04-06,1630,u25
u25_2013-04-07,4470,u25
u25_2013-04-08,1161,u25
u25_2013-04-09,1085,u25
u25_2013-04-10,779,u25
u25_2013-04-11,1517,u25
u25_2013-04-12,4021,u25
u25_2013-04-13,1184,u25
u25_2013-04-14,823,u25
u25_2013-04-15,1449,u25
u25_2013-04-16,0,u25
u25_2013-04-17,875,u25
u25_2013-04-18,1171,u25
u25_2013-04-19,1337,u25
u25_2013-04-20,1215,u25
u25_2013-04-21,871,u25
u25_2013-04-22,923,u25
u25_2013-04-23,1642,u25
u25_2013-04-24,1006,u25
u25_2013-04-25,898,u25
u25_2013-04-26,718,u25
u25_2013-04-27,259,u25
u25_2013-04-28,545,u25
u25_2013-04-29,538,u25
u25_2013-04-30,0,u25
u25_2013-05-01,35,u25
u25_2013-05-02,748,u25
u25_2013-05-03,2228,u25
u25_2013-05-04,171,u25
u25_2013-05-05,4938,u25
u25_2013-05-06,0,u25
u25_2013-05-07,0,u25
u25_2013-05-08,0,u25
u25_2013-05-09,0,u25
u25_2013-05-10,0,u25
u25_2013-05-11,0,u25
u25_2013-05-12,27,u25
u25_2013-05-13,0,u25
u25_2013-05-14,453,u25
u25_2013-05-15,431,u25
u25_2013-05-16,0,u25
u25_2013-05-17,0,u25
u25_2013-05-18,0,u25
u25_2013-05-19,0,u25
u25_2013-05-20,0,u25
u25_2013-05-21,0,u25
u25_2013-05-22,0,u25
u25_2013-05-23,0,u25
u25_2013-05-24,764,u25
u25_2013-05-25,0,u25
u25_2013-05-26,24,u25
u25_2013-05-27,17,u25
u25_2013-05-28,236,u25
u27_2013-03-27,673,u27
u27_2013-03-28,582,u27
u27_2013-03-29,133,u27
u27_2013-03-30,1068,u27
u27_2013-03-31,558,u27
u27_2013-04-01,381,u27
u27_2013-04-02,1931,u27
u27_2013-04-03,541,u27
u27_2013-04-04,1264,u27
u27_2013-04-05,87,u27
u27_2013-04-06,13,u27
u27_2013-04-07,291,u27
u27_2013-04-08,0,u27
u27_2013-04-09,755,u27
u27_2013-04-10,496,u27
u27_2013-04-11,1011,u27
u27_2013-04-12,363,u27
u27_2013-04-13,597,u27
u27_2013-04-14,721,u27
u27_2013-04-15,992,u27
u27_2013-04-16,1276,u27
u27_2013-04-17,4039,u27
u27_2013-04-18,1648,u27
u27_2013-04-19,737,u27
u27_2013-04-20,1001,u27
u27_2013-04-21,868,u27
u27_2013-04-22,350,u27
u27_2013-04-23,1522,u27
u27_2013-04-24,675,u27
u27_2013-04-25,755,u27
u27_2013-04-26,468,u27
u27_2013-04-27,559,u27
u27_2013-04-28,996,u27
u27_2013-04-29,435,u27
u27_2013-04-30,682,u27
u27_2013-05-01,966,u27
u27_2013-05-02,880,u27
u27_2013-05-03,664,u27
u27_2013-05-04,283,u27
u27_2013-05-05,461,u27
u27_2013-05-06,195,u27
u27_2013-05-07,876,u27
u27_2013-05-08,177,u27
u27_2013-05-09,255,u27
u27_2013-05-10,361,u27
u27_2013-05-11,234,u27
u27_2013-05-12,142,u27
u27_2013-05-13,26,u27
u27_2013-05-14,985,u27
u27_2013-05-15,365,u27
u27_2013-05-16,194,u27
u27_2013-05-17,466,u27
u27_2013-05-18,555,u27
u27_2013-05-19,480,u27
u27_2013-05-20,730,u27
u27_2013-05-21,330,u27
u27_2013-05-22,370,u27
u27_2013-05-23,127,u27
u27_2013-05-24,322,u27
u27_2013-05-25,187,u27
u27_2013-05-26,766,u27
u27_2013-05-27,720,u27
u27_2013-05-28,858,u27
u27_2013-05-29,102,u27
u27_2013-05-30,272,u27
u27_2013-05-31,448,u27
u30_2013-03-27,1478,u30
u30_2013-03-28,1297,u30
u30_2013-03-29,6592,u30
u30_2013-03-30,805,u30
u30_2013-03-31,5108,u30
u30_2013-04-01,1841,u30
u30_2013-04-02,971,u30
u30_2013-04-03,1237,u30
u30_2013-04-04,523,u30
u30_2013-04-05,6754,u30
u30_2013-04-06,334,u30
u30_2013-04-07,4528,u30
u30_2013-04-08,804,u30
u30_2013-04-09,1198,u30
u30_2013-04-10,1809,u30
u30_2013-04-11,2735,u30
u30_2013-04-12,6404,u30
u30_2013-04-13,1032,u30
u30_2013-04-14,4445,u30
u30_2013-04-15,455,u30
u30_2013-04-16,626,u30
u30_2013-04-17,779,u30
u30_2013-04-18,588,u30
u30_2013-04-19,5321,u30
u30_2013-04-20,645,u30
u30_2013-04-21,3737,u30
u30_2013-04-22,464,u30
u30_2013-04-23,500,u30
u30_2013-04-24,1010,u30
u30_2013-04-25,655,u30
u30_2013-04-26,5663,u30
u30_2013-04-27,300,u30
u30_2013-04-28,4155,u30
u30_2013-04-29,568,u30
u30_2013-04-30,377,u30
u30_2013-05-01,494,u30
u30_2013-05-02,784,u30
u30_2013-05-03,1239,u30
u30_2013-05-04,264,u30
u30_2013-05-05,712,u30
u30_2013-05-06,762,u30
u30_2013-05-07,683,u30
u30_2013-05-08,1697,u30
u30_2013-05-09,481,u30
u30_2013-05-10,6102,u30
u30_2013-05-11,22,u30
u30_2013-05-12,5239,u30
u30_2013-05-13,373,u30
u30_2013-05-14,457,u30
u30_2013-05-15,133,u30
u30_2013-05-16,10,u30
u30_2013-05-17,0,u30
u30_2013-05-18,0,u30
u30_2013-05-19,225,u30
u30_2013-05-20,449,u30
u30_2013-05-21,558,u30
u30_2013-05-22,864,u30
u30_2013-05-23,330,u30
u30_2013-05-24,373,u30
u30_2013-05-25,717,u30
u30_2013-05-26,88,u30
u30_2013-05-27,439,u30
u30_2013-05-28,1341,u30
u30_2013-05-29,449,u30
u30_2013-05-30,443,u30
u30_2013-05-31,253,u30
u31_2013-03-27,678,u31
u31_2013-03-28,1354,u31
u31_2013-03-29,374,u31
u31_2013-03-30,1411,u31
u31_2013-03-31,4315,u31
u31_2013-04-01,1230,u31
u31_2013-04-02,701,u31
u31_2013-04-03,962,u31
u31_2013-04-04,805,u31
u31_2013-04-05,1561,u31
u31_2013-04-06,690,u31
u31_2013-04-07,969,u31
u31_2013-04-08,869,u31
u31_2013-04-09,955,u31
u31_2013-04-10,1078,u31
u31_2013-04-11,1585,u31
u31_2013-04-12,2028,u31
u31_2013-04-13,3336,u31
u31_2013-04-14,968,u31
u31_2013-04-15,817,u31
u31_2013-04-16,953,u31
u31_2013-04-17,1026,u31
u31_2013-04-18,1313,u31
u31_2013-04-19,495,u31
u31_2013-04-20,1102,u31
u31_2013-04-21,1399,u31
u31_2013-04-22,921,u31
u31_2013-04-23,412,u31
u31_2013-04-24,725,u31
u31_2013-04-25,1264,u31
u31_2013-04-26,384,u31
u31_2013-04-27,594,u31
u31_2013-04-28,1318,u31
u31_2013-04-29,1153,u31
u31_2013-04-30,563,u31
u31_2013-05-01,882,u31
u31_2013-05-02,3728,u31
u31_2013-05-03,592,u31
u31_2013-05-04,487,u31
u31_2013-05-05,1680,u31
u31_2013-05-06,1192,u31
u31_2013-05-07,1405,u31
u31_2013-05-08,886,u31
u31_2013-05-09,1504,u31
u31_2013-05-10,3144,u31
u31_2013-05-11,619,u31
u31_2013-05-12,3747,u31
u31_2013-05-13,2216,u31
u31_2013-05-14,984,u31
u31_2013-05-15,558,u31
u31_2013-05-16,405,u31
u31_2013-05-17,446,u31
u31_2013-05-18,1776,u31
u31_2013-05-19,586,u31
u31_2013-05-20,2509,u31
u31_2013-05-21,1929,u31
u31_2013-05-22,872,u31
u31_2013-05-23,264,u31
u31_2013-05-24,535,u31
u31_2013-05-25,2520,u31
u31_2013-05-26,1210,u31
u31_2013-05-27,1009,u31
u31_2013-05-28,1869,u31
u31_2013-05-29,219,u31
u31_2013-05-30,138,u31
u32_2013-03-27,949,u32
u32_2013-03-28,2216,u32
u32_2013-03-29,501,u32
u32_2013-03-30,3088,u32
u32_2013-03-31,3827,u32
u32_2013-04-01,531,u32
u32_2013-04-02,644,u32
u32_2013-04-03,1338,u32
u32_2013-04-04,936,u32
u32_2013-04-05,782,u32
u32_2013-04-06,1632,u32
u32_2013-04-07,352,u32
u32_2013-04-08,473,u32
u32_2013-04-09,746,u32
u32_2013-04-10,1150,u32
u32_2013-04-11,1617,u32
u32_2013-04-12,1942,u32
u32_2013-04-13,677,u32
u32_2013-04-14,0,u32
u32_2013-04-15,0,u32
u32_2013-04-16,0,u32
u32_2013-04-17,698,u32
u32_2013-04-18,1819,u32
u32_2013-04-19,1955,u32
u32_2013-04-20,922,u32
u32_2013-04-21,256,u32
u32_2013-04-22,1157,u32
u32_2013-04-23,1547,u32
u32_2013-04-24,1395,u32
u32_2013-04-25,1397,u32
u32_2013-04-26,1448,u32
u32_2013-04-27,1872,u32
u32_2013-04-28,448,u32
u32_2013-04-29,1979,u32
u32_2013-04-30,651,u32
u32_2013-05-01,1734,u32
u32_2013-05-02,1133,u32
u32_2013-05-03,1199,u32
u32_2013-05-04,51,u32
u32_2013-05-05,82,u32
u32_2013-05-06,671,u32
u32_2013-05-07,1137,u32
u32_2013-05-08,805,u32
u32_2013-05-09,768,u32
u32_2013-05-10,1321,u32
u32_2013-05-11,4167,u32
u32_2013-05-12,4476,u32
u32_2013-05-13,474,u32
u32_2013-05-14,533,u32
u32_2013-05-15,1274,u32
u32_2013-05-16,2044,u32
u32_2013-05-17,2576,u32
u32_2013-05-18,2133,u32
u32_2013-05-19,380,u32
u32_2013-05-20,1323,u32
u32_2013-05-21,501,u32
u32_2013-05-22,961,u32
u32_2013-05-23,3151,u32
u32_2013-05-24,1785,u32
u32_2013-05-25,892,u32
u32_2013-05-26,4536,u32
u32_2013-05-27,969,u32
u32_2013-05-28,1584,u32
u32_2013-05-29,1591,u32
u32_2013-05-30,701,u32
u32_2013-05-31,808,u32
u33_2013-03-27,520,u33
u33_2013-03-28,1437,u33
u33_2013-03-29,740,u33
u33_2013-03-30,909,u33
u33_2013-03-31,1549,u33
u33_2013-04-01,541,u33
u33_2013-04-02,780,u33
u33_2013-04-03,560,u33
u33_2013-04-04,742,u33
u33_2013-04-05,596,u33
u33_2013-04-06,507,u33
u33_2013-04-07,768,u33
u33_2013-04-08,462,u33
u33_2013-04-09,664,u33
u33_2013-04-10,1199,u33
u33_2013-04-11,689,u33
u33_2013-04-12,351,u33
u33_2013-04-13,278,u33
u33_2013-04-14,589,u33
u33_2013-04-15,1014,u33
u33_2013-04-16,750,u33
u33_2013-04-17,1273,u33
u33_2013-04-18,778,u33
u33_2013-04-19,947,u33
u33_2013-04-20,230,u33
u33_2013-04-21,960,u33
u33_2013-04-22,919,u33
u33_2013-04-23,852,u33
u33_2013-04-24,723,u33
u33_2013-04-25,625,u33
u33_2013-04-26,1731,u33
u33_2013-04-27,1423,u33
u33_2013-04-28,551,u33
u33_2013-04-29,590,u33
u33_2013-04-30,1450,u33
u33_2013-05-01,570,u33
u33_2013-05-02,668,u33
u33_2013-05-03,1197,u33
u33_2013-05-04,455,u33
u33_2013-05-05,1346,u33
u33_2013-05-06,676,u33
u33_2013-05-07,757,u33
u33_2013-05-08,626,u33
u33_2013-05-09,577,u33
u33_2013-05-10,1736,u33
u33_2013-05-11,2090,u33
u33_2013-05-12,1561,u33
u33_2013-05-13,707,u33
u33_2013-05-14,167,u33
u33_2013-05-15,293,u33
u33_2013-05-16,676,u33
u33_2013-05-17,507,u33
u33_2013-05-18,0,u33
u33_2013-05-19,0,u33
u33_2013-05-20,0,u33
u33_2013-05-21,0,u33
u33_2013-05-22,259,u33
u33_2013-05-23,0,u33
u33_2013-05-24,0,u33
u33_2013-05-25,0,u33
u33_2013-05-26,0,u33
u33_2013-05-27,0,u33
u33_2013-05-28,0,u33
u33_2013-05-29,1956,u33
u34_2013-03-27,1106,u34
u34_2013-03-28,1545,u34
u34_2013-03-29,800,u34
u34_2013-03-30,0,u34
u34_2013-03-31,1196,u34
u34_2013-04-01,1428,u34
u34_2013-04-02,1786,u34
u34_2013-04-03,2329,u34
u34_2013-04-04,11837,u34
u34_2013-04-05,4570,u34
u34_2013-04-06,3807,u34
u34_2013-04-07,686,u34
u34_2013-04-08,1691,u34
u34_2013-04-09,2808,u34
u34_2013-04-10,0,u34
u34_2013-04-11,1318,u34
u34_2013-04-12,1431,u34
u34_2013-04-13,1830,u34
u34_2013-04-14,0,u34
u34_2013-04-15,12534,u34
u34_2013-04-16,984,u34
u34_2013-04-17,4668,u34
u34_2013-04-18,801,u34
u34_2013-04-19,6725,u34
u34_2013-04-20,899,u34
u34_2013-04-21,1397,u34
u34_2013-04-22,4705,u34
u34_2013-04-23,799,u34
u34_2013-04-24,881,u34
u34_2013-04-25,0,u34
u34_2013-04-26,0,u34
u34_2013-04-27,2438,u34
u34_2013-04-28,946,u34
u34_2013-04-29,1407,u34
u34_2013-04-30,109,u34
u34_2013-05-01,0,u34
u34_2013-05-02,0,u34
u34_2013-05-03,0,u34
u34_2013-05-04,0,u34
u34_2013-05-05,0,u34
u34_2013-05-06,89,u34
u34_2013-05-07,146,u34
u34_2013-05-08,945,u34
u34_2013-05-09,0,u34
u34_2013-05-10,240,u34
u34_2013-05-11,1327,u34
u34_2013-05-12,1117,u34
u34_2013-05-13,358,u34
u34_2013-05-14,1519,u34
u34_2013-05-15,870,u34
u34_2013-05-16,0,u34
u34_2013-05-17,0,u34
u34_2013-05-18,0,u34
u34_2013-05-19,2683,u34
u34_2013-05-20,589,u34
u34_2013-05-21,233,u34
u34_2013-05-22,0,u34
u34_2013-05-23,0,u34
u34_2013-05-24,0,u34
u34_2013-05-25,585,u34
u34_2013-05-26,664,u34
u34_2013-05-27,2012,u34
u34_2013-05-28,982,u34
u34_2013-05-29,0,u34
u35_2013-03-27,6,u35
u35_2013-03-28,214,u35
u35_2013-03-29,619,u35
u35_2013-03-30,780,u35
u35_2013-03-31,57,u35
u35_2013-04-01,237,u35
u35_2013-04-02,1280,u35
u35_2013-04-03,765,u35
u35_2013-04-04,571,u35
u35_2013-04-05,1110,u35
u35_2013-04-06,1878,u35
u35_2013-04-07,1,u35
u35_2013-04-08,1097,u35
u35_2013-04-09,1709,u35
u35_2013-04-10,1762,u35
u35_2013-04-11,1612,u35
u35_2013-04-12,224,u35
u35_2013-04-13,908,u35
u35_2013-04-14,667,u35
u35_2013-04-15,330,u35
u35_2013-04-16,1917,u35
u35_2013-04-17,1630,u35
u35_2013-04-18,1634,u35
u35_2013-04-19,1093,u35
u35_2013-04-20,0,u35
u35_2013-04-21,1749,u35
u35_2013-04-22,853,u35
u35_2013-04-23,1663,u35
u35_2013-04-24,1508,u35
u35_2013-04-25,0,u35
u35_2013-04-26,0,u35
u35_2013-04-27,1233,u35
u35_2013-04-28,1370,u35
u35_2013-04-29,1082,u35
u35_2013-04-30,0,u35
u35_2013-05-01,1419,u35
u35_2013-05-02,141,u35
u35_2013-05-03,1,u35
u35_2013-05-04,851,u35
u35_2013-05-05,107,u35
u35_2013-05-06,796,u35
u35_2013-05-07,1118,u35
u35_2013-05-08,0,u35
u35_2013-05-09,0,u35
u35_2013-05-10,825,u35
u35_2013-05-11,1443,u35
u35_2013-05-12,815,u35
u35_2013-05-13,123,u35
u35_2013-05-14,150,u35
u35_2013-05-15,1338,u35
u35_2013-05-16,0,u35
u35_2013-05-17,0,u35
u35_2013-05-18,6,u35
u35_2013-05-19,713,u35
u35_2013-05-20,222,u35
u35_2013-05-21,0,u35
u35_2013-05-22,0,u35
u35_2013-05-23,0,u35
u35_2013-05-24,1232,u35
u35_2013-05-25,453,u35
u35_2013-05-26,165,u35
u35_2013-05-27,2306,u35
u35_2013-05-28,1301,u35
u35_2013-05-29,642,u35
u35_2013-05-30,772,u35
u35_2013-05-31,834,u35
u36_2013-03-27,0,u36
u36_2013-03-28,409,u36
u36_2013-03-29,1190,u36
u36_2013-03-30,1717,u36
u36_2013-03-31,885,u36
u36_2013-04-01,1554,u36
u36_2013-04-02,1118,u36
u36_2013-04-03,1156,u36
u36_2013-04-04,492,u36
u36_2013-04-05,1393,u36
u36_2013-04-06,451,u36
u36_2013-04-07,1008,u36
u36_2013-04-08,1082,u36
u36_2013-04-09,884,u36
u36_2013-04-10,1022,u36
u36_2013-04-11,773,u36
u36_2013-04-12,824,u36
u36_2013-04-13,1388,u36
u36_2013-04-14,1503,u36
u36_2013-04-15,506,u36
u36_2013-04-16,843,u36
u36_2013-04-17,1150,u36
u36_2013-04-18,3731,u36
u36_2013-04-19,1697,u36
u36_2013-04-20,4283,u36
u36_2013-04-21,2114,u36
u36_2013-04-22,5518,u36
u36_2013-04-23,3338,u36
u36_2013-04-24,4397,u36
u36_2013-04-25,920,u36
u36_2013-04-26,192,u36
u36_2013-04-27,1296,u36
u36_2013-04-28,1622,u36
u36_2013-04-29,332,u36
u36_2013-04-30,958,u36
u36_2013-05-01,1659,u36
u36_2013-05-02,1533,u36
u36_2013-05-03,767,u36
u36_2013-05-04,4274,u36
u36_2013-05-05,686,u36
u36_2013-05-06,1554,u36
u36_2013-05-07,1422,u36
u36_2013-05-08,1092,u36
u36_2013-05-09,1160,u36
u36_2013-05-10,1464,u36
u36_2013-05-11,736,u36
u36_2013-05-12,1558,u36
u36_2013-05-13,1137,u36
u36_2013-05-14,1018,u36
u36_2013-05-15,1152,u36
u36_2013-05-16,2081,u36
u36_2013-05-17,1628,u36
u36_2013-05-18,491,u36
u36_2013-05-19,256,u36
u36_2013-05-20,1147,u36
u36_2013-05-21,290,u36
u36_2013-05-22,565,u36
u36_2013-05-23,464,u36
u36_2013-05-24,2203,u36
u36_2013-05-25,714,u36
u36_2013-05-26,1891,u36
u36_2013-05-27,987,u36
u36_2013-05-28,354,u36
u36_2013-05-29,815,u36
u36_2013-05-30,1912,u36
u36_2013-05-31,1428,u36
u39_2013-03-27,3,u39
u39_2013-03-28,339,u39
u39_2013-03-29,0,u39
u39_2013-03-30,0,u39
u39_2013-03-31,0,u39
u39_2013-04-01,15,u39
u39_2013-04-02,384,u39
u39_2013-04-03,3,u39
u39_2013-04-04,0,u39
u39_2013-04-05,0,u39
u39_2013-04-06,0,u39
u39_2013-04-07,0,u39
u39_2013-04-08,0,u39
u39_2013-04-09,422,u39
u39_2013-04-10,0,u39
u39_2013-04-11,0,u39
u39_2013-04-12,6,u39
u39_2013-04-13,15,u39
u39_2013-04-14,189,u39
u39_2013-04-15,454,u39
u39_2013-04-16,262,u39
u39_2013-04-17,0,u39
u39_2013-04-18,0,u39
u39_2013-04-19,0,u39
u39_2013-04-20,0,u39
u39_2013-04-21,0,u39
u39_2013-04-22,0,u39
u39_2013-04-23,114,u39
u39_2013-04-24,538,u39
u39_2013-04-25,0,u39
u41_2013-03-27,0,u41
u41_2013-03-28,190,u41
u41_2013-03-29,1223,u41
u41_2013-03-30,148,u41
u41_2013-03-31,616,u41
u41_2013-04-01,755,u41
u41_2013-04-02,212,u41
u41_2013-04-03,689,u41
u41_2013-04-04,449,u41
u41_2013-04-05,370,u41
u41_2013-04-06,96,u41
u41_2013-04-07,36,u41
u41_2013-04-08,7,u41
u41_2013-04-09,420,u41
u41_2013-04-10,938,u41
u41_2013-04-11,469,u41
u41_2013-04-12,464,u41
u41_2013-04-13,260,u41
u41_2013-04-14,56,u41
u41_2013-04-15,325,u41
u41_2013-04-16,463,u41
u41_2013-04-17,0,u41
u41_2013-04-18,0,u41
u41_2013-04-19,192,u41
u41_2013-04-20,493,u41
u41_2013-04-21,508,u41
u41_2013-04-22,656,u41
u41_2013-04-23,499,u41
u41_2013-04-24,552,u41
u41_2013-04-25,596,u41
u41_2013-04-26,291,u41
u41_2013-04-27,380,u41
u41_2013-04-28,456,u41
u41_2013-04-29,392,u41
u41_2013-04-30,636,u41
u41_2013-05-01,325,u41
u41_2013-05-02,0,u41
u41_2013-05-03,0,u41
u41_2013-05-04,0,u41
u41_2013-05-05,0,u41
u41_2013-05-06,0,u41
u41_2013-05-07,6,u41
u41_2013-05-08,410,u41
u41_2013-05-09,0,u41
u41_2013-05-10,227,u41
u41_2013-05-11,298,u41
u41_2013-05-12,307,u41
u41_2013-05-13,555,u41
u41_2013-05-14,0,u41
u41_2013-05-15,0,u41
u41_2013-05-16,0,u41
u41_2013-05-17,0,u41
u41_2013-05-18,0,u41
u41_2013-05-19,0,u41
u41_2013-05-20,191,u41
u41_2013-05-21,415,u41
u41_2013-05-22,98,u41
u41_2013-05-23,0,u41
u41_2013-05-24,299,u41
u41_2013-05-25,72,u41
u41_2013-05-26,257,u41
u41_2013-05-27,258,u41
u41_2013-05-28,233,u41
u41_2013-05-29,517,u41
u41_2013-05-30,0,u41
u42_2013-03-27,0,u42
u42_2013-03-28,0,u42
u42_2013-03-29,0,u42
u42_2013-03-30,0,u42
u42_2013-03-31,0,u42
u42_2013-04-01,3898,u42
u42_2013-04-02,1985,u42
u42_2013-04-03,718,u42
u42_2013-04-04,1678,u42
u42_2013-04-05,4666,u42
u42_2013-04-06,1004,u42
u42_2013-04-07,242,u42
u42_2013-04-08,918,u42
u42_2013-04-09,1057,u42
u42_2013-04-10,731,u42
u42_2013-04-11,1400,u42
u42_2013-04-12,897,u42
u42_2013-04-13,1034,u42
u42_2013-04-14,204,u42
u42_2013-04-15,527,u42
u42_2013-04-16,1145,u42
u42_2013-04-17,3191,u42
u42_2013-04-18,993,u42
u42_2013-04-19,473,u42
u42_2013-04-20,199,u42
u42_2013-04-21,830,u42
u42_2013-04-22,858,u42
u42_2013-04-23,531,u42
u42_2013-04-24,277,u42
u42_2013-04-25,249,u42
u42_2013-04-26,460,u42
u42_2013-04-27,311,u42
u42_2013-04-28,389,u42
u42_2013-04-29,1008,u42
u42_2013-04-30,1075,u42
u42_2013-05-01,741,u42
u42_2013-05-02,621,u42
u42_2013-05-03,182,u42
u42_2013-05-04,404,u42
u42_2013-05-05,570,u42
u42_2013-05-06,1690,u42
u42_2013-05-07,1048,u42
u42_2013-05-08,228,u42
u42_2013-05-09,296,u42
u42_2013-05-10,68,u42
u42_2013-05-11,448,u42
u42_2013-05-12,396,u42
u42_2013-05-13,1054,u42
u42_2013-05-14,1957,u42
u42_2013-05-15,0,u42
u42_2013-05-16,0,u42
u42_2013-05-17,0,u42
u42_2013-05-18,18,u42
u42_2013-05-19,14,u42
u42_2013-05-20,458,u42
u42_2013-05-21,474,u42
u43_2013-03-27,9,u43
u43_2013-03-28,0,u43
u43_2013-03-29,0,u43
u43_2013-03-30,0,u43
u43_2013-03-31,135,u43
u43_2013-04-01,1302,u43
u43_2013-04-02,718,u43
u43_2013-04-03,1340,u43
u43_2013-04-04,856,u43
u43_2013-04-05,2664,u43
u43_2013-04-06,1362,u43
u43_2013-04-07,2834,u43
u43_2013-04-08,994,u43
u43_2013-04-09,724,u43
u43_2013-04-10,1601,u43
u43_2013-04-11,773,u43
u43_2013-04-12,489,u43
u43_2013-04-13,569,u43
u43_2013-04-14,1127,u43
u43_2013-04-15,1141,u43
u43_2013-04-16,561,u43
u43_2013-04-17,1695,u43
u43_2013-04-18,2104,u43
u43_2013-04-19,3458,u43
u43_2013-04-20,2495,u43
u43_2013-04-21,1818,u43
u43_2013-04-22,830,u43
u43_2013-04-23,690,u43
u43_2013-04-24,1978,u43
u43_2013-04-25,1317,u43
u43_2013-04-26,3386,u43
u43_2013-04-27,250,u43
u43_2013-04-28,2677,u43
u43_2013-04-29,1062,u43
u43_2013-04-30,1293,u43
u43_2013-05-01,859,u43
u43_2013-05-02,1569,u43
u43_2013-05-03,263,u43
u43_2013-05-04,188,u43
u43_2013-05-05,330,u43
u43_2013-05-06,626,u43
u43_2013-05-07,592,u43
u43_2013-05-08,100,u43
u43_2013-05-09,506,u43
u43_2013-05-10,1421,u43
u43_2013-05-11,1643,u43
u43_2013-05-12,427,u43
u43_2013-05-13,573,u43
u43_2013-05-14,263,u43
u43_2013-05-15,283,u43
u43_2013-05-16,0,u43
u43_2013-05-17,64,u43
u43_2013-05-18,131,u43
u43_2013-05-19,652,u43
u43_2013-05-20,2012,u43
u43_2013-05-21,1723,u43
u43_2013-05-22,4,u43
u43_2013-05-23,452,u43
u43_2013-05-24,509,u43
u43_2013-05-25,3066,u43
u43_2013-05-26,1004,u43
u43_2013-05-27,401,u43
u43_2013-05-28,674,u43
u44_2013-03-27,0,u44
u44_2013-03-28,0,u44
u44_2013-03-29,0,u44
u44_2013-03-30,0,u44
u44_2013-03-31,0,u44
u44_2013-04-01,57,u44
u44_2013-04-02,709,u44
u44_2013-04-03,414,u44
u44_2013-04-04,469,u44
u44_2013-04-05,346,u44
u44_2013-04-06,341,u44
u44_2013-04-07,560,u44
u44_2013-04-08,287,u44
u44_2013-04-09,577,u44
u44_2013-04-10,292,u44
u44_2013-04-11,274,u44
u44_2013-04-12,567,u44
u44_2013-04-13,107,u44
u44_2013-04-14,0,u44
u44_2013-04-15,549,u44
u44_2013-04-16,456,u44
u44_2013-04-17,720,u44
u44_2013-04-18,466,u44
u44_2013-04-19,436,u44
u44_2013-04-20,395,u44
u44_2013-04-21,281,u44
u44_2013-04-22,644,u44
u44_2013-04-23,1709,u44
u44_2013-04-24,587,u44
u44_2013-04-25,620,u44
u44_2013-04-26,89,u44
u44_2013-04-27,262,u44
u44_2013-04-28,384,u44
u44_2013-04-29,467,u44
u44_2013-04-30,689,u44
u44_2013-05-01,423,u44
u44_2013-05-02,395,u44
u44_2013-05-03,126,u44
u44_2013-05-04,73,u44
u44_2013-05-05,222,u44
u44_2013-05-06,120,u44
u44_2013-05-07,407,u44
u44_2013-05-08,403,u44
u44_2013-05-09,127,u44
u44_2013-05-10,347,u44
u44_2013-05-11,27,u44
u44_2013-05-12,6,u44
u44_2013-05-13,322,u44
u44_2013-05-14,802,u44
u44_2013-05-15,295,u44
u44_2013-05-16,222,u44
u44_2013-05-17,137,u44
u44_2013-05-18,746,u44
u44_2013-05-19,68,u44
u44_2013-05-20,233,u44
u44_2013-05-21,196,u44
u44_2013-05-22,443,u44
u44_2013-05-23,200,u44
u44_2013-05-24,310,u44
u44_2013-05-25,284,u44
u44_2013-05-26,124,u44
u44_2013-05-27,391,u44
u44_2013-05-28,0,u44
u44_2013-05-29,223,u44
u44_2013-05-30,206,u44
u44_2013-05-31,0,u44
u45_2013-03-27,0,u45
u45_2013-03-28,0,u45
u45_2013-03-29,0,u45
u45_2013-03-30,0,u45
u45_2013-03-31,0,u45
u45_2013-04-01,4116,u45
u45_2013-04-02,1892,u45
u45_2013-04-03,3571,u45
u45_2013-04-04,4468,u45
u45_2013-04-05,2192,u45
u45_2013-04-06,65,u45
u45_2013-04-07,1527,u45
u45_2013-04-08,1373,u45
u45_2013-04-09,419,u45
u45_2013-04-10,1850,u45
u45_2013-04-11,2447,u45
u45_2013-04-12,1499,u45
u45_2013-04-13,6240,u45
u45_2013-04-14,18200,u45
u45_2013-04-15,3535,u45
u45_2013-04-16,0,u45
u45_2013-04-17,2995,u45
u45_2013-04-18,3520,u45
u45_2013-04-19,0,u45
u45_2013-04-20,400,u45
u45_2013-04-21,720,u45
u45_2013-04-22,545,u45
u45_2013-04-23,515,u45
u45_2013-04-24,0,u45
u45_2013-04-25,0,u45
u45_2013-04-26,0,u45
u45_2013-04-27,654,u45
u45_2013-04-28,786,u45
u45_2013-04-29,1973,u45
u45_2013-04-30,655,u45
u45_2013-05-01,0,u45
u45_2013-05-02,0,u45
u45_2013-05-03,0,u45
u45_2013-05-04,2585,u45
u45_2013-05-05,946,u45
u45_2013-05-06,2081,u45
u45_2013-05-07,2020,u45
u45_2013-05-08,228,u45
u45_2013-05-09,144,u45
u45_2013-05-10,1567,u45
u45_2013-05-11,140,u45
u45_2013-05-12,876,u45
u45_2013-05-13,1528,u45
u45_2013-05-14,720,u45
u45_2013-05-15,231,u45
u45_2013-05-16,0,u45
u45_2013-05-17,811,u45
u45_2013-05-18,0,u45
u45_2013-05-19,1110,u45
u45_2013-05-20,1665,u45
u45_2013-05-21,521,u45
u45_2013-05-22,0,u45
u45_2013-05-23,0,u45
u45_2013-05-24,1383,u45
u45_2013-05-25,9,u45
u45_2013-05-26,1334,u45
u45_2013-05-27,4358,u45
u45_2013-05-28,5105,u45
u46_2013-03-27,27,u46
u46_2013-03-28,0,u46
u46_2013-03-29,0,u46
u46_2013-03-30,0,u46
u46_2013-03-31,2040,u46
u46_2013-04-01,1365,u46
u46_2013-04-02,1639,u46
u46_2013-04-03,2072,u46
u46_2013-04-04,2591,u46
u46_2013-04-05,2426,u46
u46_2013-04-06,1150,u46
u46_2013-04-07,1622,u46
u46_2013-04-08,1681,u46
u46_2013-04-09,1405,u46
u46_2013-04-10,2560,u46
u46_2013-04-11,1703,u46
u46_2013-04-12,1831,u46
u46_2013-04-13,1401,u46
u46_2013-04-14,2311,u46
u46_2013-04-15,1561,u46
u46_2013-04-16,1481,u46
u46_2013-04-17,1903,u46
u46_2013-04-18,1569,u46
u46_2013-04-19,2627,u46
u46_2013-04-20,1019,u46
u46_2013-04-21,1301,u46
u46_2013-04-22,1226,u46
u46_2013-04-23,1680,u46
u46_2013-04-24,2254,u46
u46_2013-04-25,2081,u46
u46_2013-04-26,4059,u46
u46_2013-04-27,4179,u46
u46_2013-04-28,1786,u46
u46_2013-04-29,1632,u46
u46_2013-04-30,928,u46
u46_2013-05-01,2038,u46
u46_2013-05-02,1976,u46
u46_2013-05-03,1973,u46
u46_2013-05-04,1776,u46
u46_2013-05-05,2852,u46
u46_2013-05-06,1696,u46
u46_2013-05-07,1637,u46
u46_2013-05-08,2019,u46
u46_2013-05-09,2321,u46
u46_2013-05-10,1968,u46
u46_2013-05-11,2331,u46
u46_2013-05-12,1582,u46
u46_2013-05-13,1645,u46
u46_2013-05-14,1816,u46
u46_2013-05-15,1829,u46
u46_2013-05-16,1692,u46
u46_2013-05-17,2410,u46
u46_2013-05-18,916,u46
u46_2013-05-19,1267,u46
u46_2013-05-20,2889,u46
u46_2013-05-21,2736,u46
u46_2013-05-22,2516,u46
u46_2013-05-23,21,u46
u47_2013-03-28,2230,u47
u47_2013-03-29,575,u47
u47_2013-03-30,242,u47
u47_2013-03-31,1032,u47
u47_2013-04-01,496,u47
u47_2013-04-02,0,u47
u47_2013-04-03,871,u47
u47_2013-04-04,537,u47
u47_2013-04-05,0,u47
u47_2013-04-06,0,u47
u47_2013-04-07,0,u47
u47_2013-04-08,104,u47
u47_2013-04-09,0,u47
u47_2013-04-10,446,u47
u47_2013-04-11,958,u47
u47_2013-04-12,1085,u47
u47_2013-04-13,257,u47
u47_2013-04-14,4958,u47
u47_2013-04-15,687,u47
u47_2013-04-16,353,u47
u47_2013-04-17,677,u47
u47_2013-04-18,708,u47
u47_2013-04-19,1133,u47
u47_2013-04-20,731,u47
u47_2013-04-21,451,u47
u47_2013-04-22,522,u47
u47_2013-04-23,84,u47
u47_2013-04-24,987,u47
u47_2013-04-25,0,u47
u47_2013-04-26,305,u47
u47_2013-04-27,721,u47
u47_2013-04-28,47,u47
u47_2013-04-29,669,u47
u47_2013-04-30,394,u47
u47_2013-05-01,0,u47
u47_2013-05-02,642,u47
u47_2013-05-03,937,u47
u47_2013-05-04,21,u47
u47_2013-05-05,705,u47
u47_2013-05-06,0,u47
u47_2013-05-07,0,u47
u47_2013-05-08,0,u47
u47_2013-05-09,0,u47
u47_2013-05-10,0,u47
u47_2013-05-11,182,u47
u47_2013-05-12,59,u47
u47_2013-05-13,0,u47
u47_2013-05-14,424,u47
u47_2013-05-15,0,u47
u47_2013-05-16,0,u47
u47_2013-05-17,893,u47
u47_2013-05-18,1344,u47
u47_2013-05-19,961,u47
u47_2013-05-20,2095,u47
u47_2013-05-21,1822,u47
u47_2013-05-22,2656,u47
u47_2013-05-23,1555,u47
u47_2013-05-24,892,u47
u47_2013-05-25,755,u47
u47_2013-05-26,975,u47
u47_2013-05-27,1987,u47
u47_2013-05-28,2565,u47
u47_2013-05-29,1163,u47
u49_2013-03-27,0,u49
u49_2013-03-28,690,u49
u49_2013-03-29,534,u49
u49_2013-03-30,1412,u49
u49_2013-03-31,953,u49
u49_2013-04-01,700,u49
u49_2013-04-02,544,u49
u49_2013-04-03,630,u49
u49_2013-04-04,506,u49
u49_2013-04-05,2825,u49
u49_2013-04-06,1409,u49
u49_2013-04-07,2694,u49
u49_2013-04-08,624,u49
u49_2013-04-09,576,u49
u49_2013-04-10,585,u49
u49_2013-04-11,517,u49
u49_2013-04-12,2116,u49
u49_2013-04-13,1074,u49
u49_2013-04-14,528,u49
u49_2013-04-15,413,u49
u49_2013-04-16,654,u49
u49_2013-04-17,786,u49
u49_2013-04-18,744,u49
u49_2013-04-19,463,u49
u49_2013-04-20,798,u49
u49_2013-04-21,307,u49
u49_2013-04-22,639,u49
u49_2013-04-23,587,u49
u49_2013-04-24,660,u49
u49_2013-04-25,807,u49
u49_2013-04-26,243,u49
u49_2013-04-27,888,u49
u49_2013-04-28,233,u49
u49_2013-04-29,644,u49
u49_2013-04-30,523,u49
u49_2013-05-01,607,u49
u49_2013-05-02,411,u49
u49_2013-05-03,310,u49
u49_2013-05-04,630,u49
u49_2013-05-05,312,u49
u49_2013-05-06,706,u49
u49_2013-05-07,768,u49
u49_2013-05-08,558,u49
u49_2013-05-09,591,u49
u49_2013-05-10,3504,u49
u49_2013-05-11,1686,u49
u49_2013-05-12,3619,u49
u49_2013-05-13,949,u49
u49_2013-05-14,988,u49
u49_2013-05-15,1238,u49
u49_2013-05-16,728,u49
u49_2013-05-17,499,u49
u49_2013-05-18,3505,u49
u49_2013-05-19,905,u49
u49_2013-05-20,989,u49
u49_2013-05-21,1122,u49
u49_2013-05-22,1335,u49
u49_2013-05-23,1079,u49
u49_2013-05-24,894,u49
u49_2013-05-25,1152,u49
u49_2013-05-26,1350,u49
u49_2013-05-27,1360,u49
u49_2013-05-28,1171,u49
u49_2013-05-29,1050,u49
u49_2013-05-30,1268,u49
u49_2013-05-31,964,u49
u50_2013-03-28,107,u50
u50_2013-03-29,253,u50
u50_2013-03-30,439,u50
u50_2013-03-31,272,u50
u50_2013-04-01,250,u50
u50_2013-04-02,268,u50
u50_2013-04-03,212,u50
u50_2013-04-04,1400,u50
u50_2013-04-05,768,u50
u50_2013-04-06,140,u50
u50_2013-04-07,213,u50
u50_2013-04-08,379,u50
u50_2013-04-09,138,u50
u50_2013-04-10,204,u50
u50_2013-04-11,96,u50
u50_2013-04-12,11095,u50
u50_2013-04-13,2025,u50
u50_2013-04-14,2033,u50
u50_2013-04-15,83,u50
u50_2013-04-16,330,u50
u50_2013-04-17,157,u50
u50_2013-04-18,239,u50
u50_2013-04-19,1267,u50
u50_2013-04-20,218,u50
u50_2013-04-21,0,u50
u50_2013-04-22,94,u50
u50_2013-04-23,192,u50
u50_2013-04-24,86,u50
u50_2013-04-25,0,u50
u50_2013-04-26,0,u50
u50_2013-04-27,142,u50
u50_2013-04-28,0,u50
u50_2013-04-29,0,u50
u50_2013-04-30,0,u50
u50_2013-05-01,0,u50
u50_2013-05-02,0,u50
u50_2013-05-03,0,u50
u50_2013-05-04,0,u50
u50_2013-05-05,0,u50
u50_2013-05-06,0,u50
u50_2013-05-07,0,u50
u50_2013-05-08,0,u50
u50_2013-05-09,73,u50
u50_2013-05-10,342,u50
u50_2013-05-11,75,u50
u50_2013-05-12,525,u50
u50_2013-05-13,203,u50
u50_2013-05-14,42,u50
u50_2013-05-15,0,u50
u50_2013-05-16,0,u50
u50_2013-05-17,0,u50
u50_2013-05-18,0,u50
u50_2013-05-19,0,u50
u50_2013-05-20,0,u50
u50_2013-05-21,0,u50
u50_2013-05-22,0,u50
u50_2013-05-23,0,u50
u50_2013-05-24,0,u50
u50_2013-05-25,0,u50
u50_2013-05-26,0,u50
u50_2013-05-27,0,u50
u50_2013-05-28,60,u50
u50_2013-05-29,0,u50
u50_2013-05-30,0,u50
u50_2013-05-31,201,u50
u51_2013-03-27,310,u51
u51_2013-03-28,1739,u51
u51_2013-03-29,1573,u51
u51_2013-03-30,1701,u51
u51_2013-03-31,806,u51
u51_2013-04-01,1235,u51
u51_2013-04-02,1372,u51
u51_2013-04-03,168,u51
u51_2013-04-04,1505,u51
u51_2013-04-05,2371,u51
u51_2013-04-06,3275,u51
u51_2013-04-07,1437,u51
u51_2013-04-08,460,u51
u51_2013-04-09,747,u51
u51_2013-04-10,1069,u51
u51_2013-04-11,1399,u51
u51_2013-04-12,1083,u51
u51_2013-04-13,1208,u51
u51_2013-04-14,887,u51
u51_2013-04-15,1110,u51
u51_2013-04-16,689,u51
u51_2013-04-17,794,u51
u51_2013-04-18,1038,u51
u51_2013-04-19,290,u51
u51_2013-04-20,1148,u51
u51_2013-04-21,483,u51
u51_2013-04-22,731,u51
u51_2013-04-23,1200,u51
u51_2013-04-24,1368,u51
u51_2013-04-25,1159,u51
u51_2013-04-26,796,u51
u51_2013-04-27,633,u51
u51_2013-04-28,566,u51
u51_2013-04-29,247,u51
u51_2013-04-30,591,u51
u51_2013-05-01,0,u51
u51_2013-05-02,630,u51
u51_2013-05-03,2007,u51
u51_2013-05-04,5695,u51
u51_2013-05-05,1184,u51
u51_2013-05-06,427,u51
u51_2013-05-07,239,u51
u51_2013-05-08,1013,u51
u51_2013-05-09,1422,u51
u51_2013-05-10,2445,u51
u51_2013-05-11,1121,u51
u51_2013-05-12,2353,u51
u51_2013-05-13,986,u51
u51_2013-05-14,1075,u51
u51_2013-05-15,1705,u51
u51_2013-05-16,1414,u51
u51_2013-05-17,841,u51
u51_2013-05-18,1092,u51
u51_2013-05-19,477,u51
u51_2013-05-20,1675,u51
u51_2013-05-21,539,u51
u51_2013-05-22,1624,u51
u51_2013-05-23,555,u51
u51_2013-05-24,2335,u51
u51_2013-05-25,2764,u51
u51_2013-05-26,2259,u51
u51_2013-05-27,946,u51
u51_2013-05-28,545,u51
u51_2013-05-29,1378,u51
u51_2013-05-30,2224,u51
u51_2013-05-31,820,u51
u52_2013-03-27,0,u52
u52_2013-03-28,539,u52
u52_2013-03-29,1147,u52
u52_2013-03-30,848,u52
u52_2013-03-31,734,u52
u52_2013-04-01,3229,u52
u52_2013-04-02,8801,u52
u52_2013-04-03,8152,u52
u52_2013-04-04,735,u52
u52_2013-04-05,530,u52
u52_2013-04-06,702,u52
u52_2013-04-07,846,u52
u52_2013-04-08,676,u52
u52_2013-04-09,624,u52
u52_2013-04-10,914,u52
u52_2013-04-11,590,u52
u52_2013-04-12,844,u52
u52_2013-04-13,1524,u52
u52_2013-04-14,887,u52
u52_2013-04-15,592,u52
u52_2013-04-16,353,u52
u52_2013-04-17,492,u52
u52_2013-04-18,547,u52
u52_2013-04-19,494,u52
u52_2013-04-20,395,u52
u52_2013-04-21,1017,u52
u52_2013-04-22,532,u52
u52_2013-04-23,303,u52
u52_2013-04-24,526,u52
u52_2013-04-25,772,u52
u52_2013-04-26,516,u52
u52_2013-04-27,1127,u52
u52_2013-04-28,588,u52
u52_2013-04-29,779,u52
u52_2013-04-30,824,u52
u52_2013-05-01,599,u52
u52_2013-05-02,798,u52
u52_2013-05-03,705,u52
u52_2013-05-04,524,u52
u52_2013-05-05,774,u52
u52_2013-05-06,465,u52
u52_2013-05-07,847,u52
u52_2013-05-08,1129,u52
u52_2013-05-09,552,u52
u52_2013-05-10,990,u52
u52_2013-05-11,306,u52
u52_2013-05-12,772,u52
u52_2013-05-13,805,u52
u52_2013-05-14,1040,u52
u52_2013-05-15,2564,u52
u52_2013-05-16,7748,u52
u52_2013-05-17,1000,u52
u52_2013-05-18,818,u52
u52_2013-05-19,1422,u52
u52_2013-05-20,877,u52
u52_2013-05-21,1019,u52
u52_2013-05-22,7684,u52
u52_2013-05-23,7866,u52
u52_2013-05-24,7762,u52
u52_2013-05-25,7304,u52
u52_2013-05-26,254,u52
u52_2013-05-27,920,u52
u52_2013-05-28,660,u52
u52_2013-05-29,341,u52
u52_2013-05-30,640,u52
u52_2013-05-31,384,u52
u53_2013-03-27,1095,u53
u53_2013-03-28,267,u53
u53_2013-03-29,631,u53
u53_2013-03-30,1527,u53
u53_2013-03-31,1701,u53
u53_2013-04-01,501,u53
u53_2013-04-02,1067,u53
u53_2013-04-03,623,u53
u53_2013-04-04,258,u53
u53_2013-04-05,998,u53
u53_2013-04-06,474,u53
u53_2013-04-07,924,u53
u53_2013-04-08,542,u53
u53_2013-04-09,350,u53
u53_2013-04-10,478,u53
u53_2013-04-11,600,u53
u53_2013-04-12,182,u53
u53_2013-04-13,1333,u53
u53_2013-04-14,2276,u53
u53_2013-04-15,537,u53
u53_2013-04-16,244,u53
u53_2013-04-17,114,u53
u53_2013-04-18,421,u53
u53_2013-04-19,1597,u53
u53_2013-04-20,217,u53
u53_2013-04-21,1203,u53
u53_2013-04-22,296,u53
u53_2013-04-23,362,u53
u53_2013-04-24,419,u53
u53_2013-04-25,985,u53
u53_2013-04-26,798,u53
u53_2013-04-27,1024,u53
u53_2013-04-28,91,u53
u53_2013-04-29,828,u53
u53_2013-04-30,870,u53
u53_2013-05-01,616,u53
u53_2013-05-02,165,u53
u53_2013-05-03,1086,u53
u53_2013-05-04,377,u53
u53_2013-05-05,878,u53
u53_2013-05-06,303,u53
u53_2013-05-07,532,u53
u53_2013-05-08,398,u53
u53_2013-05-09,524,u53
u53_2013-05-10,869,u53
u53_2013-05-11,278,u53
u53_2013-05-12,116,u53
u53_2013-05-13,214,u53
u53_2013-05-14,4,u53
u53_2013-05-15,589,u53
u53_2013-05-16,5,u53
u53_2013-05-17,161,u53
u53_2013-05-18,0,u53
u53_2013-05-19,5,u53
u53_2013-05-20,387,u53
u53_2013-05-21,0,u53
u53_2013-05-22,255,u53
u53_2013-05-23,0,u53
u53_2013-05-24,0,u53
u53_2013-05-25,129,u53
u53_2013-05-26,0,u53
u53_2013-05-27,0,u53
u53_2013-05-28,480,u53
u53_2013-05-29,441,u53
u53_2013-05-30,0,u53
u53_2013-05-31,0,u53
u54_2013-03-27,1085,u54
u54_2013-03-28,1451,u54
u54_2013-03-29,3720,u54
u54_2013-03-30,2112,u54
u54_2013-03-31,3714,u54
u54_2013-04-01,708,u54
u54_2013-04-02,569,u54
u54_2013-04-03,791,u54
u54_2013-04-04,864,u54
u54_2013-04-05,1603,u54
u54_2013-04-06,952,u54
u54_2013-04-07,4449,u54
u54_2013-04-08,2197,u54
u54_2013-04-09,2454,u54
u54_2013-04-10,2799,u54
u54_2013-04-11,630,u54
u54_2013-04-12,441,u54
u54_2013-04-13,423,u54
u54_2013-04-14,490,u54
u54_2013-04-15,482,u54
u54_2013-04-16,851,u54
u54_2013-04-17,825,u54
u54_2013-04-18,636,u54
u54_2013-04-19,256,u54
u54_2013-04-20,775,u54
u54_2013-04-21,587,u54
u54_2013-04-22,662,u54
u54_2013-04-23,726,u54
u54_2013-04-24,921,u54
u54_2013-04-25,1065,u54
u54_2013-04-26,669,u54
u54_2013-04-27,1047,u54
u54_2013-04-28,822,u54
u54_2013-04-29,971,u54
u54_2013-04-30,829,u54
u54_2013-05-01,688,u54
u54_2013-05-02,485,u54
u54_2013-05-03,695,u54
u54_2013-05-04,417,u54
u54_2013-05-05,744,u54
u54_2013-05-06,1299,u54
u54_2013-05-07,1310,u54
u54_2013-05-08,840,u54
u54_2013-05-09,227,u54
u54_2013-05-10,0,u54
u54_2013-05-11,0,u54
u54_2013-05-12,0,u54
u54_2013-05-13,0,u54
u54_2013-05-14,0,u54
u54_2013-05-15,0,u54
u54_2013-05-16,0,u54
u54_2013-05-17,0,u54
u54_2013-05-18,0,u54
u54_2013-05-19,0,u54
u54_2013-05-20,0,u54
u54_2013-05-21,0,u54
u54_2013-05-22,0,u54
u54_2013-05-23,0,u54
u54_2013-05-24,0,u54
u54_2013-05-25,0,u54
u54_2013-05-26,0,u54
u54_2013-05-27,0,u54
u54_2013-05-28,363,u54
u54_2013-05-29,391,u54
u54_2013-05-30,84,u54
u56_2013-03-27,1027,u56
u56_2013-03-28,1412,u56
u56_2013-03-29,2683,u56
u56_2013-03-30,3566,u56
u56_2013-03-31,6738,u56
u56_2013-04-01,1026,u56
u56_2013-04-02,2051,u56
u56_2013-04-03,1443,u56
u56_2013-04-04,1168,u56
u56_2013-04-05,1828,u56
u56_2013-04-06,2665,u56
u56_2013-04-07,368,u56
u56_2013-04-08,1513,u56
u56_2013-04-09,903,u56
u56_2013-04-10,621,u56
u56_2013-04-11,146,u56
u56_2013-04-12,1133,u56
u56_2013-04-13,1327,u56
u56_2013-04-14,390,u56
u56_2013-04-15,703,u56
u56_2013-04-16,591,u56
u56_2013-04-17,774,u56
u56_2013-04-18,376,u56
u56_2013-04-19,2087,u56
u56_2013-04-20,1682,u56
u56_2013-04-21,1708,u56
u56_2013-04-22,1247,u56
u56_2013-04-23,1067,u56
u56_2013-04-24,867,u56
u56_2013-04-25,587,u56
u56_2013-04-26,1227,u56
u56_2013-04-27,1186,u56
u56_2013-04-28,1975,u56
u56_2013-04-29,967,u56
u56_2013-04-30,780,u56
u56_2013-05-01,524,u56
u56_2013-05-02,1253,u56
u56_2013-05-03,582,u56
u56_2013-05-04,0,u56
u56_2013-05-05,0,u56
u56_2013-05-06,0,u56
u56_2013-05-07,0,u56
u56_2013-05-08,0,u56
u56_2013-05-09,0,u56
u56_2013-05-10,0,u56
u56_2013-05-11,0,u56
u56_2013-05-12,0,u56
u56_2013-05-13,984,u56
u56_2013-05-14,1145,u56
u56_2013-05-15,1236,u56
u56_2013-05-16,421,u56
u56_2013-05-17,630,u56
u56_2013-05-18,1322,u56
u56_2013-05-19,2481,u56
u56_2013-05-20,1039,u56
u56_2013-05-21,472,u56
u56_2013-05-22,1556,u56
u56_2013-05-23,576,u56
u56_2013-05-24,1093,u56
u56_2013-05-25,426,u56
u56_2013-05-26,254,u56
u56_2013-05-27,712,u56
u56_2013-05-28,393,u56
u56_2013-05-29,1108,u56
u56_2013-05-30,1021,u56
u56_2013-05-31,1730,u56
u57_2013-03-27,1926,u57
u57_2013-03-28,1993,u57
u57_2013-03-29,1816,u57
u57_2013-03-30,1703,u57
u57_2013-03-31,2730,u57
u57_2013-04-01,1394,u57
u57_2013-04-02,1180,u57
u57_2013-04-03,2335,u57
u57_2013-04-04,1675,u57
u57_2013-04-05,4793,u57
u57_2013-04-06,1718,u57
u57_2013-04-07,1046,u57
u57_2013-04-08,4819,u57
u57_2013-04-09,1396,u57
u57_2013-04-10,1914,u57
u57_2013-04-11,848,u57
u57_2013-04-12,1415,u57
u57_2013-04-13,1536,u57
u57_2013-04-14,1069,u57
u57_2013-04-15,1065,u57
u57_2013-04-16,1204,u57
u57_2013-04-17,1471,u57
u57_2013-04-18,1499,u57
u57_2013-04-19,2197,u57
u57_2013-04-20,1747,u57
u57_2013-04-21,866,u57
u57_2013-04-22,1025,u57
u57_2013-04-23,784,u57
u57_2013-04-24,1153,u57
u57_2013-04-25,1419,u57
u57_2013-04-26,705,u57
u57_2013-04-27,1162,u57
u57_2013-04-28,1929,u57
u57_2013-04-29,1340,u57
u57_2013-04-30,1294,u57
u57_2013-05-01,1631,u57
u57_2013-05-02,1408,u57
u57_2013-05-03,1409,u57
u57_2013-05-04,1537,u57
u57_2013-05-05,1210,u57
u57_2013-05-06,1605,u57
u57_2013-05-07,1571,u57
u57_2013-05-08,1449,u57
u57_2013-05-09,1625,u57
u57_2013-05-10,2015,u57
u57_2013-05-11,4405,u57
u57_2013-05-12,910,u57
u57_2013-05-13,1371,u57
u57_2013-05-14,1491,u57
u57_2013-05-15,1762,u57
u57_2013-05-16,2022,u57
u57_2013-05-17,3019,u57
u57_2013-05-18,2300,u57
u57_2013-05-19,2025,u57
u57_2013-05-20,1324,u57
u57_2013-05-21,1620,u57
u57_2013-05-22,1786,u57
u57_2013-05-23,1493,u57
u57_2013-05-24,2693,u57
u57_2013-05-25,1207,u57
u57_2013-05-26,1237,u57
u57_2013-05-27,1374,u57
u57_2013-05-28,1096,u57
u57_2013-05-29,1608,u57
u57_2013-05-30,2155,u57
u57_2013-05-31,1332,u57
u58_2013-03-27,430,u58
u58_2013-03-28,242,u58
u58_2013-03-29,154,u58
u58_2013-03-30,959,u58
u58_2013-03-31,26,u58
u58_2013-04-01,805,u58
u58_2013-04-02,599,u58
u58_2013-04-03,713,u58
u58_2013-04-04,2311,u58
u58_2013-04-05,162,u58
u58_2013-04-06,894,u58
u58_2013-04-07,630,u58
u58_2013-04-08,235,u58
u58_2013-04-09,1164,u58
u58_2013-04-10,1876,u58
u58_2013-04-11,1004,u58
u58_2013-04-12,388,u58
u58_2013-04-13,830,u58
u58_2013-04-14,1151,u58
u58_2013-04-15,1408,u58
u58_2013-04-16,2486,u58
u58_2013-04-17,866,u58
u58_2013-04-18,894,u58
u58_2013-04-19,1551,u58
u58_2013-04-20,1270,u58
u58_2013-04-21,190,u58
u58_2013-04-22,1306,u58
u58_2013-04-23,1400,u58
u58_2013-04-24,806,u58
u58_2013-04-25,1658,u58
u58_2013-04-26,263,u58
u58_2013-04-27,1235,u58
u58_2013-04-28,40,u58
u58_2013-04-29,158,u58
u58_2013-04-30,498,u58
u58_2013-05-01,429,u58
u58_2013-05-02,911,u58
u58_2013-05-03,995,u58
u58_2013-05-04,10,u58
u58_2013-05-05,391,u58
u58_2013-05-06,915,u58
u58_2013-05-07,601,u58
u58_2013-05-08,1204,u58
u58_2013-05-09,1270,u58
u58_2013-05-10,465,u58
u58_2013-05-11,19,u58
u58_2013-05-12,1287,u58
u58_2013-05-13,402,u58
u58_2013-05-14,991,u58
u58_2013-05-15,167,u58
u58_2013-05-16,928,u58
u58_2013-05-17,1282,u58
u58_2013-05-18,1846,u58
u58_2013-05-19,9,u58
u58_2013-05-20,678,u58
u58_2013-05-21,1158,u58
u58_2013-05-22,505,u58
u58_2013-05-23,1376,u58
u58_2013-05-24,47,u58
u58_2013-05-25,541,u58
u58_2013-05-26,313,u58
u58_2013-05-27,1790,u58
u58_2013-05-28,579,u58
u58_2013-05-29,131,u58
u59_2013-03-27,3391,u59
u59_2013-03-28,6333,u59
u59_2013-03-29,8644,u59
u59_2013-03-30,1524,u59
u59_2013-03-31,9912,u59
u59_2013-04-01,9916,u59
u59_2013-04-02,7807,u59
u59_2013-04-03,9414,u59
u59_2013-04-04,7618,u59
u59_2013-04-05,6805,u59
u59_2013-04-06,11437,u59
u59_2013-04-07,6139,u59
u59_2013-04-08,8351,u59
u59_2013-04-09,3244,u59
u59_2013-04-10,986,u59
u59_2013-04-11,3256,u59
u59_2013-04-12,10560,u59
u59_2013-04-13,6526,u59
u59_2013-04-14,9283,u59
u59_2013-04-15,8315,u59
u59_2013-04-16,6025,u59
u59_2013-04-17,7961,u59
u59_2013-04-18,6215,u59
u59_2013-04-19,12568,u59
u59_2013-04-20,8815,u59
u59_2013-04-21,6985,u59
u59_2013-04-22,7476,u59
u59_2013-04-23,8140,u59
u59_2013-04-24,4088,u59
u59_2013-04-25,11196,u59
u59_2013-04-26,9052,u59
u59_2013-04-27,6627,u59
u59_2013-04-28,4419,u59
u59_2013-04-29,7562,u59
u59_2013-04-30,6724,u59
u59_2013-05-01,12421,u59
u59_2013-05-02,11186,u59
u59_2013-05-03,8630,u59
u59_2013-05-04,5089,u59
u59_2013-05-05,3592,u59
u59_2013-05-06,21808,u59
u59_2013-05-07,9523,u59
u59_2013-05-08,7504,u59
u59_2013-05-09,9348,u59
u59_2013-05-10,5690,u59
u59_2013-05-11,3128,u59
u59_2013-05-12,2214,u59
u59_2013-05-13,5372,u59
u59_2013-05-14,2868,u59
u59_2013-05-15,9314,u59
u59_2013-05-16,6791,u59
u59_2013-05-17,12068,u59
u59_2013-05-18,7095,u59
u59_2013-05-19,8112,u59
u59_2013-05-20,11127,u59
u59_2013-05-21,5195,u59
u59_2013-05-22,3846,u59
u59_2013-05-23,2652,u59
u59_2013-05-24,4300,u59
u59_2013-05-25,6235,u59
u59_2013-05-26,4718,u59
u59_2013-05-27,6461,u59
u59_2013-05-28,7515,u59
u59_2013-05-29,3949,u59
u59_2013-05-30,6951,u59
u59_2013-05-31,26880,u59
