user_date,audio_ audio inference,audio_user
u00_2013-03-27,30135,u00
u00_2013-03-28,27959,u00
u00_2013-03-29,42045,u00
u00_2013-03-30,49403,u00
u00_2013-03-31,36764,u00
u00_2013-04-01,32344,u00
u00_2013-04-02,43302,u00
u00_2013-04-03,36887,u00
u00_2013-04-04,23634,u00
u00_2013-04-05,49390,u00
u00_2013-04-06,31209,u00
u00_2013-04-07,22908,u00
u00_2013-04-08,37173,u00
u00_2013-04-09,20768,u00
u00_2013-04-10,29822,u00
u00_2013-04-11,37596,u00
u00_2013-04-12,40832,u00
u00_2013-04-13,22833,u00
u00_2013-04-14,20061,u00
u00_2013-04-15,39852,u00
u00_2013-04-16,30944,u00
u00_2013-04-17,27561,u00
u00_2013-04-18,25633,u00
u00_2013-04-19,44025,u00
u00_2013-04-20,49652,u00
u00_2013-04-21,20602,u00
u00_2013-04-22,14953,u00
u00_2013-04-23,40661,u00
u00_2013-04-24,28812,u00
u00_2013-04-25,32424,u00
u00_2013-04-26,37330,u00
u00_2013-04-27,38172,u00
u00_2013-04-28,21738,u00
u00_2013-04-29,34203,u00
u00_2013-04-30,26502,u00
u00_2013-05-01,42742,u00
u00_2013-05-02,14751,u00
u00_2013-05-03,41545,u00
u00_2013-05-04,38633,u00
u00_2013-05-05,50795,u00
u00_2013-05-06,56526,u00
u00_2013-05-07,70236,u00
u00_2013-05-08,52062,u00
u00_2013-05-09,27952,u00
u00_2013-05-10,28167,u00
u00_2013-05-11,31326,u00
u00_2013-05-12,26445,u00
u00_2013-05-13,32187,u00
u00_2013-05-14,18124,u00
u00_2013-05-15,39965,u00
u00_2013-05-16,48665,u00
u00_2013-05-17,34513,u00
u00_2013-05-18,0,u00
u00_2013-05-19,12813,u00
u00_2013-05-20,3209,u00
u00_2013-05-21,0,u00
u00_2013-05-22,3077,u00
u00_2013-05-23,35589,u00
u00_2013-05-24,41018,u00
u00_2013-05-25,42367,u00
u00_2013-05-26,8849,u00
u00_2013-05-27,30675,u00
u00_2013-05-28,37541,u00
u00_2013-05-29,37249,u00
u00_2013-05-30,27030,u00
u00_2013-05-31,45275,u00
u01_2013-03-27,29836,u01
u01_2013-03-28,35614,u01
u01_2013-03-29,45330,u01
u01_2013-03-30,30407,u01
u01_2013-03-31,27516,u01
u01_2013-04-01,49908,u01
u01_2013-04-02,19440,u01
u01_2013-04-03,47851,u01
u01_2013-04-04,42747,u01
u01_2013-04-05,44458,u01
u01_2013-04-06,36918,u01
u01_2013-04-07,39651,u01
u01_2013-04-08,50979,u01
u01_2013-04-09,34708,u01
u01_2013-04-10,46798,u01
u01_2013-04-11,34803,u01
u01_2013-04-12,55491,u01
u01_2013-04-13,34711,u01
u01_2013-04-14,26506,u01
u01_2013-04-15,37369,u01
u01_2013-04-16,32931,u01
u01_2013-04-17,51885,u01
u01_2013-04-18,41520,u01
u01_2013-04-19,44699,u01
u01_2013-04-20,21548,u01
u01_2013-04-21,34765,u01
u01_2013-04-22,44654,u01
u01_2013-04-23,18526,u01
u01_2013-04-24,35031,u01
u01_2013-04-25,64483,u01
u01_2013-04-26,49225,u01
u01_2013-04-27,58073,u01
u01_2013-04-28,40845,u01
u01_2013-04-29,0,u01
u01_2013-04-30,31,u01
u01_2013-05-01,0,u01
u01_2013-05-02,11315,u01
u01_2013-05-03,54939,u01
u01_2013-05-04,10788,u01
u01_2013-05-05,0,u01
u01_2013-05-06,0,u01
u01_2013-05-07,21777,u01
u01_2013-05-08,51923,u01
u01_2013-05-09,47772,u01
u01_2013-05-10,45161,u01
u01_2013-05-11,48453,u01
u01_2013-05-12,44333,u01
u01_2013-05-13,43196,u01
u01_2013-05-14,40904,u01
u01_2013-05-15,49128,u01
u01_2013-05-16,51203,u01
u01_2013-05-17,50804,u01
u01_2013-05-18,45680,u01
u01_2013-05-19,0,u01
u01_2013-05-20,0,u01
u01_2013-05-21,0,u01
u01_2013-05-22,0,u01
u01_2013-05-23,0,u01
u01_2013-05-24,0,u01
u01_2013-05-25,45656,u01
u01_2013-05-26,57208,u01
u01_2013-05-27,39904,u01
u01_2013-05-28,29008,u01
u01_2013-05-29,7302,u01
u02_2013-03-27,6046,u02
u02_2013-03-28,9029,u02
u02_2013-03-29,27340,u02
u02_2013-03-30,35719,u02
u02_2013-03-31,36320,u02
u02_2013-04-01,26226,u02
u02_2013-04-02,31895,u02
u02_2013-04-03,171,u02
u02_2013-04-04,30606,u02
u02_2013-04-05,11612,u02
u02_2013-04-06,45166,u02
u02_2013-04-07,22196,u02
u02_2013-04-08,25479,u02
u02_2013-04-09,29716,u02
u02_2013-04-10,34969,u02
u02_2013-04-11,28966,u02
u02_2013-04-12,22904,u02
u02_2013-04-13,25553,u02
u02_2013-04-14,27891,u02
u02_2013-04-15,37639,u02
u02_2013-04-16,42235,u02
u02_2013-04-17,38600,u02
u02_2013-04-18,29811,u02
u02_2013-04-19,34053,u02
u02_2013-04-20,36624,u02
u02_2013-04-21,31855,u02
u02_2013-04-22,30106,u02
u02_2013-04-23,38702,u02
u02_2013-04-24,44891,u02
u02_2013-04-25,4339,u02
u02_2013-04-26,8781,u02
u02_2013-04-27,28,u02
u02_2013-04-28,18176,u02
u02_2013-04-29,30443,u02
u02_2013-04-30,12621,u02
u02_2013-05-01,30710,u02
u02_2013-05-02,8798,u02
u02_2013-05-03,12067,u02
u02_2013-05-04,40351,u02
u02_2013-05-05,25999,u02
u02_2013-05-06,11776,u02
u02_2013-05-07,10160,u02
u02_2013-05-08,14139,u02
u02_2013-05-09,18972,u02
u02_2013-05-10,16689,u02
u02_2013-05-11,37180,u02
u02_2013-05-12,13738,u02
u02_2013-05-13,13906,u02
u02_2013-05-14,13290,u02
u02_2013-05-15,35799,u02
u02_2013-05-16,1253,u02
u02_2013-05-17,43186,u02
u02_2013-05-18,29480,u02
u02_2013-05-19,111,u02
u02_2013-05-20,18847,u02
u02_2013-05-21,119,u02
u02_2013-05-22,9800,u02
u02_2013-05-23,13536,u02
u02_2013-05-24,41154,u02
u02_2013-05-25,21745,u02
u02_2013-05-26,12994,u02
u02_2013-05-27,19125,u02
u02_2013-05-28,17345,u02
u02_2013-05-29,76339,u02
u02_2013-05-30,22138,u02
u02_2013-05-31,51914,u02
u03_2013-03-27,13086,u03
u03_2013-03-28,4249,u03
u03_2013-03-29,11394,u03
u03_2013-03-30,503,u03
u03_2013-03-31,411,u03
u03_2013-04-01,13625,u03
u03_2013-04-02,143,u03
u03_2013-04-03,10319,u03
u03_2013-04-04,524,u03
u03_2013-04-05,11636,u03
u03_2013-04-06,12837,u03
u03_2013-04-07,318,u03
u03_2013-04-08,13208,u03
u03_2013-04-09,463,u03
u03_2013-04-10,11772,u03
u03_2013-04-11,522,u03
u03_2013-04-12,3091,u03
u03_2013-04-13,4843,u03
u03_2013-04-14,776,u03
u03_2013-04-15,7005,u03
u03_2013-04-16,501,u03
u03_2013-04-17,8546,u03
u03_2013-04-18,6320,u03
u03_2013-04-19,50,u03
u03_2013-04-20,5008,u03
u03_2013-04-21,8099,u03
u03_2013-04-22,4824,u03
u03_2013-04-23,7589,u03
u03_2013-04-24,884,u03
u03_2013-04-25,13651,u03
u03_2013-04-26,16605,u03
u03_2013-04-27,2560,u03
u03_2013-04-28,1790,u03
u03_2013-04-29,5688,u03
u03_2013-04-30,8053,u03
u03_2013-05-01,787,u03
u03_2013-05-02,1202,u03
u03_2013-05-03,5690,u03
u03_2013-05-04,3553,u03
u03_2013-05-05,2695,u03
u03_2013-05-06,4699,u03
u03_2013-05-07,7010,u03
u03_2013-05-08,494,u03
u03_2013-05-09,500,u03
u03_2013-05-10,4758,u03
u03_2013-05-11,255,u03
u03_2013-05-12,1345,u03
u03_2013-05-13,6408,u03
u03_2013-05-14,550,u03
u03_2013-05-15,5839,u03
u03_2013-05-16,46,u03
u03_2013-05-17,0,u03
u03_2013-05-18,0,u03
u03_2013-05-19,0,u03
u03_2013-05-20,0,u03
u03_2013-05-21,5726,u03
u03_2013-05-22,334,u03
u04_2013-03-27,47256,u04
u04_2013-03-28,37527,u04
u04_2013-03-29,46231,u04
u04_2013-03-30,33414,u04
u04_2013-03-31,40197,u04
u04_2013-04-01,39699,u04
u04_2013-04-02,28595,u04
u04_2013-04-03,39623,u04
u04_2013-04-04,40749,u04
u04_2013-04-05,40839,u04
u04_2013-04-06,66972,u04
u04_2013-04-07,49283,u04
u04_2013-04-08,40068,u04
u04_2013-04-09,40144,u04
u04_2013-04-10,42785,u04
u04_2013-04-11,42920,u04
u04_2013-04-12,47046,u04
u04_2013-04-13,55145,u04
u04_2013-04-14,30901,u04
u04_2013-04-15,44866,u04
u04_2013-04-16,51305,u04
u04_2013-04-17,45293,u04
u04_2013-04-18,33239,u04
u04_2013-04-19,51859,u04
u04_2013-04-20,51304,u04
u04_2013-04-21,42878,u04
u04_2013-04-22,39893,u04
u04_2013-04-23,28218,u04
u04_2013-04-24,34455,u04
u04_2013-04-25,38183,u04
u04_2013-04-26,40712,u04
u04_2013-04-27,47287,u04
u04_2013-04-28,30532,u04
u04_2013-04-29,44402,u04
u04_2013-04-30,31426,u04
u04_2013-05-01,33729,u04
u04_2013-05-02,25753,u04
u04_2013-05-03,33734,u04
u04_2013-05-04,64166,u04
u04_2013-05-05,40736,u04
u04_2013-05-06,34567,u04
u04_2013-05-07,50797,u04
u04_2013-05-08,47024,u04
u04_2013-05-09,45385,u04
u04_2013-05-10,44745,u04
u04_2013-05-11,49755,u04
u04_2013-05-12,35730,u04
u04_2013-05-13,41732,u04
u04_2013-05-14,31569,u04
u04_2013-05-15,44434,u04
u04_2013-05-16,41193,u04
u04_2013-05-17,50751,u04
u04_2013-05-18,35450,u04
u04_2013-05-19,49137,u04
u04_2013-05-20,30784,u04
u04_2013-05-21,26894,u04
u04_2013-05-22,24752,u04
u04_2013-05-23,890,u04
u05_2013-03-27,37433,u05
u05_2013-03-28,22810,u05
u05_2013-03-29,46365,u05
u05_2013-03-30,35897,u05
u05_2013-03-31,24753,u05
u05_2013-04-01,31188,u05
u05_2013-04-02,29840,u05
u05_2013-04-03,39495,u05
u05_2013-04-04,30559,u05
u05_2013-04-05,36081,u05
u05_2013-04-06,31460,u05
u05_2013-04-07,22083,u05
u05_2013-04-08,31804,u05
u05_2013-04-09,13460,u05
u05_2013-04-10,21491,u05
u05_2013-04-11,17467,u05
u05_2013-04-12,1055,u05
u05_2013-04-13,35142,u05
u05_2013-04-14,30892,u05
u05_2013-04-15,23203,u05
u05_2013-04-16,2177,u05
u05_2013-04-17,33577,u05
u05_2013-04-18,19548,u05
u05_2013-04-19,20535,u05
u05_2013-04-20,20756,u05
u05_2013-04-21,25276,u05
u05_2013-04-22,22107,u05
u05_2013-04-23,27368,u05
u05_2013-04-24,23575,u05
u05_2013-04-25,22668,u05
u05_2013-04-26,24668,u05
u05_2013-04-27,16474,u05
u05_2013-04-28,5838,u05
u05_2013-04-29,29915,u05
u05_2013-04-30,19097,u05
u05_2013-05-01,30933,u05
u05_2013-05-02,11739,u05
u05_2013-05-03,33980,u05
u05_2013-05-04,22862,u05
u05_2013-05-05,21535,u05
u05_2013-05-06,21292,u05
u05_2013-05-07,4178,u05
u05_2013-05-08,22496,u05
u05_2013-05-09,19915,u05
u05_2013-05-10,19464,u05
u05_2013-05-11,8703,u05
u05_2013-05-12,30483,u05
u05_2013-05-13,18827,u05
u05_2013-05-14,12919,u05
u05_2013-05-15,27497,u05
u05_2013-05-16,6203,u05
u05_2013-05-17,1805,u05
u05_2013-05-18,18387,u05
u05_2013-05-19,14421,u05
u05_2013-05-20,21598,u05
u05_2013-05-21,22056,u05
u05_2013-05-22,33381,u05
u05_2013-05-23,15815,u05
u05_2013-05-24,4424,u05
u05_2013-05-25,2554,u05
u05_2013-05-26,4091,u05
u05_2013-05-27,30797,u05
u05_2013-05-28,27666,u05
u05_2013-05-29,13247,u05
u07_2013-03-27,39998,u07
u07_2013-03-28,38050,u07
u07_2013-03-29,33337,u07
u07_2013-03-30,18222,u07
u07_2013-03-31,22969,u07
u07_2013-04-01,33874,u07
u07_2013-04-02,40458,u07
u07_2013-04-03,36046,u07
u07_2013-04-04,48465,u07
u07_2013-04-05,50831,u07
u07_2013-04-06,86568,u07
u07_2013-04-07,93470,u07
u07_2013-04-08,44010,u07
u07_2013-04-09,19037,u07
u07_2013-04-10,20857,u07
u07_2013-04-11,29946,u07
u07_2013-04-12,28678,u07
u07_2013-04-13,11321,u07
u07_2013-04-14,15799,u07
u07_2013-04-15,19640,u07
u07_2013-04-16,27565,u07
u07_2013-04-17,24425,u07
u07_2013-04-18,26583,u07
u07_2013-04-19,48038,u07
u07_2013-04-20,34,u07
u07_2013-04-21,41096,u07
u07_2013-04-22,3578,u07
u07_2013-04-23,129,u07
u07_2013-04-24,130,u07
u07_2013-04-25,0,u07
u07_2013-04-26,0,u07
u07_2013-04-27,1167,u07
u07_2013-04-28,5056,u07
u07_2013-04-29,7543,u07
u07_2013-04-30,12410,u07
u07_2013-05-01,24819,u07
u07_2013-05-02,18735,u07
u07_2013-05-03,14933,u07
u07_2013-05-04,7157,u07
u07_2013-05-05,12731,u07
u07_2013-05-06,13092,u07
u07_2013-05-07,0,u07
u07_2013-05-08,2652,u07
u07_2013-05-09,1568,u07
u07_2013-05-10,3217,u07
u07_2013-05-11,17741,u07
u07_2013-05-12,23418,u07
u07_2013-05-13,23780,u07
u07_2013-05-14,11725,u07
u08_2013-03-27,22920,u08
u08_2013-03-28,21473,u08
u08_2013-03-29,29335,u08
u08_2013-03-30,23292,u08
u08_2013-03-31,12086,u08
u08_2013-04-01,35179,u08
u08_2013-04-02,23542,u08
u08_2013-04-03,26416,u08
u08_2013-04-04,30072,u08
u08_2013-04-05,39451,u08
u08_2013-04-06,45427,u08
u08_2013-04-07,33658,u08
u08_2013-04-08,29798,u08
u08_2013-04-09,18130,u08
u08_2013-04-10,35732,u08
u08_2013-04-11,21982,u08
u08_2013-04-12,22029,u08
u08_2013-04-13,17835,u08
u08_2013-04-14,26798,u08
u08_2013-04-15,28952,u08
u08_2013-04-16,20280,u08
u08_2013-04-17,34744,u08
u08_2013-04-18,27639,u08
u08_2013-04-19,32376,u08
u08_2013-04-20,23728,u08
u08_2013-04-21,20380,u08
u08_2013-04-22,33562,u08
u08_2013-04-23,23235,u08
u08_2013-04-24,29675,u08
u08_2013-04-25,28710,u08
u08_2013-04-26,27697,u08
u08_2013-04-27,14695,u08
u08_2013-04-28,23874,u08
u08_2013-04-29,35844,u08
u08_2013-04-30,30557,u08
u08_2013-05-01,39143,u08
u08_2013-05-02,34799,u08
u08_2013-05-03,32239,u08
u08_2013-05-04,38204,u08
u08_2013-05-05,27792,u08
u08_2013-05-06,24218,u08
u08_2013-05-07,26077,u08
u08_2013-05-08,33255,u08
u08_2013-05-09,33432,u08
u08_2013-05-10,42518,u08
u08_2013-05-11,21235,u08
u08_2013-05-12,27731,u08
u08_2013-05-13,17118,u08
u08_2013-05-14,17750,u08
u08_2013-05-15,48633,u08
u08_2013-05-16,29760,u08
u08_2013-05-17,27505,u08
u08_2013-05-18,11054,u08
u08_2013-05-19,25540,u08
u08_2013-05-20,21019,u08
u08_2013-05-21,35744,u08
u08_2013-05-22,39781,u08
u08_2013-05-23,34029,u08
u08_2013-05-24,27039,u08
u08_2013-05-25,44167,u08
u08_2013-05-26,28713,u08
u08_2013-05-27,35183,u08
u08_2013-05-28,28460,u08
u08_2013-05-29,30987,u08
u08_2013-05-30,0,u08
u08_2013-05-31,34,u08
u09_2013-03-27,24213,u09
u09_2013-03-28,36546,u09
u09_2013-03-29,33336,u09
u09_2013-03-30,18697,u09
u09_2013-03-31,3671,u09
u09_2013-04-01,35619,u09
u09_2013-04-02,29941,u09
u09_2013-04-03,29363,u09
u09_2013-04-04,32857,u09
u09_2013-04-05,28750,u09
u09_2013-04-06,37890,u09
u09_2013-04-07,32145,u09
u09_2013-04-08,35102,u09
u09_2013-04-09,36319,u09
u09_2013-04-10,39505,u09
u09_2013-04-11,34835,u09
u09_2013-04-12,38356,u09
u09_2013-04-13,37608,u09
u09_2013-04-14,8119,u09
u09_2013-04-15,27833,u09
u09_2013-04-16,29383,u09
u09_2013-04-17,37453,u09
u09_2013-04-18,33898,u09
u09_2013-04-19,33598,u09
u09_2013-04-20,39103,u09
u09_2013-04-21,35433,u09
u09_2013-04-22,19300,u09
u09_2013-04-23,22974,u09
u09_2013-04-24,20526,u09
u09_2013-04-25,25423,u09
u09_2013-04-26,34269,u09
u09_2013-04-27,8786,u09
u09_2013-04-28,23427,u09
u09_2013-04-29,33805,u09
u09_2013-04-30,21134,u09
u09_2013-05-01,34723,u09
u09_2013-05-02,29243,u09
u09_2013-05-03,37415,u09
u09_2013-05-04,39138,u09
u09_2013-05-05,16805,u09
u09_2013-05-06,26639,u09
u09_2013-05-07,25699,u09
u09_2013-05-08,34964,u09
u09_2013-05-09,20630,u09
u09_2013-05-10,37071,u09
u09_2013-05-11,31757,u09
u09_2013-05-12,29260,u09
u09_2013-05-13,14234,u09
u09_2013-05-14,27122,u09
u09_2013-05-15,34459,u09
u09_2013-05-16,46685,u09
u09_2013-05-17,50699,u09
u09_2013-05-18,30206,u09
u09_2013-05-19,21633,u09
u09_2013-05-20,16183,u09
u09_2013-05-21,16228,u09
u09_2013-05-22,33109,u09
u09_2013-05-23,40422,u09
u09_2013-05-24,36824,u09
u09_2013-05-25,40391,u09
u09_2013-05-26,51400,u09
u09_2013-05-27,26170,u09
u09_2013-05-28,15956,u09
u09_2013-05-29,32672,u09
u09_2013-05-30,14976,u09
u09_2013-05-31,4149,u09
u10_2013-03-27,21250,u10
u10_2013-03-28,28235,u10
u10_2013-03-29,28677,u10
u10_2013-03-30,13462,u10
u10_2013-03-31,11662,u10
u10_2013-04-01,19742,u10
u10_2013-04-02,28651,u10
u10_2013-04-03,30595,u10
u10_2013-04-04,22482,u10
u10_2013-04-05,23792,u10
u10_2013-04-06,26770,u10
u10_2013-04-07,17700,u10
u10_2013-04-08,20717,u10
u10_2013-04-09,21727,u10
u10_2013-04-10,26373,u10
u10_2013-04-11,24607,u10
u10_2013-04-12,15584,u10
u10_2013-04-13,11680,u10
u10_2013-04-14,16156,u10
u10_2013-04-15,22476,u10
u10_2013-04-16,28560,u10
u10_2013-04-17,22884,u10
u10_2013-04-18,18830,u10
u10_2013-04-19,27419,u10
u10_2013-04-20,12390,u10
u10_2013-04-21,24700,u10
u10_2013-04-22,21791,u10
u10_2013-04-23,27363,u10
u10_2013-04-24,14405,u10
u10_2013-04-25,27909,u10
u10_2013-04-26,23350,u10
u10_2013-04-27,14690,u10
u10_2013-04-28,28534,u10
u10_2013-04-29,17794,u10
u10_2013-04-30,15814,u10
u10_2013-05-01,23243,u10
u10_2013-05-02,25225,u10
u10_2013-05-03,24541,u10
u10_2013-05-04,11965,u10
u10_2013-05-05,12484,u10
u10_2013-05-06,26322,u10
u10_2013-05-07,20566,u10
u10_2013-05-08,29013,u10
u10_2013-05-09,16107,u10
u10_2013-05-10,22585,u10
u10_2013-05-11,18937,u10
u10_2013-05-12,13126,u10
u10_2013-05-13,24405,u10
u10_2013-05-14,28640,u10
u10_2013-05-15,19105,u10
u10_2013-05-16,21906,u10
u10_2013-05-17,13927,u10
u10_2013-05-18,13510,u10
u10_2013-05-19,24427,u10
u10_2013-05-20,18102,u10
u10_2013-05-21,29365,u10
u10_2013-05-22,23554,u10
u10_2013-05-23,24804,u10
u10_2013-05-24,29385,u10
u10_2013-05-25,46252,u10
u10_2013-05-26,28280,u10
u10_2013-05-27,41895,u10
u10_2013-05-28,34587,u10
u10_2013-05-29,30847,u10
u10_2013-05-30,22661,u10
u10_2013-05-31,4113,u10
u12_2013-03-27,23892,u12
u12_2013-03-28,20814,u12
u12_2013-03-29,41729,u12
u12_2013-03-30,19844,u12
u12_2013-03-31,16495,u12
u12_2013-04-01,25457,u12
u12_2013-04-02,17995,u12
u12_2013-04-03,34868,u12
u12_2013-04-04,33938,u12
u12_2013-04-05,46230,u12
u12_2013-04-06,16503,u12
u12_2013-04-07,34517,u12
u12_2013-04-08,32580,u12
u12_2013-04-09,29385,u12
u12_2013-04-10,26577,u12
u12_2013-04-11,13808,u12
u12_2013-04-12,38456,u12
u12_2013-04-13,9258,u12
u12_2013-04-14,5412,u12
u12_2013-04-15,18855,u12
u12_2013-04-16,14962,u12
u12_2013-04-17,22455,u12
u12_2013-04-18,14311,u12
u12_2013-04-19,26594,u12
u12_2013-04-20,13553,u12
u12_2013-04-21,4317,u12
u12_2013-04-22,18344,u12
u12_2013-04-23,23205,u12
u12_2013-04-24,8608,u12
u12_2013-04-25,13953,u12
u12_2013-04-26,27984,u12
u12_2013-04-27,12275,u12
u12_2013-04-28,11375,u12
u12_2013-04-29,18056,u12
u12_2013-04-30,12991,u12
u12_2013-05-01,19287,u12
u12_2013-05-02,20053,u12
u12_2013-05-03,33087,u12
u12_2013-05-04,15368,u12
u12_2013-05-05,6882,u12
u12_2013-05-06,21387,u12
u12_2013-05-07,14916,u12
u12_2013-05-08,34880,u12
u12_2013-05-09,15021,u12
u12_2013-05-10,23876,u12
u12_2013-05-11,26795,u12
u12_2013-05-12,18312,u12
u12_2013-05-13,31267,u12
u12_2013-05-14,34139,u12
u12_2013-05-15,21704,u12
u12_2013-05-16,33994,u12
u12_2013-05-17,25801,u12
u12_2013-05-18,23065,u12
u12_2013-05-19,24636,u12
u12_2013-05-20,24343,u12
u12_2013-05-21,24647,u12
u12_2013-05-22,20713,u12
u12_2013-05-23,16277,u12
u12_2013-05-24,38916,u12
u12_2013-05-25,30428,u12
u12_2013-05-26,31396,u12
u12_2013-05-27,19382,u12
u12_2013-05-28,18411,u12
u12_2013-05-29,27205,u12
u12_2013-05-30,33043,u12
u12_2013-05-31,21638,u12
u13_2013-03-28,13247,u13
u13_2013-03-29,12654,u13
u13_2013-03-30,1406,u13
u13_2013-03-31,14919,u13
u13_2013-04-01,15367,u13
u13_2013-04-02,14637,u13
u13_2013-04-03,18805,u13
u13_2013-04-04,18727,u13
u13_2013-04-05,9604,u13
u13_2013-04-06,9877,u13
u13_2013-04-07,2875,u13
u13_2013-04-08,10554,u13
u13_2013-04-09,19407,u13
u13_2013-04-10,23080,u13
u13_2013-04-11,20118,u13
u13_2013-04-12,10555,u13
u13_2013-04-13,17090,u13
u13_2013-04-14,13377,u13
u13_2013-04-15,14996,u13
u13_2013-04-16,17976,u13
u13_2013-04-17,24098,u13
u13_2013-04-18,8904,u13
u13_2013-04-19,20513,u13
u13_2013-04-20,11224,u13
u13_2013-04-21,22603,u13
u13_2013-04-22,19413,u13
u13_2013-04-23,18021,u13
u13_2013-04-24,12380,u13
u13_2013-04-25,17987,u13
u13_2013-04-26,11335,u13
u13_2013-04-27,36097,u13
u13_2013-04-28,11180,u13
u13_2013-04-29,16172,u13
u13_2013-04-30,18648,u13
u13_2013-05-01,2281,u13
u13_2013-05-02,1035,u13
u13_2013-05-03,9676,u13
u13_2013-05-04,16119,u13
u13_2013-05-05,10306,u13
u13_2013-05-06,0,u13
u13_2013-05-07,0,u13
u13_2013-05-08,0,u13
u13_2013-05-09,19844,u13
u13_2013-05-10,20445,u13
u13_2013-05-11,18069,u13
u13_2013-05-12,17393,u13
u13_2013-05-13,21578,u13
u13_2013-05-14,23809,u13
u13_2013-05-15,28110,u13
u13_2013-05-16,31935,u13
u13_2013-05-17,9521,u13
u13_2013-05-18,4998,u13
u13_2013-05-19,13484,u13
u13_2013-05-20,26849,u13
u13_2013-05-21,20615,u13
u13_2013-05-22,16677,u13
u13_2013-05-23,24197,u13
u13_2013-05-24,9690,u13
u13_2013-05-25,15968,u13
u13_2013-05-26,9932,u13
u13_2013-05-27,12100,u13
u13_2013-05-28,25975,u13
u13_2013-05-29,3427,u13
u14_2013-03-27,42397,u14
u14_2013-03-28,51626,u14
u14_2013-03-29,58878,u14
u14_2013-03-30,45703,u14
u14_2013-03-31,36157,u14
u14_2013-04-01,28907,u14
u14_2013-04-02,46070,u14
u14_2013-04-03,64572,u14
u14_2013-04-04,49262,u14
u14_2013-04-05,55390,u14
u14_2013-04-06,41136,u14
u14_2013-04-07,46472,u14
u14_2013-04-08,24113,u14
u14_2013-04-09,49529,u14
u14_2013-04-10,63086,u14
u14_2013-04-11,37804,u14
u14_2013-04-12,42232,u14
u14_2013-04-13,34256,u14
u14_2013-04-14,30992,u14
u14_2013-04-15,38940,u14
u14_2013-04-16,42063,u14
u14_2013-04-17,29427,u14
u14_2013-04-18,37121,u14
u14_2013-04-19,53603,u14
u14_2013-04-20,33754,u14
u14_2013-04-21,35671,u14
u14_2013-04-22,51595,u14
u14_2013-04-23,32708,u14
u14_2013-04-24,51784,u14
u14_2013-04-25,19779,u14
u14_2013-04-26,60293,u14
u14_2013-04-27,30410,u14
u14_2013-04-28,48384,u14
u14_2013-04-29,41345,u14
u14_2013-04-30,33584,u14
u14_2013-05-01,54467,u14
u14_2013-05-02,43252,u14
u14_2013-05-03,65327,u14
u14_2013-05-04,37836,u14
u14_2013-05-05,19818,u14
u14_2013-05-06,45833,u14
u14_2013-05-07,37006,u14
u14_2013-05-08,35970,u14
u14_2013-05-09,34516,u14
u14_2013-05-10,0,u14
u14_2013-05-11,22217,u14
u14_2013-05-12,46015,u14
u14_2013-05-13,52378,u14
u14_2013-05-14,35396,u14
u14_2013-05-15,31160,u14
u14_2013-05-16,27289,u14
u14_2013-05-17,6091,u14
u14_2013-05-18,0,u14
u14_2013-05-19,6857,u14
u14_2013-05-20,19480,u14
u14_2013-05-21,6078,u14
u14_2013-05-22,38704,u14
u14_2013-05-23,1077,u14
u14_2013-05-24,10559,u14
u14_2013-05-25,17988,u14
u14_2013-05-26,8578,u14
u14_2013-05-27,12707,u14
u14_2013-05-28,31804,u14
u14_2013-05-29,56457,u14
u14_2013-05-30,21388,u14
u15_2013-03-27,41754,u15
u15_2013-03-28,11153,u15
u15_2013-03-29,34097,u15
u15_2013-03-30,40548,u15
u15_2013-03-31,44792,u15
u15_2013-04-01,27103,u15
u15_2013-04-02,12148,u15
u15_2013-04-03,35324,u15
u15_2013-04-04,5248,u15
u15_2013-04-05,28673,u15
u15_2013-04-06,27971,u15
u15_2013-04-07,32077,u15
u15_2013-04-08,26176,u15
u15_2013-04-09,23206,u15
u15_2013-04-10,20688,u15
u15_2013-04-11,1168,u15
u15_2013-04-12,26087,u15
u15_2013-04-13,27472,u15
u15_2013-04-14,10822,u15
u15_2013-04-15,33861,u15
u15_2013-04-16,17199,u15
u15_2013-04-17,8994,u15
u15_2013-04-18,11629,u15
u15_2013-04-19,13695,u15
u15_2013-04-20,22519,u15
u15_2013-04-21,13430,u15
u15_2013-04-22,26518,u15
u15_2013-04-23,10610,u15
u15_2013-04-24,0,u15
u15_2013-04-25,12046,u15
u15_2013-04-26,0,u15
u15_2013-04-27,0,u15
u15_2013-04-28,28213,u15
u15_2013-04-29,38357,u15
u15_2013-04-30,12633,u15
u15_2013-05-01,0,u15
u15_2013-05-02,0,u15
u15_2013-05-03,0,u15
u15_2013-05-04,0,u15
u15_2013-05-05,33203,u15
u15_2013-05-06,19128,u15
u15_2013-05-07,7716,u15
u15_2013-05-08,9686,u15
u15_2013-05-09,0,u15
u15_2013-05-10,11712,u15
u15_2013-05-11,0,u15
u15_2013-05-12,0,u15
u15_2013-05-13,18942,u15
u15_2013-05-14,13066,u15
u15_2013-05-15,23514,u15
u15_2013-05-16,271,u15
u15_2013-05-17,0,u15
u15_2013-05-18,0,u15
u15_2013-05-19,0,u15
u15_2013-05-20,0,u15
u15_2013-05-21,0,u15
u15_2013-05-22,0,u15
u15_2013-05-23,0,u15
u15_2013-05-24,0,u15
u15_2013-05-25,2952,u15
u15_2013-05-26,1181,u15
u15_2013-05-27,4340,u15
u15_2013-05-28,11754,u15
u15_2013-05-29,15574,u15
u15_2013-05-30,0,u15
u15_2013-05-31,26,u15
u16_2013-03-27,29841,u16
u16_2013-03-28,39156,u16
u16_2013-03-29,33290,u16
u16_2013-03-30,18535,u16
u16_2013-03-31,14354,u16
u16_2013-04-01,37745,u16
u16_2013-04-02,18838,u16
u16_2013-04-03,32442,u16
u16_2013-04-04,22467,u16
u16_2013-04-05,21458,u16
u16_2013-04-06,20961,u16
u16_2013-04-07,19867,u16
u16_2013-04-08,30691,u16
u16_2013-04-09,17393,u16
u16_2013-04-10,21592,u16
u16_2013-04-11,13868,u16
u16_2013-04-12,22116,u16
u16_2013-04-13,7055,u16
u16_2013-04-14,14694,u16
u16_2013-04-15,29183,u16
u16_2013-04-16,17699,u16
u16_2013-04-17,24579,u16
u16_2013-04-18,41965,u16
u16_2013-04-19,29108,u16
u16_2013-04-20,10100,u16
u16_2013-04-21,7903,u16
u16_2013-04-22,25039,u16
u16_2013-04-23,24025,u16
u16_2013-04-24,25550,u16
u16_2013-04-25,3326,u16
u16_2013-04-26,16237,u16
u16_2013-04-27,13997,u16
u16_2013-04-28,16392,u16
u16_2013-04-29,7204,u16
u16_2013-04-30,2352,u16
u16_2013-05-01,6329,u16
u16_2013-05-02,24030,u16
u16_2013-05-03,22837,u16
u16_2013-05-04,28652,u16
u16_2013-05-05,21345,u16
u16_2013-05-06,17475,u16
u16_2013-05-07,18084,u16
u16_2013-05-08,28669,u16
u16_2013-05-09,14931,u16
u16_2013-05-10,42693,u16
u16_2013-05-11,495,u16
u16_2013-05-12,887,u16
u16_2013-05-13,7432,u16
u16_2013-05-14,7722,u16
u16_2013-05-15,18985,u16
u16_2013-05-16,12601,u16
u16_2013-05-17,19202,u16
u16_2013-05-18,191,u16
u16_2013-05-19,704,u16
u16_2013-05-20,128,u16
u16_2013-05-21,19786,u16
u16_2013-05-22,26025,u16
u16_2013-05-23,21918,u16
u16_2013-05-24,1176,u16
u16_2013-05-25,95,u16
u16_2013-05-26,36,u16
u16_2013-05-27,129,u16
u16_2013-05-28,6763,u16
u16_2013-05-29,14458,u16
u17_2013-03-27,19888,u17
u17_2013-03-28,16265,u17
u17_2013-03-29,23878,u17
u17_2013-03-30,5486,u17
u17_2013-03-31,3577,u17
u17_2013-04-01,23616,u17
u17_2013-04-02,6713,u17
u17_2013-04-03,30863,u17
u17_2013-04-04,19410,u17
u17_2013-04-05,33458,u17
u17_2013-04-06,27438,u17
u17_2013-04-07,7038,u17
u17_2013-04-08,12636,u17
u17_2013-04-09,9255,u17
u17_2013-04-10,22208,u17
u17_2013-04-11,14118,u17
u17_2013-04-12,12149,u17
u17_2013-04-13,11674,u17
u17_2013-04-14,23475,u17
u17_2013-04-15,24483,u17
u17_2013-04-16,16787,u17
u17_2013-04-17,18042,u17
u17_2013-04-18,25430,u17
u17_2013-04-19,22288,u17
u17_2013-04-20,13475,u17
u17_2013-04-21,25338,u17
u17_2013-04-22,17183,u17
u17_2013-04-23,16935,u17
u17_2013-04-24,26483,u17
u17_2013-04-25,17086,u17
u17_2013-04-26,29408,u17
u17_2013-04-27,15292,u17
u17_2013-04-28,12698,u17
u17_2013-04-29,19707,u17
u17_2013-04-30,19036,u17
u17_2013-05-01,17751,u17
u17_2013-05-02,11667,u17
u17_2013-05-03,23482,u17
u17_2013-05-04,13774,u17
u17_2013-05-05,12429,u17
u17_2013-05-06,19392,u17
u17_2013-05-07,23701,u17
u17_2013-05-08,24136,u17
u17_2013-05-09,3072,u17
u17_2013-05-10,0,u17
u17_2013-05-11,21055,u17
u17_2013-05-12,7602,u17
u17_2013-05-13,15970,u17
u17_2013-05-14,16373,u17
u17_2013-05-15,14753,u17
u17_2013-05-16,7499,u17
u17_2013-05-17,23623,u17
u17_2013-05-18,3724,u17
u17_2013-05-19,2533,u17
u17_2013-05-20,20668,u17
u17_2013-05-21,10596,u17
u17_2013-05-22,19172,u17
u17_2013-05-23,29362,u17
u17_2013-05-24,18094,u17
u17_2013-05-25,11515,u17
u17_2013-05-26,8554,u17
u17_2013-05-27,12377,u17
u17_2013-05-28,28017,u17
u17_2013-05-29,22598,u17
u17_2013-05-30,9403,u17
u17_2013-05-31,16727,u17
u18_2013-03-27,29166,u18
u18_2013-03-28,16179,u18
u18_2013-03-29,20266,u18
u18_2013-03-30,19720,u18
u18_2013-03-31,19988,u18
u18_2013-04-01,24540,u18
u18_2013-04-02,39603,u18
u18_2013-04-03,34584,u18
u18_2013-04-04,1914,u18
u18_2013-04-05,21126,u18
u18_2013-04-06,34139,u18
u18_2013-04-07,1960,u18
u18_2013-04-08,31601,u18
u18_2013-04-09,23843,u18
u18_2013-04-10,15927,u18
u18_2013-04-11,0,u18
u18_2013-04-12,0,u18
u18_2013-04-13,0,u18
u18_2013-04-14,0,u18
u18_2013-04-15,4419,u18
u18_2013-04-16,38310,u18
u18_2013-04-17,30919,u18
u18_2013-04-18,133,u18
u18_2013-04-19,184,u18
u18_2013-04-20,12695,u18
u18_2013-04-21,17889,u18
u18_2013-04-22,16766,u18
u18_2013-04-23,45774,u18
u18_2013-04-24,21392,u18
u18_2013-04-25,28374,u18
u18_2013-04-26,41607,u18
u18_2013-04-27,0,u18
u18_2013-04-28,0,u18
u18_2013-04-29,0,u18
u18_2013-04-30,0,u18
u18_2013-05-01,0,u18
u18_2013-05-02,0,u18
u18_2013-05-03,12201,u18
u18_2013-05-04,8450,u18
u18_2013-05-05,10461,u18
u18_2013-05-06,16525,u18
u18_2013-05-07,33796,u18
u18_2013-05-08,5910,u18
u18_2013-05-09,0,u18
u18_2013-05-10,0,u18
u18_2013-05-11,0,u18
u18_2013-05-12,0,u18
u18_2013-05-13,0,u18
u18_2013-05-14,11539,u18
u18_2013-05-15,17487,u18
u18_2013-05-16,27675,u18
u18_2013-05-17,6023,u18
u18_2013-05-18,13567,u18
u18_2013-05-19,13101,u18
u18_2013-05-20,17416,u18
u18_2013-05-21,9563,u18
u18_2013-05-22,9497,u18
u18_2013-05-23,25087,u18
u18_2013-05-24,8492,u18
u18_2013-05-25,21260,u18
u18_2013-05-26,33649,u18
u18_2013-05-27,20452,u18
u18_2013-05-28,328,u18
u18_2013-05-29,11943,u18
u19_2013-03-27,25588,u19
u19_2013-03-28,34234,u19
u19_2013-03-29,24610,u19
u19_2013-03-30,24685,u19
u19_2013-03-31,2012,u19
u19_2013-04-01,23325,u19
u19_2013-04-02,34970,u19
u19_2013-04-03,29231,u19
u19_2013-04-04,30301,u19
u19_2013-04-05,15320,u19
u19_2013-04-06,36925,u19
u19_2013-04-07,29127,u19
u19_2013-04-08,22919,u19
u19_2013-04-09,33988,u19
u19_2013-04-10,26045,u19
u19_2013-04-11,30724,u19
u19_2013-04-12,23204,u19
u19_2013-04-13,41824,u19
u19_2013-04-14,34706,u19
u19_2013-04-15,8921,u19
u19_2013-04-16,29243,u19
u19_2013-04-17,33618,u19
u19_2013-04-18,32729,u19
u19_2013-04-19,14714,u19
u19_2013-04-20,721,u19
u19_2013-04-21,1420,u19
u19_2013-04-22,5360,u19
u19_2013-04-23,30178,u19
u19_2013-04-24,7745,u19
u19_2013-04-25,36499,u19
u19_2013-04-26,11038,u19
u19_2013-04-27,14105,u19
u19_2013-04-28,602,u19
u19_2013-04-29,61,u19
u19_2013-04-30,0,u19
u19_2013-05-01,15401,u19
u19_2013-05-02,387,u19
u19_2013-05-03,175,u19
u19_2013-05-04,1892,u19
u19_2013-05-05,1309,u19
u19_2013-05-06,10954,u19
u19_2013-05-07,22896,u19
u19_2013-05-08,293,u19
u19_2013-05-09,393,u19
u19_2013-05-10,15762,u19
u19_2013-05-11,15298,u19
u19_2013-05-12,8546,u19
u19_2013-05-13,15361,u19
u19_2013-05-14,22715,u19
u19_2013-05-15,36785,u19
u19_2013-05-16,451,u19
u19_2013-05-17,79,u19
u19_2013-05-18,129,u19
u19_2013-05-19,2113,u19
u19_2013-05-20,16200,u19
u19_2013-05-21,30321,u19
u19_2013-05-22,17827,u19
u19_2013-05-23,34710,u19
u19_2013-05-24,21228,u19
u19_2013-05-25,17809,u19
u19_2013-05-26,28436,u19
u19_2013-05-27,31259,u19
u19_2013-05-28,28281,u19
u19_2013-05-29,32917,u19
u19_2013-05-30,4165,u19
u19_2013-05-31,26132,u19
u20_2013-03-27,23953,u20
u20_2013-03-28,17043,u20
u20_2013-03-29,34075,u20
u20_2013-03-30,8145,u20
u20_2013-03-31,13303,u20
u20_2013-04-01,19815,u20
u20_2013-04-02,24501,u20
u20_2013-04-03,20665,u20
u20_2013-04-04,12387,u20
u20_2013-04-05,15826,u20
u20_2013-04-06,11557,u20
u20_2013-04-07,11911,u20
u20_2013-04-08,23966,u20
u20_2013-04-09,17812,u20
u20_2013-04-10,17349,u20
u20_2013-04-11,27872,u20
u20_2013-04-12,34838,u20
u20_2013-04-13,31599,u20
u20_2013-04-14,5153,u20
u20_2013-04-15,0,u20
u20_2013-04-16,0,u20
u20_2013-04-17,0,u20
u20_2013-04-18,0,u20
u20_2013-04-19,1761,u20
u20_2013-04-20,7866,u20
u20_2013-04-21,5491,u20
u20_2013-04-22,7352,u20
u20_2013-04-23,10751,u20
u20_2013-04-24,9613,u20
u20_2013-04-25,20300,u20
u20_2013-04-26,14795,u20
u20_2013-04-27,14649,u20
u20_2013-04-28,6668,u20
u20_2013-04-29,11393,u20
u20_2013-04-30,9179,u20
u20_2013-05-01,0,u20
u20_2013-05-02,0,u20
u20_2013-05-03,0,u20
u20_2013-05-04,11356,u20
u20_2013-05-05,3463,u20
u20_2013-05-06,16054,u20
u20_2013-05-07,34753,u20
u20_2013-05-08,1884,u20
u20_2013-05-09,1372,u20
u20_2013-05-10,7905,u20
u20_2013-05-11,4898,u20
u20_2013-05-12,1921,u20
u20_2013-05-13,6898,u20
u20_2013-05-14,6563,u20
u20_2013-05-15,5859,u20
u20_2013-05-16,1284,u20
u20_2013-05-17,23814,u20
u20_2013-05-18,2163,u20
u20_2013-05-19,10045,u20
u20_2013-05-20,9514,u20
u20_2013-05-21,1282,u20
u22_2013-03-27,26827,u22
u22_2013-03-28,32330,u22
u22_2013-03-29,26251,u22
u22_2013-03-30,18435,u22
u22_2013-03-31,12265,u22
u22_2013-04-01,8686,u22
u22_2013-04-02,23640,u22
u22_2013-04-03,29767,u22
u22_2013-04-04,25777,u22
u22_2013-04-05,49628,u22
u22_2013-04-06,27958,u22
u22_2013-04-07,5315,u22
u22_2013-04-08,0,u22
u22_2013-04-09,601,u22
u22_2013-04-10,0,u22
u22_2013-04-11,108,u22
u22_2013-04-12,0,u22
u22_2013-04-13,0,u22
u22_2013-04-14,124,u22
u22_2013-04-15,0,u22
u22_2013-04-16,11224,u22
u22_2013-04-17,23952,u22
u22_2013-04-18,30095,u22
u22_2013-04-19,15600,u22
u22_2013-04-20,31687,u22
u22_2013-04-21,10524,u22
u22_2013-04-22,0,u22
u22_2013-04-23,0,u22
u22_2013-04-24,0,u22
u22_2013-04-25,5968,u22
u22_2013-04-26,0,u22
u22_2013-04-27,5061,u22
u22_2013-04-28,32695,u22
u22_2013-04-29,126,u22
u22_2013-04-30,0,u22
u22_2013-05-01,0,u22
u22_2013-05-02,0,u22
u22_2013-05-03,2020,u22
u22_2013-05-04,4188,u22
u22_2013-05-05,15986,u22
u22_2013-05-06,7469,u22
u22_2013-05-07,5465,u22
u22_2013-05-08,0,u22
u22_2013-05-09,349,u22
u22_2013-05-10,55875,u22
u22_2013-05-11,20193,u22
u22_2013-05-12,4394,u22
u22_2013-05-13,0,u22
u22_2013-05-14,0,u22
u22_2013-05-15,29376,u22
u22_2013-05-16,45961,u22
u22_2013-05-17,30428,u22
u22_2013-05-18,21424,u22
u22_2013-05-19,14654,u22
u22_2013-05-20,12019,u22
u22_2013-05-21,16848,u22
u22_2013-05-22,20921,u22
u22_2013-05-23,19848,u22
u22_2013-05-24,43153,u22
u22_2013-05-25,1196,u22
u22_2013-05-26,11312,u22
u22_2013-05-27,58148,u22
u22_2013-05-28,23391,u22
u22_2013-05-29,0,u22
u22_2013-05-30,23262,u22
u22_2013-05-31,48647,u22
u23_2013-03-27,22635,u23
u23_2013-03-28,22941,u23
u23_2013-03-29,9278,u23
u23_2013-03-30,8482,u23
u23_2013-03-31,14707,u23
u23_2013-04-01,12345,u23
u23_2013-04-02,20675,u23
u23_2013-04-03,37103,u23
u23_2013-04-04,17350,u23
u23_2013-04-05,20388,u23
u23_2013-04-06,18516,u23
u23_2013-04-07,15866,u23
u23_2013-04-08,15327,u23
u23_2013-04-09,23512,u23
u23_2013-04-10,18433,u23
u23_2013-04-11,23098,u23
u23_2013-04-12,16335,u23
u23_2013-04-13,16765,u23
u23_2013-04-14,12357,u23
u23_2013-04-15,13705,u23
u23_2013-04-16,12218,u23
u23_2013-04-17,7827,u23
u23_2013-04-18,14683,u23
u23_2013-04-19,10845,u23
u23_2013-04-20,16643,u23
u23_2013-04-21,25834,u23
u23_2013-04-22,23634,u23
u23_2013-04-23,8887,u23
u23_2013-04-24,25406,u23
u23_2013-04-25,19528,u23
u23_2013-04-26,20434,u23
u23_2013-04-27,17477,u23
u23_2013-04-28,31270,u23
u23_2013-04-29,6968,u23
u23_2013-04-30,15663,u23
u23_2013-05-01,21525,u23
u23_2013-05-02,12640,u23
u23_2013-05-03,17588,u23
u23_2013-05-04,9652,u23
u23_2013-05-05,14706,u23
u23_2013-05-06,17960,u23
u23_2013-05-07,29923,u23
u23_2013-05-08,15589,u23
u23_2013-05-09,16021,u23
u23_2013-05-10,20924,u23
u23_2013-05-11,17765,u23
u23_2013-05-12,15555,u23
u23_2013-05-13,7802,u23
u23_2013-05-14,13771,u23
u23_2013-05-15,7452,u23
u23_2013-05-16,6103,u23
u23_2013-05-17,15473,u23
u23_2013-05-18,11162,u23
u23_2013-05-19,9911,u23
u23_2013-05-20,7048,u23
u23_2013-05-21,5831,u23
u23_2013-05-22,14759,u23
u24_2013-03-27,24244,u24
u24_2013-03-28,38969,u24
u24_2013-03-29,43727,u24
u24_2013-03-30,54750,u24
u24_2013-03-31,19348,u24
u24_2013-04-01,20327,u24
u24_2013-04-02,15960,u24
u24_2013-04-03,58779,u24
u24_2013-04-04,20389,u24
u24_2013-04-05,45530,u24
u24_2013-04-06,28472,u24
u24_2013-04-07,20974,u24
u24_2013-04-08,28830,u24
u24_2013-04-09,24991,u24
u24_2013-04-10,6417,u24
u24_2013-04-11,50979,u24
u24_2013-04-12,41952,u24
u24_2013-04-13,40198,u24
u24_2013-04-14,28822,u24
u24_2013-04-15,36877,u24
u24_2013-04-16,23604,u24
u24_2013-04-17,46731,u24
u24_2013-04-18,35392,u24
u24_2013-04-19,10188,u24
u24_2013-04-20,16070,u24
u24_2013-04-21,14203,u24
u24_2013-04-22,24827,u24
u24_2013-04-23,19436,u24
u24_2013-04-24,51754,u24
u24_2013-04-25,32693,u24
u24_2013-04-26,2446,u24
u24_2013-04-27,0,u24
u25_2013-03-27,24990,u25
u25_2013-03-28,32191,u25
u25_2013-03-29,19812,u25
u25_2013-03-30,34086,u25
u25_2013-03-31,48336,u25
u25_2013-04-01,16251,u25
u25_2013-04-02,25084,u25
u25_2013-04-03,37296,u25
u25_2013-04-04,28054,u25
u25_2013-04-05,33948,u25
u25_2013-04-06,17326,u25
u25_2013-04-07,33355,u25
u25_2013-04-08,31376,u25
u25_2013-04-09,14942,u25
u25_2013-04-10,24332,u25
u25_2013-04-11,25096,u25
u25_2013-04-12,44699,u25
u25_2013-04-13,31490,u25
u25_2013-04-14,26033,u25
u25_2013-04-15,33483,u25
u25_2013-04-16,1171,u25
u25_2013-04-17,29382,u25
u25_2013-04-18,28397,u25
u25_2013-04-19,32654,u25
u25_2013-04-20,26269,u25
u25_2013-04-21,32684,u25
u25_2013-04-22,34695,u25
u25_2013-04-23,37324,u25
u25_2013-04-24,27579,u25
u25_2013-04-25,10080,u25
u25_2013-04-26,20022,u25
u25_2013-04-27,11814,u25
u25_2013-04-28,12232,u25
u25_2013-04-29,30344,u25
u25_2013-04-30,12503,u25
u25_2013-05-01,985,u25
u25_2013-05-02,7989,u25
u25_2013-05-03,29994,u25
u25_2013-05-04,17556,u25
u25_2013-05-05,51964,u25
u25_2013-05-06,0,u25
u25_2013-05-07,0,u25
u25_2013-05-08,0,u25
u25_2013-05-09,0,u25
u25_2013-05-10,0,u25
u25_2013-05-11,0,u25
u25_2013-05-12,981,u25
u25_2013-05-13,0,u25
u25_2013-05-14,7946,u25
u25_2013-05-15,28804,u25
u25_2013-05-16,0,u25
u25_2013-05-17,0,u25
u25_2013-05-18,0,u25
u25_2013-05-19,0,u25
u25_2013-05-20,0,u25
u25_2013-05-21,0,u25
u25_2013-05-22,0,u25
u25_2013-05-23,0,u25
u25_2013-05-24,12751,u25
u25_2013-05-25,912,u25
u25_2013-05-26,8953,u25
u25_2013-05-27,2096,u25
u25_2013-05-28,14552,u25
u27_2013-03-27,25674,u27
u27_2013-03-28,46200,u27
u27_2013-03-29,24184,u27
u27_2013-03-30,16617,u27
u27_2013-03-31,32484,u27
u27_2013-04-01,5923,u27
u27_2013-04-02,31833,u27
u27_2013-04-03,21057,u27
u27_2013-04-04,39902,u27
u27_2013-04-05,16144,u27
u27_2013-04-06,2249,u27
u27_2013-04-07,34625,u27
u27_2013-04-08,1858,u27
u27_2013-04-09,29046,u27
u27_2013-04-10,16342,u27
u27_2013-04-11,27991,u27
u27_2013-04-12,12999,u27
u27_2013-04-13,6268,u27
u27_2013-04-14,22504,u27
u27_2013-04-15,9928,u27
u27_2013-04-16,24216,u27
u27_2013-04-17,153,u27
u27_2013-04-18,0,u27
u27_2013-04-19,0,u27
u27_2013-04-20,487,u27
u27_2013-04-21,31168,u27
u27_2013-04-22,18281,u27
u27_2013-04-23,23277,u27
u27_2013-04-24,12678,u27
u27_2013-04-25,23148,u27
u27_2013-04-26,12386,u27
u27_2013-04-27,8261,u27
u27_2013-04-28,25291,u27
u27_2013-04-29,11505,u27
u27_2013-04-30,23025,u27
u27_2013-05-01,24937,u27
u27_2013-05-02,19663,u27
u27_2013-05-03,19810,u27
u27_2013-05-04,9112,u27
u27_2013-05-05,23301,u27
u27_2013-05-06,29763,u27
u27_2013-05-07,32770,u27
u27_2013-05-08,3162,u27
u27_2013-05-09,14033,u27
u27_2013-05-10,24008,u27
u27_2013-05-11,16650,u27
u27_2013-05-12,16051,u27
u27_2013-05-13,14647,u27
u27_2013-05-14,28452,u27
u27_2013-05-15,18797,u27
u27_2013-05-16,13541,u27
u27_2013-05-17,9745,u27
u27_2013-05-18,27069,u27
u27_2013-05-19,19072,u27
u27_2013-05-20,20855,u27
u27_2013-05-21,31371,u27
u27_2013-05-22,13671,u27
u27_2013-05-23,17137,u27
u27_2013-05-24,13587,u27
u27_2013-05-25,9714,u27
u27_2013-05-26,22942,u27
u27_2013-05-27,24731,u27
u27_2013-05-28,34211,u27
u27_2013-05-29,10699,u27
u27_2013-05-30,8188,u27
u27_2013-05-31,17386,u27
u30_2013-03-27,41894,u30
u30_2013-03-28,43118,u30
u30_2013-03-29,79471,u30
u30_2013-03-30,23601,u30
u30_2013-03-31,40321,u30
u30_2013-04-01,44341,u30
u30_2013-04-02,40530,u30
u30_2013-04-03,55048,u30
u30_2013-04-04,43399,u30
u30_2013-04-05,73953,u30
u30_2013-04-06,9116,u30
u30_2013-04-07,44209,u30
u30_2013-04-08,35332,u30
u30_2013-04-09,36760,u30
u30_2013-04-10,49512,u30
u30_2013-04-11,54361,u30
u30_2013-04-12,83569,u30
u30_2013-04-13,29793,u30
u30_2013-04-14,53892,u30
u30_2013-04-15,36579,u30
u30_2013-04-16,36882,u30
u30_2013-04-17,40752,u30
u30_2013-04-18,33754,u30
u30_2013-04-19,69173,u30
u30_2013-04-20,34247,u30
u30_2013-04-21,42089,u30
u30_2013-04-22,37898,u30
u30_2013-04-23,59179,u30
u30_2013-04-24,58509,u30
u30_2013-04-25,24785,u30
u30_2013-04-26,76811,u30
u30_2013-04-27,21574,u30
u30_2013-04-28,56788,u30
u30_2013-04-29,50182,u30
u30_2013-04-30,30139,u30
u30_2013-05-01,20464,u30
u30_2013-05-02,39454,u30
u30_2013-05-03,55815,u30
u30_2013-05-04,14668,u30
u30_2013-05-05,35467,u30
u30_2013-05-06,39229,u30
u30_2013-05-07,28282,u30
u30_2013-05-08,43133,u30
u30_2013-05-09,32897,u30
u30_2013-05-10,69967,u30
u30_2013-05-11,10659,u30
u30_2013-05-12,51314,u30
u30_2013-05-13,23628,u30
u30_2013-05-14,27117,u30
u30_2013-05-15,22238,u30
u30_2013-05-16,3376,u30
u30_2013-05-17,0,u30
u30_2013-05-18,0,u30
u30_2013-05-19,28709,u30
u30_2013-05-20,53609,u30
u30_2013-05-21,59535,u30
u30_2013-05-22,43117,u30
u30_2013-05-23,27786,u30
u30_2013-05-24,34352,u30
u30_2013-05-25,62503,u30
u30_2013-05-26,54362,u30
u30_2013-05-27,16027,u30
u30_2013-05-28,66551,u30
u30_2013-05-29,22437,u30
u30_2013-05-30,34924,u30
u30_2013-05-31,27191,u30
u31_2013-03-27,22845,u31
u31_2013-03-28,47462,u31
u31_2013-03-29,25161,u31
u31_2013-03-30,17582,u31
u31_2013-03-31,45786,u31
u31_2013-04-01,21779,u31
u31_2013-04-02,22355,u31
u31_2013-04-03,35561,u31
u31_2013-04-04,25761,u31
u31_2013-04-05,27687,u31
u31_2013-04-06,28779,u31
u31_2013-04-07,36660,u31
u31_2013-04-08,23853,u31
u31_2013-04-09,34070,u31
u31_2013-04-10,24705,u31
u31_2013-04-11,31104,u31
u31_2013-04-12,11678,u31
u31_2013-04-13,43066,u31
u31_2013-04-14,27219,u31
u31_2013-04-15,31170,u31
u31_2013-04-16,35113,u31
u31_2013-04-17,29340,u31
u31_2013-04-18,31904,u31
u31_2013-04-19,11257,u31
u31_2013-04-20,18732,u31
u31_2013-04-21,39491,u31
u31_2013-04-22,34973,u31
u31_2013-04-23,12841,u31
u31_2013-04-24,17651,u31
u31_2013-04-25,28582,u31
u31_2013-04-26,2761,u31
u31_2013-04-27,13497,u31
u31_2013-04-28,23757,u31
u31_2013-04-29,7969,u31
u31_2013-04-30,25087,u31
u31_2013-05-01,16762,u31
u31_2013-05-02,19024,u31
u31_2013-05-03,4995,u31
u31_2013-05-04,31663,u31
u31_2013-05-05,11288,u31
u31_2013-05-06,393,u31
u31_2013-05-07,29008,u31
u31_2013-05-08,14763,u31
u31_2013-05-09,27730,u31
u31_2013-05-10,26671,u31
u31_2013-05-11,15755,u31
u31_2013-05-12,24556,u31
u31_2013-05-13,25286,u31
u31_2013-05-14,32617,u31
u31_2013-05-15,15831,u31
u31_2013-05-16,10720,u31
u31_2013-05-17,9257,u31
u31_2013-05-18,17551,u31
u31_2013-05-19,18402,u31
u31_2013-05-20,18748,u31
u31_2013-05-21,26749,u31
u31_2013-05-22,14144,u31
u31_2013-05-23,10708,u31
u31_2013-05-24,13546,u31
u31_2013-05-25,27745,u31
u31_2013-05-26,24873,u31
u31_2013-05-27,19901,u31
u31_2013-05-28,38132,u31
u31_2013-05-29,16166,u31
u31_2013-05-30,4604,u31
u32_2013-03-27,26809,u32
u32_2013-03-28,53164,u32
u32_2013-03-29,37422,u32
u32_2013-03-30,46877,u32
u32_2013-03-31,54406,u32
u32_2013-04-01,24567,u32
u32_2013-04-02,22006,u32
u32_2013-04-03,40415,u32
u32_2013-04-04,32485,u32
u32_2013-04-05,24960,u32
u32_2013-04-06,53071,u32
u32_2013-04-07,33901,u32
u32_2013-04-08,22135,u32
u32_2013-04-09,35162,u32
u32_2013-04-10,48578,u32
u32_2013-04-11,48960,u32
u32_2013-04-12,50953,u32
u32_2013-04-13,21004,u32
u32_2013-04-14,0,u32
u32_2013-04-15,0,u32
u32_2013-04-16,0,u32
u32_2013-04-17,22500,u32
u32_2013-04-18,129,u32
u32_2013-04-19,42246,u32
u32_2013-04-20,45935,u32
u32_2013-04-21,31409,u32
u32_2013-04-22,45751,u32
u32_2013-04-23,16471,u32
u32_2013-04-24,37563,u32
u32_2013-04-25,30609,u32
u32_2013-04-26,50451,u32
u32_2013-04-27,61015,u32
u32_2013-04-28,33976,u32
u32_2013-04-29,11726,u32
u32_2013-04-30,844,u32
u32_2013-05-01,0,u32
u32_2013-05-02,378,u32
u32_2013-05-03,0,u32
u32_2013-05-04,0,u32
u32_2013-05-05,6918,u32
u32_2013-05-06,21683,u32
u32_2013-05-07,41012,u32
u32_2013-05-08,26801,u32
u32_2013-05-09,21761,u32
u32_2013-05-10,37704,u32
u32_2013-05-11,26398,u32
u32_2013-05-12,52622,u32
u32_2013-05-13,22842,u32
u32_2013-05-14,5321,u32
u32_2013-05-15,0,u32
u32_2013-05-16,0,u32
u32_2013-05-17,0,u32
u32_2013-05-18,55902,u32
u32_2013-05-19,24240,u32
u32_2013-05-20,29420,u32
u32_2013-05-21,25342,u32
u32_2013-05-22,49679,u32
u32_2013-05-23,62598,u32
u32_2013-05-24,54681,u32
u32_2013-05-25,52052,u32
u32_2013-05-26,67137,u32
u32_2013-05-27,20805,u32
u32_2013-05-28,50283,u32
u32_2013-05-29,57399,u32
u32_2013-05-30,13645,u32
u32_2013-05-31,0,u32
u33_2013-03-27,9260,u33
u33_2013-03-28,27,u33
u33_2013-03-29,24563,u33
u33_2013-03-30,23354,u33
u33_2013-03-31,27410,u33
u33_2013-04-01,15358,u33
u33_2013-04-02,33517,u33
u33_2013-04-03,9707,u33
u33_2013-04-04,29360,u33
u33_2013-04-05,23395,u33
u33_2013-04-06,19643,u33
u33_2013-04-07,36368,u33
u33_2013-04-08,17162,u33
u33_2013-04-09,29800,u33
u33_2013-04-10,36493,u33
u33_2013-04-11,36484,u33
u33_2013-04-12,13642,u33
u33_2013-04-13,2659,u33
u33_2013-04-14,18187,u33
u33_2013-04-15,28384,u33
u33_2013-04-16,29217,u33
u33_2013-04-17,30531,u33
u33_2013-04-18,34961,u33
u33_2013-04-19,19519,u33
u33_2013-04-20,3393,u33
u33_2013-04-21,31471,u33
u33_2013-04-22,23337,u33
u33_2013-04-23,18471,u33
u33_2013-04-24,17130,u33
u33_2013-04-25,27960,u33
u33_2013-04-26,61332,u33
u33_2013-04-27,54605,u33
u33_2013-04-28,18639,u33
u33_2013-04-29,13139,u33
u33_2013-04-30,33869,u33
u33_2013-05-01,13806,u33
u33_2013-05-02,28867,u33
u33_2013-05-03,41789,u33
u33_2013-05-04,21058,u33
u33_2013-05-05,44161,u33
u33_2013-05-06,24669,u33
u33_2013-05-07,35397,u33
u33_2013-05-08,29340,u33
u33_2013-05-09,25542,u33
u33_2013-05-10,56454,u33
u33_2013-05-11,57850,u33
u33_2013-05-12,32909,u33
u33_2013-05-13,23591,u33
u33_2013-05-14,2552,u33
u33_2013-05-15,2984,u33
u33_2013-05-16,28344,u33
u33_2013-05-17,12733,u33
u33_2013-05-18,0,u33
u33_2013-05-19,0,u33
u33_2013-05-20,0,u33
u33_2013-05-21,0,u33
u33_2013-05-22,11744,u33
u33_2013-05-23,0,u33
u33_2013-05-24,0,u33
u33_2013-05-25,0,u33
u33_2013-05-26,0,u33
u33_2013-05-27,0,u33
u33_2013-05-28,0,u33
u33_2013-05-29,8379,u33
u34_2013-03-27,16540,u34
u34_2013-03-28,35885,u34
u34_2013-03-29,12693,u34
u34_2013-03-30,0,u34
u34_2013-03-31,49995,u34
u34_2013-04-01,32698,u34
u34_2013-04-02,38203,u34
u34_2013-04-03,20037,u34
u34_2013-04-04,24419,u34
u34_2013-04-05,32501,u34
u34_2013-04-06,48886,u34
u34_2013-04-07,8879,u34
u34_2013-04-08,22221,u34
u34_2013-04-09,31630,u34
u34_2013-04-10,8,u34
u34_2013-04-11,31454,u34
u34_2013-04-12,24946,u34
u34_2013-04-13,16884,u34
u34_2013-04-14,0,u34
u34_2013-04-15,17003,u34
u34_2013-04-16,1490,u34
u34_2013-04-17,12272,u34
u34_2013-04-18,30376,u34
u34_2013-04-19,29740,u34
u34_2013-04-20,17745,u34
u34_2013-04-21,40,u34
u34_2013-04-22,15711,u34
u34_2013-04-23,14413,u34
u34_2013-04-24,11279,u34
u34_2013-04-25,0,u34
u34_2013-04-26,0,u34
u34_2013-04-27,10075,u34
u34_2013-04-28,25431,u34
u34_2013-04-29,37558,u34
u34_2013-04-30,3084,u34
u34_2013-05-01,0,u34
u34_2013-05-02,0,u34
u34_2013-05-03,0,u34
u34_2013-05-04,0,u34
u34_2013-05-05,0,u34
u34_2013-05-06,1521,u34
u34_2013-05-07,10462,u34
u34_2013-05-08,13653,u34
u34_2013-05-09,23,u34
u34_2013-05-10,11358,u34
u34_2013-05-11,17782,u34
u34_2013-05-12,23728,u34
u34_2013-05-13,14480,u34
u34_2013-05-14,23233,u34
u34_2013-05-15,13810,u34
u34_2013-05-16,0,u34
u34_2013-05-17,0,u34
u34_2013-05-18,0,u34
u34_2013-05-19,17315,u34
u34_2013-05-20,3942,u34
u34_2013-05-21,10099,u34
u34_2013-05-22,0,u34
u34_2013-05-23,0,u34
u34_2013-05-24,0,u34
u34_2013-05-25,7509,u34
u34_2013-05-26,5752,u34
u34_2013-05-27,25127,u34
u34_2013-05-28,28214,u34
u34_2013-05-29,49,u34
u35_2013-03-27,2385,u35
u35_2013-03-28,9675,u35
u35_2013-03-29,18768,u35
u35_2013-03-30,19385,u35
u35_2013-03-31,1155,u35
u35_2013-04-01,18142,u35
u35_2013-04-02,35991,u35
u35_2013-04-03,16226,u35
u35_2013-04-04,12695,u35
u35_2013-04-05,29561,u35
u35_2013-04-06,28680,u35
u35_2013-04-07,1625,u35
u35_2013-04-08,25751,u35
u35_2013-04-09,25393,u35
u35_2013-04-10,25551,u35
u35_2013-04-11,30623,u35
u35_2013-04-12,11903,u35
u35_2013-04-13,18551,u35
u35_2013-04-14,6086,u35
u35_2013-04-15,2128,u35
u35_2013-04-16,19052,u35
u35_2013-04-17,17286,u35
u35_2013-04-18,26079,u35
u35_2013-04-19,19351,u35
u35_2013-04-20,894,u35
u35_2013-04-21,18326,u35
u35_2013-04-22,18051,u35
u35_2013-04-23,24819,u35
u35_2013-04-24,20772,u35
u35_2013-04-25,958,u35
u35_2013-04-26,343,u35
u35_2013-04-27,15974,u35
u35_2013-04-28,21854,u35
u35_2013-04-29,23536,u35
u35_2013-04-30,1592,u35
u35_2013-05-01,28737,u35
u35_2013-05-02,2906,u35
u35_2013-05-03,930,u35
u35_2013-05-04,16310,u35
u35_2013-05-05,979,u35
u35_2013-05-06,19931,u35
u35_2013-05-07,24185,u35
u35_2013-05-08,1273,u35
u35_2013-05-09,320,u35
u35_2013-05-10,15478,u35
u35_2013-05-11,22501,u35
u35_2013-05-12,23377,u35
u35_2013-05-13,11913,u35
u35_2013-05-14,2169,u35
u35_2013-05-15,34524,u35
u35_2013-05-16,2446,u35
u35_2013-05-17,776,u35
u35_2013-05-18,279,u35
u35_2013-05-19,22862,u35
u35_2013-05-20,15384,u35
u35_2013-05-21,1039,u35
u35_2013-05-22,514,u35
u35_2013-05-23,206,u35
u35_2013-05-24,24886,u35
u35_2013-05-25,5112,u35
u35_2013-05-26,367,u35
u35_2013-05-27,19648,u35
u35_2013-05-28,28033,u35
u35_2013-05-29,14509,u35
u35_2013-05-30,20489,u35
u35_2013-05-31,12866,u35
u36_2013-03-27,1915,u36
u36_2013-03-28,11438,u36
u36_2013-03-29,29818,u36
u36_2013-03-30,23046,u36
u36_2013-03-31,18241,u36
u36_2013-04-01,25952,u36
u36_2013-04-02,17448,u36
u36_2013-04-03,13340,u36
u36_2013-04-04,10984,u36
u36_2013-04-05,20673,u36
u36_2013-04-06,461,u36
u36_2013-04-07,0,u36
u36_2013-04-08,0,u36
u36_2013-04-09,8142,u36
u36_2013-04-10,18128,u36
u36_2013-04-11,22398,u36
u36_2013-04-12,15170,u36
u36_2013-04-13,18381,u36
u36_2013-04-14,18682,u36
u36_2013-04-15,10524,u36
u36_2013-04-16,6882,u36
u36_2013-04-17,0,u36
u36_2013-04-18,0,u36
u36_2013-04-19,39525,u36
u36_2013-04-20,51924,u36
u36_2013-04-21,27849,u36
u36_2013-04-22,43830,u36
u36_2013-04-23,42185,u36
u36_2013-04-24,70305,u36
u36_2013-04-25,12943,u36
u36_2013-04-26,7289,u36
u36_2013-04-27,10480,u36
u36_2013-04-28,13254,u36
u36_2013-04-29,10666,u36
u36_2013-04-30,9585,u36
u36_2013-05-01,129,u36
u36_2013-05-02,20550,u36
u36_2013-05-03,14742,u36
u36_2013-05-04,63884,u36
u36_2013-05-05,10938,u36
u36_2013-05-06,14426,u36
u36_2013-05-07,14085,u36
u36_2013-05-08,15492,u36
u36_2013-05-09,20801,u36
u36_2013-05-10,14450,u36
u36_2013-05-11,16411,u36
u36_2013-05-12,11823,u36
u36_2013-05-13,5237,u36
u36_2013-05-14,16944,u36
u36_2013-05-15,17387,u36
u36_2013-05-16,7658,u36
u36_2013-05-17,0,u36
u36_2013-05-18,12210,u36
u36_2013-05-19,5554,u36
u36_2013-05-20,19238,u36
u36_2013-05-21,14543,u36
u36_2013-05-22,9859,u36
u36_2013-05-23,6171,u36
u36_2013-05-24,2477,u36
u36_2013-05-25,0,u36
u36_2013-05-26,1431,u36
u36_2013-05-27,15857,u36
u36_2013-05-28,8687,u36
u36_2013-05-29,25090,u36
u36_2013-05-30,29600,u36
u36_2013-05-31,17714,u36
u39_2013-03-27,32,u39
u39_2013-03-28,7284,u39
u39_2013-03-29,27,u39
u39_2013-03-30,0,u39
u39_2013-03-31,0,u39
u39_2013-04-01,506,u39
u39_2013-04-02,10740,u39
u39_2013-04-03,1943,u39
u39_2013-04-04,501,u39
u39_2013-04-05,2481,u39
u39_2013-04-06,4,u39
u39_2013-04-07,0,u39
u39_2013-04-08,0,u39
u39_2013-04-09,11228,u39
u39_2013-04-10,2481,u39
u39_2013-04-11,0,u39
u39_2013-04-12,3229,u39
u39_2013-04-13,4516,u39
u39_2013-04-14,5312,u39
u39_2013-04-15,9629,u39
u39_2013-04-16,4941,u39
u39_2013-04-17,793,u39
u39_2013-04-18,2628,u39
u39_2013-04-19,945,u39
u39_2013-04-20,1472,u39
u39_2013-04-21,2772,u39
u39_2013-04-22,7057,u39
u39_2013-04-23,5499,u39
u39_2013-04-24,10369,u39
u39_2013-04-25,852,u39
u41_2013-03-27,2345,u41
u41_2013-03-28,9998,u41
u41_2013-03-29,46115,u41
u41_2013-03-30,12272,u41
u41_2013-03-31,23433,u41
u41_2013-04-01,21805,u41
u41_2013-04-02,9018,u41
u41_2013-04-03,23240,u41
u41_2013-04-04,16836,u41
u41_2013-04-05,20099,u41
u41_2013-04-06,4965,u41
u41_2013-04-07,8770,u41
u41_2013-04-08,5792,u41
u41_2013-04-09,13794,u41
u41_2013-04-10,29216,u41
u41_2013-04-11,13850,u41
u41_2013-04-12,20667,u41
u41_2013-04-13,23255,u41
u41_2013-04-14,11533,u41
u41_2013-04-15,24475,u41
u41_2013-04-16,19629,u41
u41_2013-04-17,0,u41
u41_2013-04-18,0,u41
u41_2013-04-19,30788,u41
u41_2013-04-20,40506,u41
u41_2013-04-21,22455,u41
u41_2013-04-22,36822,u41
u41_2013-04-23,16800,u41
u41_2013-04-24,18274,u41
u41_2013-04-25,27322,u41
u41_2013-04-26,13032,u41
u41_2013-04-27,5324,u41
u41_2013-04-28,16872,u41
u41_2013-04-29,22499,u41
u41_2013-04-30,21420,u41
u41_2013-05-01,20166,u41
u41_2013-05-02,0,u41
u41_2013-05-03,0,u41
u41_2013-05-04,0,u41
u41_2013-05-05,0,u41
u41_2013-05-06,0,u41
u41_2013-05-07,307,u41
u41_2013-05-08,11036,u41
u41_2013-05-09,1283,u41
u41_2013-05-10,11620,u41
u41_2013-05-11,6455,u41
u41_2013-05-12,8189,u41
u41_2013-05-13,27781,u41
u41_2013-05-14,8707,u41
u41_2013-05-15,11625,u41
u41_2013-05-16,2068,u41
u41_2013-05-17,0,u41
u41_2013-05-18,0,u41
u41_2013-05-19,0,u41
u41_2013-05-20,15475,u41
u41_2013-05-21,44780,u41
u41_2013-05-22,12320,u41
u41_2013-05-23,0,u41
u41_2013-05-24,18108,u41
u41_2013-05-25,10012,u41
u41_2013-05-26,19753,u41
u41_2013-05-27,23168,u41
u41_2013-05-28,29342,u41
u41_2013-05-29,45725,u41
u41_2013-05-30,8861,u41
u42_2013-03-27,41,u42
u42_2013-03-28,0,u42
u42_2013-03-29,0,u42
u42_2013-03-30,0,u42
u42_2013-03-31,9729,u42
u42_2013-04-01,23735,u42
u42_2013-04-02,38992,u42
u42_2013-04-03,16161,u42
u42_2013-04-04,31528,u42
u42_2013-04-05,30508,u42
u42_2013-04-06,19188,u42
u42_2013-04-07,7971,u42
u42_2013-04-08,18729,u42
u42_2013-04-09,30460,u42
u42_2013-04-10,25447,u42
u42_2013-04-11,26138,u42
u42_2013-04-12,18434,u42
u42_2013-04-13,19986,u42
u42_2013-04-14,3983,u42
u42_2013-04-15,8187,u42
u42_2013-04-16,24687,u42
u42_2013-04-17,12775,u42
u42_2013-04-18,14825,u42
u42_2013-04-19,17702,u42
u42_2013-04-20,4170,u42
u42_2013-04-21,9994,u42
u42_2013-04-22,9990,u42
u42_2013-04-23,0,u42
u42_2013-04-24,0,u42
u42_2013-04-25,6663,u42
u42_2013-04-26,16642,u42
u42_2013-04-27,14198,u42
u42_2013-04-28,24302,u42
u42_2013-04-29,29351,u42
u42_2013-04-30,26055,u42
u42_2013-05-01,134,u42
u42_2013-05-02,3,u42
u42_2013-05-03,3026,u42
u42_2013-05-04,14966,u42
u42_2013-05-05,13768,u42
u42_2013-05-06,13490,u42
u42_2013-05-07,19969,u42
u42_2013-05-08,4141,u42
u42_2013-05-09,0,u42
u42_2013-05-10,293,u42
u42_2013-05-11,12065,u42
u42_2013-05-12,5787,u42
u42_2013-05-13,24031,u42
u42_2013-05-14,34090,u42
u42_2013-05-15,4836,u42
u42_2013-05-16,0,u42
u42_2013-05-17,70,u42
u42_2013-05-18,8926,u42
u42_2013-05-19,8692,u42
u42_2013-05-20,7100,u42
u42_2013-05-21,13755,u42
u43_2013-03-27,69,u43
u43_2013-03-28,0,u43
u43_2013-03-29,0,u43
u43_2013-03-30,0,u43
u43_2013-03-31,1875,u43
u43_2013-04-01,28814,u43
u43_2013-04-02,24466,u43
u43_2013-04-03,31755,u43
u43_2013-04-04,20478,u43
u43_2013-04-05,30304,u43
u43_2013-04-06,36861,u43
u43_2013-04-07,29100,u43
u43_2013-04-08,30361,u43
u43_2013-04-09,30069,u43
u43_2013-04-10,24153,u43
u43_2013-04-11,23023,u43
u43_2013-04-12,14023,u43
u43_2013-04-13,32589,u43
u43_2013-04-14,25706,u43
u43_2013-04-15,46807,u43
u43_2013-04-16,33693,u43
u43_2013-04-17,35334,u43
u43_2013-04-18,28772,u43
u43_2013-04-19,48466,u43
u43_2013-04-20,43528,u43
u43_2013-04-21,20529,u43
u43_2013-04-22,31569,u43
u43_2013-04-23,24983,u43
u43_2013-04-24,37902,u43
u43_2013-04-25,19415,u43
u43_2013-04-26,0,u43
u43_2013-04-27,2152,u43
u43_2013-04-28,23290,u43
u43_2013-04-29,2645,u43
u43_2013-04-30,14457,u43
u43_2013-05-01,18080,u43
u43_2013-05-02,23503,u43
u43_2013-05-03,15342,u43
u43_2013-05-04,2638,u43
u43_2013-05-05,6334,u43
u43_2013-05-06,7732,u43
u43_2013-05-07,23837,u43
u43_2013-05-08,13456,u43
u43_2013-05-09,5317,u43
u43_2013-05-10,25276,u43
u43_2013-05-11,11014,u43
u43_2013-05-12,17633,u43
u43_2013-05-13,24359,u43
u43_2013-05-14,18524,u43
u43_2013-05-15,22322,u43
u43_2013-05-16,3334,u43
u43_2013-05-17,1264,u43
u43_2013-05-18,7175,u43
u43_2013-05-19,17470,u43
u43_2013-05-20,24497,u43
u43_2013-05-21,9994,u43
u43_2013-05-22,1913,u43
u43_2013-05-23,13246,u43
u43_2013-05-24,15506,u43
u43_2013-05-25,32586,u43
u43_2013-05-26,17003,u43
u43_2013-05-27,13871,u43
u43_2013-05-28,38299,u43
u44_2013-03-27,64,u44
u44_2013-03-28,0,u44
u44_2013-03-29,0,u44
u44_2013-03-30,0,u44
u44_2013-03-31,686,u44
u44_2013-04-01,9500,u44
u44_2013-04-02,16763,u44
u44_2013-04-03,5376,u44
u44_2013-04-04,16793,u44
u44_2013-04-05,16722,u44
u44_2013-04-06,7421,u44
u44_2013-04-07,15789,u44
u44_2013-04-08,10451,u44
u44_2013-04-09,22193,u44
u44_2013-04-10,10085,u44
u44_2013-04-11,14432,u44
u44_2013-04-12,19421,u44
u44_2013-04-13,6477,u44
u44_2013-04-14,0,u44
u44_2013-04-15,8331,u44
u44_2013-04-16,17819,u44
u44_2013-04-17,11497,u44
u44_2013-04-18,14607,u44
u44_2013-04-19,12178,u44
u44_2013-04-20,14410,u44
u44_2013-04-21,15968,u44
u44_2013-04-22,18109,u44
u44_2013-04-23,16265,u44
u44_2013-04-24,5960,u44
u44_2013-04-25,21024,u44
u44_2013-04-26,11929,u44
u44_2013-04-27,5412,u44
u44_2013-04-28,19125,u44
u44_2013-04-29,25793,u44
u44_2013-04-30,20352,u44
u44_2013-05-01,9407,u44
u44_2013-05-02,14030,u44
u44_2013-05-03,8011,u44
u44_2013-05-04,5966,u44
u44_2013-05-05,5924,u44
u44_2013-05-06,9542,u44
u44_2013-05-07,8790,u44
u44_2013-05-08,17034,u44
u44_2013-05-09,7706,u44
u44_2013-05-10,8463,u44
u44_2013-05-11,1357,u44
u44_2013-05-12,305,u44
u44_2013-05-13,11322,u44
u44_2013-05-14,18426,u44
u44_2013-05-15,7751,u44
u44_2013-05-16,14682,u44
u44_2013-05-17,11784,u44
u44_2013-05-18,10107,u44
u44_2013-05-19,5469,u44
u44_2013-05-20,11008,u44
u44_2013-05-21,15906,u44
u44_2013-05-22,8705,u44
u44_2013-05-23,10583,u44
u44_2013-05-24,12519,u44
u44_2013-05-25,9508,u44
u44_2013-05-26,20248,u44
u44_2013-05-27,19889,u44
u44_2013-05-28,7585,u44
u44_2013-05-29,3258,u44
u44_2013-05-30,15028,u44
u44_2013-05-31,142,u44
u45_2013-03-27,158,u45
u45_2013-03-28,0,u45
u45_2013-03-29,0,u45
u45_2013-03-30,0,u45
u45_2013-03-31,0,u45
u45_2013-04-01,32227,u45
u45_2013-04-02,45902,u45
u45_2013-04-03,25741,u45
u45_2013-04-04,42426,u45
u45_2013-04-05,25647,u45
u45_2013-04-06,885,u45
u45_2013-04-07,15662,u45
u45_2013-04-08,28954,u45
u45_2013-04-09,4029,u45
u45_2013-04-10,33896,u45
u45_2013-04-11,47462,u45
u45_2013-04-12,26274,u45
u45_2013-04-13,25278,u45
u45_2013-04-14,32097,u45
u45_2013-04-15,10295,u45
u45_2013-04-16,0,u45
u45_2013-04-17,23965,u45
u45_2013-04-18,12394,u45
u45_2013-04-19,0,u45
u45_2013-04-20,7156,u45
u45_2013-04-21,20471,u45
u45_2013-04-22,29101,u45
u45_2013-04-23,13713,u45
u45_2013-04-24,0,u45
u45_2013-04-25,0,u45
u45_2013-04-26,0,u45
u45_2013-04-27,12563,u45
u45_2013-04-28,19710,u45
u45_2013-04-29,31808,u45
u45_2013-04-30,21406,u45
u45_2013-05-01,0,u45
u45_2013-05-02,0,u45
u45_2013-05-03,0,u45
u45_2013-05-04,27284,u45
u45_2013-05-05,18334,u45
u45_2013-05-06,22019,u45
u45_2013-05-07,27668,u45
u45_2013-05-08,10028,u45
u45_2013-05-09,2139,u45
u45_2013-05-10,14618,u45
u45_2013-05-11,9515,u45
u45_2013-05-12,19466,u45
u45_2013-05-13,19419,u45
u45_2013-05-14,8764,u45
u45_2013-05-15,9034,u45
u45_2013-05-16,0,u45
u45_2013-05-17,8675,u45
u45_2013-05-18,0,u45
u45_2013-05-19,11162,u45
u45_2013-05-20,21989,u45
u45_2013-05-21,13677,u45
u45_2013-05-22,0,u45
u45_2013-05-23,0,u45
u45_2013-05-24,29198,u45
u45_2013-05-25,21607,u45
u45_2013-05-26,24178,u45
u45_2013-05-27,16218,u45
u45_2013-05-28,16503,u45
u46_2013-03-27,181,u46
u46_2013-03-28,0,u46
u46_2013-03-29,0,u46
u46_2013-03-30,0,u46
u46_2013-03-31,36666,u46
u46_2013-04-01,35442,u46
u46_2013-04-02,53931,u46
u46_2013-04-03,54059,u46
u46_2013-04-04,48165,u46
u46_2013-04-05,43137,u46
u46_2013-04-06,43233,u46
u46_2013-04-07,34069,u46
u46_2013-04-08,29574,u46
u46_2013-04-09,35528,u46
u46_2013-04-10,51497,u46
u46_2013-04-11,33623,u46
u46_2013-04-12,32845,u46
u46_2013-04-13,36332,u46
u46_2013-04-14,34363,u46
u46_2013-04-15,23476,u46
u46_2013-04-16,40220,u46
u46_2013-04-17,26819,u46
u46_2013-04-18,37529,u46
u46_2013-04-19,30416,u46
u46_2013-04-20,24853,u46
u46_2013-04-21,21483,u46
u46_2013-04-22,37746,u46
u46_2013-04-23,41414,u46
u46_2013-04-24,33267,u46
u46_2013-04-25,19167,u46
u46_2013-04-26,43554,u46
u46_2013-04-27,51679,u46
u46_2013-04-28,32574,u46
u46_2013-04-29,23724,u46
u46_2013-04-30,28177,u46
u46_2013-05-01,47355,u46
u46_2013-05-02,52039,u46
u46_2013-05-03,51936,u46
u46_2013-05-04,60805,u46
u46_2013-05-05,31880,u46
u46_2013-05-06,34519,u46
u46_2013-05-07,42053,u46
u46_2013-05-08,51204,u46
u46_2013-05-09,30141,u46
u46_2013-05-10,54372,u46
u46_2013-05-11,48427,u46
u46_2013-05-12,34552,u46
u46_2013-05-13,34208,u46
u46_2013-05-14,14122,u46
u46_2013-05-15,43119,u46
u46_2013-05-16,49856,u46
u46_2013-05-17,56379,u46
u46_2013-05-18,26558,u46
u46_2013-05-19,20965,u46
u46_2013-05-20,61300,u46
u46_2013-05-21,24096,u46
u46_2013-05-22,15935,u46
u46_2013-05-23,411,u46
u47_2013-03-28,31118,u47
u47_2013-03-29,9197,u47
u47_2013-03-30,1948,u47
u47_2013-03-31,8700,u47
u47_2013-04-01,10279,u47
u47_2013-04-02,0,u47
u47_2013-04-03,17562,u47
u47_2013-04-04,15788,u47
u47_2013-04-05,2158,u47
u47_2013-04-06,0,u47
u47_2013-04-07,0,u47
u47_2013-04-08,4870,u47
u47_2013-04-09,0,u47
u47_2013-04-10,10368,u47
u47_2013-04-11,9928,u47
u47_2013-04-12,14625,u47
u47_2013-04-13,6983,u47
u47_2013-04-14,22163,u47
u47_2013-04-15,10837,u47
u47_2013-04-16,8949,u47
u47_2013-04-17,20148,u47
u47_2013-04-18,13798,u47
u47_2013-04-19,10686,u47
u47_2013-04-20,13649,u47
u47_2013-04-21,16256,u47
u47_2013-04-22,12385,u47
u47_2013-04-23,4346,u47
u47_2013-04-24,13272,u47
u47_2013-04-25,0,u47
u47_2013-04-26,4606,u47
u47_2013-04-27,7209,u47
u47_2013-04-28,1523,u47
u47_2013-04-29,11021,u47
u47_2013-04-30,12000,u47
u47_2013-05-01,0,u47
u47_2013-05-02,12433,u47
u47_2013-05-03,9126,u47
u47_2013-05-04,269,u47
u47_2013-05-05,7976,u47
u47_2013-05-06,0,u47
u47_2013-05-07,0,u47
u47_2013-05-08,0,u47
u47_2013-05-09,0,u47
u47_2013-05-10,0,u47
u47_2013-05-11,4864,u47
u47_2013-05-12,2792,u47
u47_2013-05-13,0,u47
u47_2013-05-14,2855,u47
u47_2013-05-15,0,u47
u47_2013-05-16,0,u47
u47_2013-05-17,8032,u47
u47_2013-05-18,18768,u47
u47_2013-05-19,11472,u47
u47_2013-05-20,29738,u47
u47_2013-05-21,24765,u47
u47_2013-05-22,20337,u47
u47_2013-05-23,22830,u47
u47_2013-05-24,16256,u47
u47_2013-05-25,11554,u47
u47_2013-05-26,29109,u47
u47_2013-05-27,22275,u47
u47_2013-05-28,44369,u47
u47_2013-05-29,13804,u47
u49_2013-03-27,314,u49
u49_2013-03-28,14963,u49
u49_2013-03-29,29834,u49
u49_2013-03-30,29559,u49
u49_2013-03-31,19800,u49
u49_2013-04-01,16252,u49
u49_2013-04-02,19047,u49
u49_2013-04-03,10621,u49
u49_2013-04-04,1247,u49
u49_2013-04-05,14770,u49
u49_2013-04-06,21293,u49
u49_2013-04-07,20455,u49
u49_2013-04-08,17378,u49
u49_2013-04-09,14240,u49
u49_2013-04-10,22169,u49
u49_2013-04-11,11296,u49
u49_2013-04-12,870,u49
u49_2013-04-13,1897,u49
u49_2013-04-14,16626,u49
u49_2013-04-15,12412,u49
u49_2013-04-16,14832,u49
u49_2013-04-17,17846,u49
u49_2013-04-18,11233,u49
u49_2013-04-19,19090,u49
u49_2013-04-20,24689,u49
u49_2013-04-21,9095,u49
u49_2013-04-22,17476,u49
u49_2013-04-23,15867,u49
u49_2013-04-24,20737,u49
u49_2013-04-25,21973,u49
u49_2013-04-26,4440,u49
u49_2013-04-27,18751,u49
u49_2013-04-28,13497,u49
u49_2013-04-29,22724,u49
u49_2013-04-30,18613,u49
u49_2013-05-01,19237,u49
u49_2013-05-02,9977,u49
u49_2013-05-03,7078,u49
u49_2013-05-04,11698,u49
u49_2013-05-05,6781,u49
u49_2013-05-06,11815,u49
u49_2013-05-07,15908,u49
u49_2013-05-08,23360,u49
u49_2013-05-09,15034,u49
u49_2013-05-10,17353,u49
u49_2013-05-11,11674,u49
u49_2013-05-12,37425,u49
u49_2013-05-13,27882,u49
u49_2013-05-14,49488,u49
u49_2013-05-15,65276,u49
u49_2013-05-16,23565,u49
u49_2013-05-17,34732,u49
u49_2013-05-18,67984,u49
u49_2013-05-19,58529,u49
u49_2013-05-20,38786,u49
u49_2013-05-21,54829,u49
u49_2013-05-22,52639,u49
u49_2013-05-23,46018,u49
u49_2013-05-24,43557,u49
u49_2013-05-25,76654,u49
u49_2013-05-26,39038,u49
u49_2013-05-27,51387,u49
u49_2013-05-28,35540,u49
u49_2013-05-29,24014,u49
u49_2013-05-30,56737,u49
u49_2013-05-31,32640,u49
u50_2013-03-28,9251,u50
u50_2013-03-29,16353,u50
u50_2013-03-30,13224,u50
u50_2013-03-31,21414,u50
u50_2013-04-01,7200,u50
u50_2013-04-02,9406,u50
u50_2013-04-03,8423,u50
u50_2013-04-04,11562,u50
u50_2013-04-05,14648,u50
u50_2013-04-06,3681,u50
u50_2013-04-07,6753,u50
u50_2013-04-08,10860,u50
u50_2013-04-09,7571,u50
u50_2013-04-10,12675,u50
u50_2013-04-11,10007,u50
u50_2013-04-12,9427,u50
u50_2013-04-13,2073,u50
u50_2013-04-14,9812,u50
u50_2013-04-15,8229,u50
u50_2013-04-16,12992,u50
u50_2013-04-17,10594,u50
u50_2013-04-18,11060,u50
u50_2013-04-19,3380,u50
u50_2013-04-20,6610,u50
u50_2013-04-21,396,u50
u50_2013-04-22,5759,u50
u50_2013-04-23,10971,u50
u50_2013-04-24,2843,u50
u50_2013-04-25,0,u50
u50_2013-04-26,0,u50
u50_2013-04-27,7912,u50
u50_2013-04-28,927,u50
u50_2013-04-29,4370,u50
u50_2013-04-30,0,u50
u50_2013-05-01,0,u50
u50_2013-05-02,0,u50
u50_2013-05-03,0,u50
u50_2013-05-04,0,u50
u50_2013-05-05,0,u50
u50_2013-05-06,0,u50
u50_2013-05-07,0,u50
u50_2013-05-08,0,u50
u50_2013-05-09,6449,u50
u50_2013-05-10,12262,u50
u50_2013-05-11,5846,u50
u50_2013-05-12,8127,u50
u50_2013-05-13,8331,u50
u50_2013-05-14,11446,u50
u50_2013-05-15,2725,u50
u50_2013-05-16,0,u50
u50_2013-05-17,0,u50
u50_2013-05-18,0,u50
u50_2013-05-19,0,u50
u50_2013-05-20,0,u50
u50_2013-05-21,0,u50
u50_2013-05-22,0,u50
u50_2013-05-23,0,u50
u50_2013-05-24,0,u50
u50_2013-05-25,0,u50
u50_2013-05-26,0,u50
u50_2013-05-27,0,u50
u50_2013-05-28,3392,u50
u50_2013-05-29,0,u50
u50_2013-05-30,0,u50
u50_2013-05-31,18831,u50
u51_2013-03-27,7064,u51
u51_2013-03-28,23529,u51
u51_2013-03-29,37321,u51
u51_2013-03-30,25730,u51
u51_2013-03-31,18971,u51
u51_2013-04-01,23814,u51
u51_2013-04-02,22100,u51
u51_2013-04-03,2606,u51
u51_2013-04-04,18994,u51
u51_2013-04-05,26172,u51
u51_2013-04-06,31962,u51
u51_2013-04-07,13828,u51
u51_2013-04-08,11889,u51
u51_2013-04-09,13145,u51
u51_2013-04-10,18451,u51
u51_2013-04-11,19128,u51
u51_2013-04-12,14223,u51
u51_2013-04-13,16277,u51
u51_2013-04-14,14696,u51
u51_2013-04-15,18827,u51
u51_2013-04-16,11155,u51
u51_2013-04-17,14267,u51
u51_2013-04-18,21201,u51
u51_2013-04-19,7185,u51
u51_2013-04-20,10518,u51
u51_2013-04-21,15070,u51
u51_2013-04-22,21371,u51
u51_2013-04-23,14825,u51
u51_2013-04-24,14615,u51
u51_2013-04-25,14382,u51
u51_2013-04-26,13595,u51
u51_2013-04-27,6129,u51
u51_2013-04-28,3296,u51
u51_2013-04-29,10101,u51
u51_2013-04-30,7330,u51
u51_2013-05-01,309,u51
u51_2013-05-02,7090,u51
u51_2013-05-03,25357,u51
u51_2013-05-04,75438,u51
u51_2013-05-05,15282,u51
u51_2013-05-06,4091,u51
u51_2013-05-07,7408,u51
u51_2013-05-08,11515,u51
u51_2013-05-09,18567,u51
u51_2013-05-10,31196,u51
u51_2013-05-11,15096,u51
u51_2013-05-12,17999,u51
u51_2013-05-13,17471,u51
u51_2013-05-14,14403,u51
u51_2013-05-15,23448,u51
u51_2013-05-16,23078,u51
u51_2013-05-17,26167,u51
u51_2013-05-18,7884,u51
u51_2013-05-19,2435,u51
u51_2013-05-20,15318,u51
u51_2013-05-21,29056,u51
u51_2013-05-22,25692,u51
u51_2013-05-23,14370,u51
u51_2013-05-24,22058,u51
u51_2013-05-25,35640,u51
u51_2013-05-26,22470,u51
u51_2013-05-27,21993,u51
u51_2013-05-28,17081,u51
u51_2013-05-29,28938,u51
u51_2013-05-30,30278,u51
u51_2013-05-31,16454,u51
u52_2013-03-27,89,u52
u52_2013-03-28,8366,u52
u52_2013-03-29,21623,u52
u52_2013-03-30,9871,u52
u52_2013-03-31,14863,u52
u52_2013-04-01,6771,u52
u52_2013-04-02,9911,u52
u52_2013-04-03,16362,u52
u52_2013-04-04,11748,u52
u52_2013-04-05,2763,u52
u52_2013-04-06,103305,u52
u52_2013-04-07,84479,u52
u52_2013-04-08,11571,u52
u52_2013-04-09,8781,u52
u52_2013-04-10,22941,u52
u52_2013-04-11,11627,u52
u52_2013-04-12,12258,u52
u52_2013-04-13,12185,u52
u52_2013-04-14,6004,u52
u52_2013-04-15,4685,u52
u52_2013-04-16,1568,u52
u52_2013-04-17,13562,u52
u52_2013-04-18,6573,u52
u52_2013-04-19,14266,u52
u52_2013-04-20,2456,u52
u52_2013-04-21,9618,u52
u52_2013-04-22,7479,u52
u52_2013-04-23,6900,u52
u52_2013-04-24,8269,u52
u52_2013-04-25,9094,u52
u52_2013-04-26,5146,u52
u52_2013-04-27,9624,u52
u52_2013-04-28,6820,u52
u52_2013-04-29,4533,u52
u52_2013-04-30,10732,u52
u52_2013-05-01,5895,u52
u52_2013-05-02,5058,u52
u52_2013-05-03,19266,u52
u52_2013-05-04,7028,u52
u52_2013-05-05,4533,u52
u52_2013-05-06,5094,u52
u52_2013-05-07,2825,u52
u52_2013-05-08,6514,u52
u52_2013-05-09,2021,u52
u52_2013-05-10,7651,u52
u52_2013-05-11,1880,u52
u52_2013-05-12,3882,u52
u52_2013-05-13,4490,u52
u52_2013-05-14,10969,u52
u52_2013-05-15,4414,u52
u52_2013-05-16,17911,u52
u52_2013-05-17,3071,u52
u52_2013-05-18,10563,u52
u52_2013-05-19,8149,u52
u52_2013-05-20,4498,u52
u52_2013-05-21,5599,u52
u52_2013-05-22,16509,u52
u52_2013-05-23,14787,u52
u52_2013-05-24,2352,u52
u52_2013-05-25,5697,u52
u52_2013-05-26,1395,u52
u52_2013-05-27,4387,u52
u52_2013-05-28,3236,u52
u52_2013-05-29,3250,u52
u52_2013-05-30,3159,u52
u52_2013-05-31,2264,u52
u53_2013-03-27,27858,u53
u53_2013-03-28,18512,u53
u53_2013-03-29,27330,u53
u53_2013-03-30,39087,u53
u53_2013-03-31,38199,u53
u53_2013-04-01,18838,u53
u53_2013-04-02,9949,u53
u53_2013-04-03,40656,u53
u53_2013-04-04,22171,u53
u53_2013-04-05,33684,u53
u53_2013-04-06,15239,u53
u53_2013-04-07,31899,u53
u53_2013-04-08,32816,u53
u53_2013-04-09,9180,u53
u53_2013-04-10,23823,u53
u53_2013-04-11,10436,u53
u53_2013-04-12,13951,u53
u53_2013-04-13,10041,u53
u53_2013-04-14,19298,u53
u53_2013-04-15,12605,u53
u53_2013-04-16,8967,u53
u53_2013-04-17,7939,u53
u53_2013-04-18,13772,u53
u53_2013-04-19,31282,u53
u53_2013-04-20,15200,u53
u53_2013-04-21,21712,u53
u53_2013-04-22,11453,u53
u53_2013-04-23,10273,u53
u53_2013-04-24,17103,u53
u53_2013-04-25,22079,u53
u53_2013-04-26,22995,u53
u53_2013-04-27,25952,u53
u53_2013-04-28,10615,u53
u53_2013-04-29,7402,u53
u53_2013-04-30,17171,u53
u53_2013-05-01,22255,u53
u53_2013-05-02,14416,u53
u53_2013-05-03,40482,u53
u53_2013-05-04,18224,u53
u53_2013-05-05,16136,u53
u53_2013-05-06,13992,u53
u53_2013-05-07,16398,u53
u53_2013-05-08,24601,u53
u53_2013-05-09,15864,u53
u53_2013-05-10,27417,u53
u53_2013-05-11,40115,u53
u53_2013-05-12,12539,u53
u53_2013-05-13,6705,u53
u53_2013-05-14,3058,u53
u53_2013-05-15,14788,u53
u53_2013-05-16,13683,u53
u53_2013-05-17,13782,u53
u53_2013-05-18,0,u53
u53_2013-05-19,1779,u53
u53_2013-05-20,22705,u53
u53_2013-05-21,221,u53
u53_2013-05-22,17677,u53
u53_2013-05-23,864,u53
u53_2013-05-24,0,u53
u53_2013-05-25,5928,u53
u53_2013-05-26,11960,u53
u53_2013-05-27,2496,u53
u53_2013-05-28,16360,u53
u53_2013-05-29,10203,u53
u53_2013-05-30,10972,u53
u53_2013-05-31,839,u53
u54_2013-03-27,20972,u54
u54_2013-03-28,14312,u54
u54_2013-03-29,63820,u54
u54_2013-03-30,66036,u54
u54_2013-03-31,66025,u54
u54_2013-04-01,20520,u54
u54_2013-04-02,10225,u54
u54_2013-04-03,2870,u54
u54_2013-04-04,25406,u54
u54_2013-04-05,4529,u54
u54_2013-04-06,14116,u54
u54_2013-04-07,9541,u54
u54_2013-04-08,25773,u54
u54_2013-04-09,32941,u54
u54_2013-04-10,30996,u54
u54_2013-04-11,5389,u54
u54_2013-04-12,10950,u54
u54_2013-04-13,13370,u54
u54_2013-04-14,8921,u54
u54_2013-04-15,10115,u54
u54_2013-04-16,2285,u54
u54_2013-04-17,11488,u54
u54_2013-04-18,20592,u54
u54_2013-04-19,28909,u54
u54_2013-04-20,30804,u54
u54_2013-04-21,22193,u54
u54_2013-04-22,5127,u54
u54_2013-04-23,1482,u54
u54_2013-04-24,21477,u54
u54_2013-04-25,18173,u54
u54_2013-04-26,22280,u54
u54_2013-04-27,32206,u54
u54_2013-04-28,21015,u54
u54_2013-04-29,35700,u54
u54_2013-04-30,12270,u54
u54_2013-05-01,8810,u54
u54_2013-05-02,12480,u54
u54_2013-05-03,27547,u54
u54_2013-05-04,33850,u54
u54_2013-05-05,21819,u54
u54_2013-05-06,9524,u54
u54_2013-05-07,24393,u54
u54_2013-05-08,18846,u54
u54_2013-05-09,9743,u54
u54_2013-05-10,0,u54
u54_2013-05-11,0,u54
u54_2013-05-12,0,u54
u54_2013-05-13,0,u54
u54_2013-05-14,0,u54
u54_2013-05-15,0,u54
u54_2013-05-16,0,u54
u54_2013-05-17,0,u54
u54_2013-05-18,0,u54
u54_2013-05-19,0,u54
u54_2013-05-20,0,u54
u54_2013-05-21,0,u54
u54_2013-05-22,0,u54
u54_2013-05-23,0,u54
u54_2013-05-24,0,u54
u54_2013-05-25,0,u54
u54_2013-05-26,0,u54
u54_2013-05-27,0,u54
u54_2013-05-28,32994,u54
u54_2013-05-29,23551,u54
u54_2013-05-30,1854,u54
u56_2013-03-27,19173,u56
u56_2013-03-28,14785,u56
u56_2013-03-29,18289,u56
u56_2013-03-30,44174,u56
u56_2013-03-31,29428,u56
u56_2013-04-01,4009,u56
u56_2013-04-02,21036,u56
u56_2013-04-03,18481,u56
u56_2013-04-04,20957,u56
u56_2013-04-05,22767,u56
u56_2013-04-06,38207,u56
u56_2013-04-07,13394,u56
u56_2013-04-08,23568,u56
u56_2013-04-09,27068,u56
u56_2013-04-10,28702,u56
u56_2013-04-11,2548,u56
u56_2013-04-12,17856,u56
u56_2013-04-13,29842,u56
u56_2013-04-14,16564,u56
u56_2013-04-15,14290,u56
u56_2013-04-16,15572,u56
u56_2013-04-17,27977,u56
u56_2013-04-18,18615,u56
u56_2013-04-19,26222,u56
u56_2013-04-20,17048,u56
u56_2013-04-21,31036,u56
u56_2013-04-22,21606,u56
u56_2013-04-23,27630,u56
u56_2013-04-24,16179,u56
u56_2013-04-25,14867,u56
u56_2013-04-26,17176,u56
u56_2013-04-27,22222,u56
u56_2013-04-28,18311,u56
u56_2013-04-29,23615,u56
u56_2013-04-30,12322,u56
u56_2013-05-01,13224,u56
u56_2013-05-02,22560,u56
u56_2013-05-03,12212,u56
u56_2013-05-04,14,u56
u56_2013-05-05,0,u56
u56_2013-05-06,0,u56
u56_2013-05-07,0,u56
u56_2013-05-08,0,u56
u56_2013-05-09,0,u56
u56_2013-05-10,0,u56
u56_2013-05-11,0,u56
u56_2013-05-12,0,u56
u56_2013-05-13,13565,u56
u56_2013-05-14,32614,u56
u56_2013-05-15,18945,u56
u56_2013-05-16,12223,u56
u56_2013-05-17,10296,u56
u56_2013-05-18,10879,u56
u56_2013-05-19,27767,u56
u56_2013-05-20,9170,u56
u56_2013-05-21,12377,u56
u56_2013-05-22,16731,u56
u56_2013-05-23,22856,u56
u56_2013-05-24,18643,u56
u56_2013-05-25,13591,u56
u56_2013-05-26,7340,u56
u56_2013-05-27,37862,u56
u56_2013-05-28,16034,u56
u56_2013-05-29,22253,u56
u56_2013-05-30,27845,u56
u56_2013-05-31,39612,u56
u57_2013-03-27,46084,u57
u57_2013-03-28,41260,u57
u57_2013-03-29,42733,u57
u57_2013-03-30,51793,u57
u57_2013-03-31,41403,u57
u57_2013-04-01,38288,u57
u57_2013-04-02,26706,u57
u57_2013-04-03,36663,u57
u57_2013-04-04,26391,u57
u57_2013-04-05,41353,u57
u57_2013-04-06,22187,u57
u57_2013-04-07,13670,u57
u57_2013-04-08,50950,u57
u57_2013-04-09,36685,u57
u57_2013-04-10,43035,u57
u57_2013-04-11,27549,u57
u57_2013-04-12,34029,u57
u57_2013-04-13,45770,u57
u57_2013-04-14,51063,u57
u57_2013-04-15,32670,u57
u57_2013-04-16,28448,u57
u57_2013-04-17,35644,u57
u57_2013-04-18,27796,u57
u57_2013-04-19,44454,u57
u57_2013-04-20,50643,u57
u57_2013-04-21,25116,u57
u57_2013-04-22,35858,u57
u57_2013-04-23,25444,u57
u57_2013-04-24,32553,u57
u57_2013-04-25,39473,u57
u57_2013-04-26,31630,u57
u57_2013-04-27,36498,u57
u57_2013-04-28,32784,u57
u57_2013-04-29,28985,u57
u57_2013-04-30,28938,u57
u57_2013-05-01,36844,u57
u57_2013-05-02,26300,u57
u57_2013-05-03,21130,u57
u57_2013-05-04,37287,u57
u57_2013-05-05,26576,u57
u57_2013-05-06,25211,u57
u57_2013-05-07,34234,u57
u57_2013-05-08,33236,u57
u57_2013-05-09,32243,u57
u57_2013-05-10,33417,u57
u57_2013-05-11,55047,u57
u57_2013-05-12,31504,u57
u57_2013-05-13,37309,u57
u57_2013-05-14,29675,u57
u57_2013-05-15,33558,u57
u57_2013-05-16,44612,u57
u57_2013-05-17,49612,u57
u57_2013-05-18,50325,u57
u57_2013-05-19,29758,u57
u57_2013-05-20,28565,u57
u57_2013-05-21,28577,u57
u57_2013-05-22,36509,u57
u57_2013-05-23,35360,u57
u57_2013-05-24,45066,u57
u57_2013-05-25,30935,u57
u57_2013-05-26,36463,u57
u57_2013-05-27,32518,u57
u57_2013-05-28,32776,u57
u57_2013-05-29,41919,u57
u57_2013-05-30,46691,u57
u57_2013-05-31,32899,u57
u58_2013-03-27,29723,u58
u58_2013-03-28,14149,u58
u58_2013-03-29,33768,u58
u58_2013-03-30,49443,u58
u58_2013-03-31,60384,u58
u58_2013-04-01,28108,u58
u58_2013-04-02,23421,u58
u58_2013-04-03,22422,u58
u58_2013-04-04,33083,u58
u58_2013-04-05,28838,u58
u58_2013-04-06,45293,u58
u58_2013-04-07,14345,u58
u58_2013-04-08,28375,u58
u58_2013-04-09,40651,u58
u58_2013-04-10,46563,u58
u58_2013-04-11,19152,u58
u58_2013-04-12,38109,u58
u58_2013-04-13,39798,u58
u58_2013-04-14,40048,u58
u58_2013-04-15,22411,u58
u58_2013-04-16,33242,u58
u58_2013-04-17,39271,u58
u58_2013-04-18,44858,u58
u58_2013-04-19,5738,u58
u58_2013-04-20,0,u58
u58_2013-04-21,18437,u58
u58_2013-04-22,11189,u58
u58_2013-04-23,0,u58
u58_2013-04-24,0,u58
u58_2013-04-25,0,u58
u58_2013-04-26,0,u58
u58_2013-04-27,289,u58
u58_2013-04-28,13,u58
u58_2013-04-29,176,u58
u58_2013-04-30,31,u58
u58_2013-05-01,16163,u58
u58_2013-05-02,1011,u58
u58_2013-05-03,135,u58
u58_2013-05-04,13,u58
u58_2013-05-05,10271,u58
u58_2013-05-06,26680,u58
u58_2013-05-07,21000,u58
u58_2013-05-08,11261,u58
u58_2013-05-09,12231,u58
u58_2013-05-10,34429,u58
u58_2013-05-11,45911,u58
u58_2013-05-12,49272,u58
u58_2013-05-13,33817,u58
u58_2013-05-14,46804,u58
u58_2013-05-15,30677,u58
u58_2013-05-16,30915,u58
u58_2013-05-17,26053,u58
u58_2013-05-18,46819,u58
u58_2013-05-19,18221,u58
u58_2013-05-20,21991,u58
u58_2013-05-21,31326,u58
u58_2013-05-22,20836,u58
u58_2013-05-23,38716,u58
u58_2013-05-24,30145,u58
u58_2013-05-25,35184,u58
u58_2013-05-26,52650,u58
u58_2013-05-27,37991,u58
u58_2013-05-28,38784,u58
u58_2013-05-29,12450,u58
u59_2013-03-27,54659,u59
u59_2013-03-28,39110,u59
u59_2013-03-29,63403,u59
u59_2013-03-30,53842,u59
u59_2013-03-31,35746,u59
u59_2013-04-01,63682,u59
u59_2013-04-02,54740,u59
u59_2013-04-03,56364,u59
u59_2013-04-04,45915,u59
u59_2013-04-05,63905,u59
u59_2013-04-06,47298,u59
u59_2013-04-07,28894,u59
u59_2013-04-08,43051,u59
u59_2013-04-09,42255,u59
u59_2013-04-10,18479,u59
u59_2013-04-11,15985,u59
u59_2013-04-12,57138,u59
u59_2013-04-13,51946,u59
u59_2013-04-14,63974,u59
u59_2013-04-15,46698,u59
u59_2013-04-16,40436,u59
u59_2013-04-17,57262,u59
u59_2013-04-18,43734,u59
u59_2013-04-19,70184,u59
u59_2013-04-20,58928,u59
u59_2013-04-21,38226,u59
u59_2013-04-22,53393,u59
u59_2013-04-23,49385,u59
u59_2013-04-24,42214,u59
u59_2013-04-25,61036,u59
u59_2013-04-26,72729,u59
u59_2013-04-27,71807,u59
u59_2013-04-28,39451,u59
u59_2013-04-29,56216,u59
u59_2013-04-30,61646,u59
u59_2013-05-01,51422,u59
u59_2013-05-02,111739,u59
u59_2013-05-03,111483,u59
u59_2013-05-04,51067,u59
u59_2013-05-05,45324,u59
u59_2013-05-06,61325,u59
u59_2013-05-07,96525,u59
u59_2013-05-08,66341,u59
u59_2013-05-09,116785,u59
u59_2013-05-10,69007,u59
u59_2013-05-11,14338,u59
u59_2013-05-12,29560,u59
u59_2013-05-13,55776,u59
u59_2013-05-14,18335,u59
u59_2013-05-15,40311,u59
u59_2013-05-16,102458,u59
u59_2013-05-17,80412,u59
u59_2013-05-18,80577,u59
u59_2013-05-19,51231,u59
u59_2013-05-20,57634,u59
u59_2013-05-21,100863,u59
u59_2013-05-22,125476,u59
u59_2013-05-23,43366,u59
u59_2013-05-24,114164,u59
u59_2013-05-25,147279,u59
u59_2013-05-26,101666,u59
u59_2013-05-27,104940,u59
u59_2013-05-28,83970,u59
u59_2013-05-29,58642,u59
u59_2013-05-30,51327,u59
u59_2013-05-31,92878,u59
