user_date,dark_duration(sec),dark_user
u00_2013-03-27,33392.0,u00
u00_2013-03-28,13453.0,u00
u00_2013-03-29,40642.0,u00
u00_2013-03-30,9141.0,u00
u00_2013-03-31,58879.0,u00
u00_2013-04-01,6370.0,u00
u00_2013-04-02,69796.0,u00
u00_2013-04-03,24915.0,u00
u00_2013-04-04,4179.0,u00
u00_2013-04-05,54294.0,u00
u00_2013-04-06,46193.0,u00
u00_2013-04-07,16332.0,u00
u00_2013-04-08,74535.0,u00
u00_2013-04-09,50016.0,u00
u00_2013-04-10,3927.0,u00
u00_2013-04-11,4005.0,u00
u00_2013-04-12,41467.0,u00
u00_2013-04-13,54778.0,u00
u00_2013-04-14,32361.0,u00
u00_2013-04-15,48099.0,u00
u00_2013-04-16,34852.0,u00
u00_2013-04-17,22088.0,u00
u00_2013-04-18,44889.0,u00
u00_2013-04-19,56581.0,u00
u00_2013-04-20,49610.0,u00
u00_2013-04-21,35447.0,u00
u00_2013-04-22,44827.0,u00
u00_2013-04-23,21229.0,u00
u00_2013-04-24,44844.0,u00
u00_2013-04-25,32150.0,u00
u00_2013-04-26,32476.0,u00
u00_2013-04-27,7730.0,u00
u00_2013-04-28,28737.0,u00
u00_2013-04-29,24852.0,u00
u00_2013-04-30,30590.0,u00
u00_2013-05-01,24879.0,u00
u00_2013-05-02,4288.0,u00
u00_2013-05-03,16986.0,u00
u00_2013-05-04,4644.0,u00
u00_2013-05-05,11450.0,u00
u00_2013-05-06,57764.0,u00
u00_2013-05-07,18589.0,u00
u00_2013-05-08,55748.0,u00
u00_2013-05-09,30106.0,u00
u00_2013-05-10,14739.0,u00
u00_2013-05-11,42655.0,u00
u00_2013-05-12,15854.0,u00
u00_2013-05-13,58139.0,u00
u00_2013-05-14,0.0,u00
u00_2013-05-15,15601.0,u00
u00_2013-05-16,30853.0,u00
u00_2013-05-17,0.0,u00
u00_2013-05-18,0.0,u00
u00_2013-05-19,12983.0,u00
u00_2013-05-20,0.0,u00
u00_2013-05-21,0.0,u00
u00_2013-05-22,0.0,u00
u00_2013-05-23,3888.0,u00
u00_2013-05-24,5749.0,u00
u00_2013-05-25,4274.0,u00
u00_2013-05-26,61180.0,u00
u00_2013-05-27,0.0,u00
u00_2013-05-28,22074.0,u00
u00_2013-05-29,3849.0,u00
u00_2013-05-30,43423.0,u00
u00_2013-05-31,8259.0,u00
u01_2013-03-27,66596.0,u01
u01_2013-03-28,61282.0,u01
u01_2013-03-29,23082.0,u01
u01_2013-03-30,63173.0,u01
u01_2013-03-31,41933.0,u01
u01_2013-04-01,67288.0,u01
u01_2013-04-02,0.0,u01
u01_2013-04-03,41011.0,u01
u01_2013-04-04,35757.0,u01
u01_2013-04-05,39187.0,u01
u01_2013-04-06,27491.0,u01
u01_2013-04-07,38781.0,u01
u01_2013-04-08,53432.0,u01
u01_2013-04-09,46388.0,u01
u01_2013-04-10,76148.0,u01
u01_2013-04-11,81469.0,u01
u01_2013-04-12,60936.0,u01
u01_2013-04-13,25351.0,u01
u01_2013-04-14,32673.0,u01
u01_2013-04-15,6930.0,u01
u01_2013-04-16,4314.0,u01
u01_2013-04-17,35116.0,u01
u01_2013-04-18,24303.0,u01
u01_2013-04-19,37868.0,u01
u01_2013-04-20,53852.0,u01
u01_2013-04-21,53109.0,u01
u01_2013-04-22,69133.0,u01
u01_2013-04-23,22926.0,u01
u01_2013-04-24,68798.0,u01
u01_2013-04-25,80071.0,u01
u01_2013-04-26,58406.0,u01
u01_2013-04-27,31223.0,u01
u01_2013-04-28,20996.0,u01
u01_2013-04-29,63244.0,u01
u01_2013-04-30,30997.0,u01
u01_2013-05-01,83882.0,u01
u01_2013-05-02,74669.0,u01
u01_2013-05-03,42233.0,u01
u01_2013-05-04,5133.0,u01
u01_2013-05-05,0.0,u01
u01_2013-05-06,0.0,u01
u01_2013-05-07,9771.0,u01
u01_2013-05-08,31175.0,u01
u01_2013-05-09,9642.0,u01
u01_2013-05-10,23844.0,u01
u01_2013-05-11,10735.0,u01
u01_2013-05-12,59120.0,u01
u01_2013-05-13,79391.0,u01
u01_2013-05-14,30961.0,u01
u01_2013-05-15,76562.0,u01
u01_2013-05-16,70918.0,u01
u01_2013-05-17,32229.0,u01
u01_2013-05-18,42106.0,u01
u01_2013-05-19,34685.0,u01
u01_2013-05-20,0.0,u01
u01_2013-05-21,7633.0,u01
u01_2013-05-22,46433.0,u01
u01_2013-05-23,61054.0,u01
u01_2013-05-24,0.0,u01
u01_2013-05-25,0.0,u01
u01_2013-05-26,73161.0,u01
u01_2013-05-27,30414.0,u01
u01_2013-05-28,8469.0,u01
u02_2013-03-26,43613.0,u02
u02_2013-03-27,33993.0,u02
u02_2013-03-28,41459.0,u02
u02_2013-03-29,75423.0,u02
u02_2013-03-30,3726.0,u02
u02_2013-03-31,46727.0,u02
u02_2013-04-01,4111.0,u02
u02_2013-04-02,77631.0,u02
u02_2013-04-03,8958.0,u02
u02_2013-04-04,62788.0,u02
u02_2013-04-05,74456.0,u02
u02_2013-04-06,0.0,u02
u02_2013-04-07,48342.0,u02
u02_2013-04-08,40227.0,u02
u02_2013-04-09,25711.0,u02
u02_2013-04-10,46161.0,u02
u02_2013-04-11,32379.0,u02
u02_2013-04-12,10152.0,u02
u02_2013-04-13,48072.0,u02
u02_2013-04-14,55692.0,u02
u02_2013-04-15,40934.0,u02
u02_2013-04-16,51108.0,u02
u02_2013-04-17,30643.0,u02
u02_2013-04-18,0.0,u02
u02_2013-04-19,7893.0,u02
u02_2013-04-20,4397.0,u02
u02_2013-04-21,30627.0,u02
u02_2013-04-22,77814.0,u02
u02_2013-04-23,18318.0,u02
u02_2013-04-24,29107.0,u02
u02_2013-04-25,31477.0,u02
u02_2013-04-26,41878.0,u02
u02_2013-04-27,17488.0,u02
u02_2013-04-28,27120.0,u02
u02_2013-04-29,34454.0,u02
u02_2013-04-30,40399.0,u02
u02_2013-05-01,71081.0,u02
u02_2013-05-02,16596.0,u02
u02_2013-05-03,33998.0,u02
u02_2013-05-04,36974.0,u02
u02_2013-05-05,11069.0,u02
u02_2013-05-06,51224.0,u02
u02_2013-05-07,10072.0,u02
u02_2013-05-08,19851.0,u02
u02_2013-05-09,49496.0,u02
u02_2013-05-10,14172.0,u02
u02_2013-05-11,28198.0,u02
u02_2013-05-12,0.0,u02
u02_2013-05-13,50434.0,u02
u02_2013-05-14,9588.0,u02
u02_2013-05-15,48544.0,u02
u02_2013-05-16,39892.0,u02
u02_2013-05-17,21958.0,u02
u02_2013-05-18,55409.0,u02
u02_2013-05-19,42003.0,u02
u02_2013-05-20,4026.0,u02
u02_2013-05-21,24325.0,u02
u02_2013-05-22,29968.0,u02
u02_2013-05-23,36854.0,u02
u02_2013-05-24,0.0,u02
u02_2013-05-25,4017.0,u02
u02_2013-05-26,23132.0,u02
u02_2013-05-27,30006.0,u02
u02_2013-05-28,22948.0,u02
u02_2013-05-29,56762.0,u02
u02_2013-05-30,23881.0,u02
u03_2013-03-26,66230.0,u03
u03_2013-03-27,36305.0,u03
u03_2013-03-28,0.0,u03
u03_2013-03-29,32181.0,u03
u03_2013-03-30,0.0,u03
u03_2013-03-31,40586.0,u03
u03_2013-04-01,0.0,u03
u03_2013-04-02,33684.0,u03
u03_2013-04-03,0.0,u03
u03_2013-04-04,12184.0,u03
u03_2013-04-05,0.0,u03
u03_2013-04-06,29996.0,u03
u03_2013-04-07,21768.0,u03
u03_2013-04-08,12272.0,u03
u03_2013-04-09,7175.0,u03
u03_2013-04-10,37181.0,u03
u03_2013-04-11,0.0,u03
u03_2013-04-12,0.0,u03
u03_2013-04-13,25394.0,u03
u03_2013-04-14,66340.0,u03
u03_2013-04-15,44647.0,u03
u03_2013-04-16,4030.0,u03
u03_2013-04-17,0.0,u03
u03_2013-04-18,0.0,u03
u03_2013-04-19,0.0,u03
u03_2013-04-20,22674.0,u03
u03_2013-04-21,34255.0,u03
u03_2013-04-22,49167.0,u03
u03_2013-04-23,0.0,u03
u03_2013-04-24,0.0,u03
u03_2013-04-25,0.0,u03
u03_2013-04-26,0.0,u03
u03_2013-04-27,15540.0,u03
u03_2013-04-28,34977.0,u03
u03_2013-04-29,58661.0,u03
u03_2013-04-30,0.0,u03
u03_2013-05-01,0.0,u03
u03_2013-05-02,0.0,u03
u03_2013-05-03,0.0,u03
u03_2013-05-04,16357.0,u03
u03_2013-05-05,17043.0,u03
u03_2013-05-06,40752.0,u03
u03_2013-05-07,0.0,u03
u03_2013-05-08,0.0,u03
u03_2013-05-09,10148.0,u03
u03_2013-05-10,17975.0,u03
u03_2013-05-11,0.0,u03
u03_2013-05-12,0.0,u03
u03_2013-05-13,27689.0,u03
u03_2013-05-14,62164.0,u03
u03_2013-05-15,0.0,u03
u03_2013-05-16,0.0,u03
u03_2013-05-17,0.0,u03
u03_2013-05-18,0.0,u03
u03_2013-05-19,0.0,u03
u03_2013-05-20,5868.0,u03
u04_2013-03-26,87711.0,u04
u04_2013-03-27,29739.0,u04
u04_2013-03-28,46473.0,u04
u04_2013-03-29,30436.0,u04
u04_2013-03-30,55075.0,u04
u04_2013-03-31,65368.0,u04
u04_2013-04-01,95359.0,u04
u04_2013-04-02,60840.0,u04
u04_2013-04-03,33807.0,u04
u04_2013-04-04,85678.0,u04
u04_2013-04-05,68936.0,u04
u04_2013-04-06,38673.0,u04
u04_2013-04-07,64159.0,u04
u04_2013-04-08,68938.0,u04
u04_2013-04-09,35152.0,u04
u04_2013-04-10,64374.0,u04
u04_2013-04-11,10388.0,u04
u04_2013-04-12,48646.0,u04
u04_2013-04-13,84853.0,u04
u04_2013-04-14,60786.0,u04
u04_2013-04-15,22080.0,u04
u04_2013-04-16,59266.0,u04
u04_2013-04-17,68581.0,u04
u04_2013-04-18,45470.0,u04
u04_2013-04-19,24534.0,u04
u04_2013-04-20,36324.0,u04
u04_2013-04-21,68129.0,u04
u04_2013-04-22,49163.0,u04
u04_2013-04-23,84533.0,u04
u04_2013-04-24,47293.0,u04
u04_2013-04-25,63736.0,u04
u04_2013-04-26,91624.0,u04
u04_2013-04-27,21996.0,u04
u04_2013-04-28,45704.0,u04
u04_2013-04-29,26191.0,u04
u04_2013-04-30,71861.0,u04
u04_2013-05-01,96652.0,u04
u04_2013-05-02,20819.0,u04
u04_2013-05-03,81220.0,u04
u04_2013-05-04,50603.0,u04
u04_2013-05-05,16476.0,u04
u04_2013-05-06,44869.0,u04
u04_2013-05-07,86084.0,u04
u04_2013-05-08,49899.0,u04
u04_2013-05-09,68510.0,u04
u04_2013-05-10,64335.0,u04
u04_2013-05-11,51936.0,u04
u04_2013-05-12,68356.0,u04
u04_2013-05-13,71913.0,u04
u04_2013-05-14,66916.0,u04
u04_2013-05-15,67330.0,u04
u04_2013-05-16,76611.0,u04
u04_2013-05-17,32605.0,u04
u04_2013-05-18,14999.0,u04
u04_2013-05-19,56578.0,u04
u04_2013-05-20,69672.0,u04
u04_2013-05-21,53980.0,u04
u05_2013-03-27,87073.0,u05
u05_2013-03-28,9695.0,u05
u05_2013-03-29,22378.0,u05
u05_2013-03-30,73164.0,u05
u05_2013-03-31,57391.0,u05
u05_2013-04-01,14975.0,u05
u05_2013-04-02,67029.0,u05
u05_2013-04-03,40182.0,u05
u05_2013-04-04,46245.0,u05
u05_2013-04-05,31002.0,u05
u05_2013-04-06,70468.0,u05
u05_2013-04-07,51158.0,u05
u05_2013-04-08,77852.0,u05
u05_2013-04-09,59947.0,u05
u05_2013-04-10,21828.0,u05
u05_2013-04-11,34575.0,u05
u05_2013-04-12,11922.0,u05
u05_2013-04-13,79941.0,u05
u05_2013-04-14,55232.0,u05
u05_2013-04-15,28256.0,u05
u05_2013-04-16,38117.0,u05
u05_2013-04-17,60806.0,u05
u05_2013-04-18,6044.0,u05
u05_2013-04-19,10283.0,u05
u05_2013-04-20,6942.0,u05
u05_2013-04-21,5890.0,u05
u05_2013-04-22,39368.0,u05
u05_2013-04-23,53362.0,u05
u05_2013-04-24,66974.0,u05
u05_2013-04-25,12067.0,u05
u05_2013-04-26,79665.0,u05
u05_2013-04-27,0.0,u05
u05_2013-04-28,15468.0,u05
u05_2013-04-29,44173.0,u05
u05_2013-04-30,69340.0,u05
u05_2013-05-01,48134.0,u05
u05_2013-05-02,30534.0,u05
u05_2013-05-03,50216.0,u05
u05_2013-05-04,96805.0,u05
u05_2013-05-05,38161.0,u05
u05_2013-05-06,34465.0,u05
u05_2013-05-07,0.0,u05
u05_2013-05-08,28548.0,u05
u05_2013-05-09,14586.0,u05
u05_2013-05-10,13314.0,u05
u05_2013-05-11,32026.0,u05
u05_2013-05-12,31627.0,u05
u05_2013-05-13,42042.0,u05
u05_2013-05-14,44600.0,u05
u05_2013-05-15,24799.0,u05
u05_2013-05-16,0.0,u05
u05_2013-05-17,0.0,u05
u05_2013-05-18,17369.0,u05
u05_2013-05-19,27152.0,u05
u05_2013-05-20,12610.0,u05
u05_2013-05-21,57216.0,u05
u05_2013-05-22,4248.0,u05
u05_2013-05-23,0.0,u05
u05_2013-05-24,0.0,u05
u05_2013-05-25,0.0,u05
u05_2013-05-26,17140.0,u05
u05_2013-05-27,58968.0,u05
u05_2013-05-28,24790.0,u05
u05_2013-05-29,19163.0,u05
u07_2013-03-27,40579.0,u07
u07_2013-03-28,9151.0,u07
u07_2013-03-29,13554.0,u07
u07_2013-03-30,43621.0,u07
u07_2013-03-31,46678.0,u07
u07_2013-04-01,33960.0,u07
u07_2013-04-02,67970.0,u07
u07_2013-04-03,47542.0,u07
u07_2013-04-04,83968.0,u07
u07_2013-04-05,15247.0,u07
u07_2013-04-06,36164.0,u07
u07_2013-04-07,86289.0,u07
u07_2013-04-08,22801.0,u07
u07_2013-04-09,56643.0,u07
u07_2013-04-10,67703.0,u07
u07_2013-04-11,50726.0,u07
u07_2013-04-12,46823.0,u07
u07_2013-04-13,54805.0,u07
u07_2013-04-14,8852.0,u07
u07_2013-04-15,63619.0,u07
u07_2013-04-16,66749.0,u07
u07_2013-04-17,26528.0,u07
u07_2013-04-18,67438.0,u07
u07_2013-04-19,42018.0,u07
u07_2013-04-20,65112.0,u07
u07_2013-04-21,23542.0,u07
u07_2013-04-22,51818.0,u07
u07_2013-04-23,43755.0,u07
u07_2013-04-24,78465.0,u07
u07_2013-04-25,23829.0,u07
u07_2013-04-26,40131.0,u07
u07_2013-04-27,0.0,u07
u07_2013-04-28,8527.0,u07
u07_2013-04-29,25841.0,u07
u07_2013-04-30,20505.0,u07
u07_2013-05-01,11995.0,u07
u07_2013-05-02,60516.0,u07
u07_2013-05-03,56131.0,u07
u07_2013-05-04,47830.0,u07
u07_2013-05-05,35868.0,u07
u07_2013-05-06,23068.0,u07
u07_2013-05-07,50832.0,u07
u07_2013-05-08,0.0,u07
u07_2013-05-09,73838.0,u07
u07_2013-05-10,43157.0,u07
u07_2013-05-11,36845.0,u07
u07_2013-05-12,64648.0,u07
u07_2013-05-13,51345.0,u07
u07_2013-05-14,38353.0,u07
u08_2013-03-27,47510.0,u08
u08_2013-03-28,35063.0,u08
u08_2013-03-29,81351.0,u08
u08_2013-03-30,18934.0,u08
u08_2013-03-31,27073.0,u08
u08_2013-04-01,66876.0,u08
u08_2013-04-02,11505.0,u08
u08_2013-04-03,49225.0,u08
u08_2013-04-04,45608.0,u08
u08_2013-04-05,37976.0,u08
u08_2013-04-06,16442.0,u08
u08_2013-04-07,34805.0,u08
u08_2013-04-08,42165.0,u08
u08_2013-04-09,40600.0,u08
u08_2013-04-10,56809.0,u08
u08_2013-04-11,65881.0,u08
u08_2013-04-12,52055.0,u08
u08_2013-04-13,5088.0,u08
u08_2013-04-14,37073.0,u08
u08_2013-04-15,59501.0,u08
u08_2013-04-16,8691.0,u08
u08_2013-04-17,31675.0,u08
u08_2013-04-18,21445.0,u08
u08_2013-04-19,36622.0,u08
u08_2013-04-20,12614.0,u08
u08_2013-04-21,16389.0,u08
u08_2013-04-22,16284.0,u08
u08_2013-04-23,42759.0,u08
u08_2013-04-24,26499.0,u08
u08_2013-04-25,16904.0,u08
u08_2013-04-26,20999.0,u08
u08_2013-04-27,21019.0,u08
u08_2013-04-28,35869.0,u08
u08_2013-04-29,10997.0,u08
u08_2013-04-30,30236.0,u08
u08_2013-05-01,28676.0,u08
u08_2013-05-02,30556.0,u08
u08_2013-05-03,38786.0,u08
u08_2013-05-04,48194.0,u08
u08_2013-05-05,38883.0,u08
u08_2013-05-06,44775.0,u08
u08_2013-05-07,36282.0,u08
u08_2013-05-08,48998.0,u08
u08_2013-05-09,41457.0,u08
u08_2013-05-10,84796.0,u08
u08_2013-05-11,6717.0,u08
u08_2013-05-12,29386.0,u08
u08_2013-05-13,34899.0,u08
u08_2013-05-14,43107.0,u08
u08_2013-05-15,58647.0,u08
u08_2013-05-16,10999.0,u08
u08_2013-05-17,34512.0,u08
u08_2013-05-18,34771.0,u08
u08_2013-05-19,34794.0,u08
u08_2013-05-20,9857.0,u08
u08_2013-05-21,41380.0,u08
u08_2013-05-22,48292.0,u08
u08_2013-05-23,43657.0,u08
u08_2013-05-24,52392.0,u08
u08_2013-05-25,56319.0,u08
u08_2013-05-26,0.0,u08
u08_2013-05-27,26086.0,u08
u08_2013-05-28,13014.0,u08
u09_2013-03-26,61770.0,u09
u09_2013-03-27,22853.0,u09
u09_2013-03-28,36571.0,u09
u09_2013-03-29,0.0,u09
u09_2013-03-30,0.0,u09
u09_2013-03-31,14006.0,u09
u09_2013-04-01,31306.0,u09
u09_2013-04-02,15473.0,u09
u09_2013-04-03,34284.0,u09
u09_2013-04-04,3762.0,u09
u09_2013-04-05,17683.0,u09
u09_2013-04-06,5314.0,u09
u09_2013-04-07,8049.0,u09
u09_2013-04-08,15200.0,u09
u09_2013-04-09,50567.0,u09
u09_2013-04-10,38506.0,u09
u09_2013-04-11,21366.0,u09
u09_2013-04-12,36368.0,u09
u09_2013-04-13,42162.0,u09
u09_2013-04-14,7746.0,u09
u09_2013-04-15,0.0,u09
u09_2013-04-16,24324.0,u09
u09_2013-04-17,21900.0,u09
u09_2013-04-18,9964.0,u09
u09_2013-04-19,70733.0,u09
u09_2013-04-20,54214.0,u09
u09_2013-04-21,20861.0,u09
u09_2013-04-22,59896.0,u09
u09_2013-04-23,16873.0,u09
u09_2013-04-24,20927.0,u09
u09_2013-04-25,39369.0,u09
u09_2013-04-26,37094.0,u09
u09_2013-04-27,50121.0,u09
u09_2013-04-28,38751.0,u09
u09_2013-04-29,31644.0,u09
u09_2013-04-30,19600.0,u09
u09_2013-05-01,31006.0,u09
u09_2013-05-02,22558.0,u09
u09_2013-05-03,41123.0,u09
u09_2013-05-04,23879.0,u09
u09_2013-05-05,25105.0,u09
u09_2013-05-06,66301.0,u09
u09_2013-05-07,18015.0,u09
u09_2013-05-08,39338.0,u09
u09_2013-05-09,41281.0,u09
u09_2013-05-10,49117.0,u09
u09_2013-05-11,50257.0,u09
u09_2013-05-12,18698.0,u09
u09_2013-05-13,29467.0,u09
u09_2013-05-14,17506.0,u09
u09_2013-05-15,40197.0,u09
u09_2013-05-16,54184.0,u09
u09_2013-05-17,14492.0,u09
u09_2013-05-18,47043.0,u09
u09_2013-05-19,27435.0,u09
u09_2013-05-20,29262.0,u09
u09_2013-05-21,33319.0,u09
u09_2013-05-22,64837.0,u09
u09_2013-05-23,73468.0,u09
u09_2013-05-24,81544.0,u09
u09_2013-05-25,49667.0,u09
u09_2013-05-26,77136.0,u09
u09_2013-05-27,24850.0,u09
u09_2013-05-28,40749.0,u09
u09_2013-05-29,8771.0,u09
u10_2013-03-27,89988.0,u10
u10_2013-03-28,33233.0,u10
u10_2013-03-29,42158.0,u10
u10_2013-03-30,67863.0,u10
u10_2013-03-31,31717.0,u10
u10_2013-04-01,52918.0,u10
u10_2013-04-02,46814.0,u10
u10_2013-04-03,47011.0,u10
u10_2013-04-04,77833.0,u10
u10_2013-04-05,37988.0,u10
u10_2013-04-06,88558.0,u10
u10_2013-04-07,54279.0,u10
u10_2013-04-08,50054.0,u10
u10_2013-04-09,45158.0,u10
u10_2013-04-10,62860.0,u10
u10_2013-04-11,0.0,u10
u10_2013-04-12,23863.0,u10
u10_2013-04-13,51917.0,u10
u10_2013-04-14,41910.0,u10
u10_2013-04-15,46300.0,u10
u10_2013-04-16,10737.0,u10
u10_2013-04-17,52512.0,u10
u10_2013-04-18,0.0,u10
u10_2013-04-19,12284.0,u10
u10_2013-04-20,81078.0,u10
u10_2013-04-21,57353.0,u10
u10_2013-04-22,26778.0,u10
u10_2013-04-23,66747.0,u10
u10_2013-04-24,45367.0,u10
u10_2013-04-25,50023.0,u10
u10_2013-04-26,47879.0,u10
u10_2013-04-27,0.0,u10
u10_2013-04-28,31452.0,u10
u10_2013-04-29,21875.0,u10
u10_2013-04-30,35421.0,u10
u10_2013-05-01,75201.0,u10
u10_2013-05-02,28448.0,u10
u10_2013-05-03,11890.0,u10
u10_2013-05-04,24825.0,u10
u10_2013-05-05,16486.0,u10
u10_2013-05-06,20750.0,u10
u10_2013-05-07,20588.0,u10
u10_2013-05-08,20474.0,u10
u10_2013-05-09,24154.0,u10
u10_2013-05-10,3701.0,u10
u10_2013-05-11,0.0,u10
u10_2013-05-12,47373.0,u10
u10_2013-05-13,34201.0,u10
u10_2013-05-14,3871.0,u10
u10_2013-05-15,67234.0,u10
u10_2013-05-16,51351.0,u10
u10_2013-05-17,12988.0,u10
u10_2013-05-18,20554.0,u10
u10_2013-05-19,31475.0,u10
u10_2013-05-20,5458.0,u10
u10_2013-05-21,23433.0,u10
u10_2013-05-22,0.0,u10
u10_2013-05-23,36189.0,u10
u10_2013-05-24,14527.0,u10
u10_2013-05-25,74556.0,u10
u10_2013-05-26,35744.0,u10
u10_2013-05-27,94980.0,u10
u10_2013-05-28,18254.0,u10
u10_2013-05-29,38001.0,u10
u10_2013-05-30,18600.0,u10
u12_2013-03-26,98639.0,u12
u12_2013-03-27,56315.0,u12
u12_2013-03-28,12931.0,u12
u12_2013-03-29,85374.0,u12
u12_2013-03-30,15999.0,u12
u12_2013-03-31,18839.0,u12
u12_2013-04-01,50800.0,u12
u12_2013-04-02,32076.0,u12
u12_2013-04-03,55019.0,u12
u12_2013-04-04,41280.0,u12
u12_2013-04-05,50484.0,u12
u12_2013-04-06,7928.0,u12
u12_2013-04-07,32840.0,u12
u12_2013-04-08,61000.0,u12
u12_2013-04-09,56963.0,u12
u12_2013-04-10,14054.0,u12
u12_2013-04-11,25797.0,u12
u12_2013-04-12,37346.0,u12
u12_2013-04-13,66433.0,u12
u12_2013-04-14,38696.0,u12
u12_2013-04-15,50254.0,u12
u12_2013-04-16,55546.0,u12
u12_2013-04-17,54341.0,u12
u12_2013-04-18,75123.0,u12
u12_2013-04-19,47872.0,u12
u12_2013-04-20,66074.0,u12
u12_2013-04-21,33544.0,u12
u12_2013-04-22,16956.0,u12
u12_2013-04-23,46946.0,u12
u12_2013-04-24,58190.0,u12
u12_2013-04-25,62474.0,u12
u12_2013-04-26,7712.0,u12
u12_2013-04-27,56275.0,u12
u12_2013-04-28,59932.0,u12
u12_2013-04-29,49107.0,u12
u12_2013-04-30,53617.0,u12
u12_2013-05-01,46523.0,u12
u12_2013-05-02,58478.0,u12
u12_2013-05-03,3740.0,u12
u12_2013-05-04,39293.0,u12
u12_2013-05-05,35470.0,u12
u12_2013-05-06,83439.0,u12
u12_2013-05-07,40203.0,u12
u12_2013-05-08,0.0,u12
u12_2013-05-09,50918.0,u12
u12_2013-05-10,15401.0,u12
u12_2013-05-11,76913.0,u12
u12_2013-05-12,33251.0,u12
u12_2013-05-13,47706.0,u12
u12_2013-05-14,53168.0,u12
u12_2013-05-15,28577.0,u12
u12_2013-05-16,69585.0,u12
u12_2013-05-17,8239.0,u12
u12_2013-05-18,96305.0,u12
u12_2013-05-19,18684.0,u12
u12_2013-05-20,50095.0,u12
u12_2013-05-21,47981.0,u12
u12_2013-05-22,68357.0,u12
u12_2013-05-23,52185.0,u12
u12_2013-05-24,29504.0,u12
u12_2013-05-25,32489.0,u12
u12_2013-05-26,49658.0,u12
u12_2013-05-27,22160.0,u12
u12_2013-05-28,17069.0,u12
u12_2013-05-29,13794.0,u12
u12_2013-05-30,45593.0,u12
u13_2013-03-28,75370.0,u13
u13_2013-03-29,35196.0,u13
u13_2013-03-30,25736.0,u13
u13_2013-03-31,0.0,u13
u13_2013-04-01,22536.0,u13
u13_2013-04-02,56179.0,u13
u13_2013-04-03,45140.0,u13
u13_2013-04-04,43643.0,u13
u13_2013-04-05,49564.0,u13
u13_2013-04-06,37696.0,u13
u13_2013-04-07,35689.0,u13
u13_2013-04-08,40623.0,u13
u13_2013-04-09,37287.0,u13
u13_2013-04-10,34911.0,u13
u13_2013-04-11,35582.0,u13
u13_2013-04-12,4220.0,u13
u13_2013-04-13,39039.0,u13
u13_2013-04-14,24272.0,u13
u13_2013-04-15,0.0,u13
u13_2013-04-16,0.0,u13
u13_2013-04-17,4845.0,u13
u13_2013-04-18,26182.0,u13
u13_2013-04-19,21523.0,u13
u13_2013-04-20,26634.0,u13
u13_2013-04-21,26861.0,u13
u13_2013-04-22,28387.0,u13
u13_2013-04-23,6520.0,u13
u13_2013-04-24,32269.0,u13
u13_2013-04-25,40067.0,u13
u13_2013-04-26,29982.0,u13
u13_2013-04-27,87181.0,u13
u13_2013-04-28,28274.0,u13
u13_2013-04-29,0.0,u13
u13_2013-04-30,24751.0,u13
u13_2013-05-01,19724.0,u13
u13_2013-05-02,0.0,u13
u13_2013-05-03,0.0,u13
u13_2013-05-04,4727.0,u13
u13_2013-05-05,49580.0,u13
u13_2013-05-06,0.0,u13
u13_2013-05-07,0.0,u13
u13_2013-05-08,0.0,u13
u13_2013-05-09,4970.0,u13
u13_2013-05-10,53151.0,u13
u13_2013-05-11,18086.0,u13
u13_2013-05-12,29532.0,u13
u13_2013-05-13,31308.0,u13
u13_2013-05-14,30099.0,u13
u13_2013-05-15,38221.0,u13
u13_2013-05-16,32666.0,u13
u13_2013-05-17,49044.0,u13
u13_2013-05-18,49893.0,u13
u13_2013-05-19,28091.0,u13
u13_2013-05-20,45248.0,u13
u13_2013-05-21,9409.0,u13
u13_2013-05-22,17011.0,u13
u13_2013-05-23,43203.0,u13
u13_2013-05-24,0.0,u13
u13_2013-05-25,7652.0,u13
u13_2013-05-26,50395.0,u13
u13_2013-05-27,13612.0,u13
u13_2013-05-28,0.0,u13
u13_2013-05-29,12028.0,u13
u14_2013-03-27,66366.0,u14
u14_2013-03-28,76612.0,u14
u14_2013-03-29,58652.0,u14
u14_2013-03-30,80345.0,u14
u14_2013-03-31,42299.0,u14
u14_2013-04-01,35968.0,u14
u14_2013-04-02,57765.0,u14
u14_2013-04-03,36595.0,u14
u14_2013-04-04,50716.0,u14
u14_2013-04-05,56048.0,u14
u14_2013-04-06,99630.0,u14
u14_2013-04-07,15337.0,u14
u14_2013-04-08,22989.0,u14
u14_2013-04-09,48256.0,u14
u14_2013-04-10,69983.0,u14
u14_2013-04-11,35645.0,u14
u14_2013-04-12,24326.0,u14
u14_2013-04-13,26073.0,u14
u14_2013-04-14,78840.0,u14
u14_2013-04-15,26256.0,u14
u14_2013-04-16,71312.0,u14
u14_2013-04-17,22737.0,u14
u14_2013-04-18,60817.0,u14
u14_2013-04-19,33238.0,u14
u14_2013-04-20,27217.0,u14
u14_2013-04-21,34293.0,u14
u14_2013-04-22,47417.0,u14
u14_2013-04-23,47561.0,u14
u14_2013-04-24,0.0,u14
u14_2013-04-25,0.0,u14
u14_2013-04-26,59107.0,u14
u14_2013-04-27,15717.0,u14
u14_2013-04-28,34896.0,u14
u14_2013-04-29,18703.0,u14
u14_2013-04-30,0.0,u14
u14_2013-05-01,49530.0,u14
u14_2013-05-02,68285.0,u14
u14_2013-05-03,0.0,u14
u14_2013-05-04,15491.0,u14
u14_2013-05-05,31111.0,u14
u14_2013-05-06,61077.0,u14
u14_2013-05-07,45016.0,u14
u14_2013-05-08,19284.0,u14
u14_2013-05-09,33688.0,u14
u14_2013-05-10,0.0,u14
u14_2013-05-11,20125.0,u14
u14_2013-05-12,44957.0,u14
u14_2013-05-13,28669.0,u14
u14_2013-05-14,39878.0,u14
u14_2013-05-15,4049.0,u14
u14_2013-05-16,10859.0,u14
u14_2013-05-17,0.0,u14
u14_2013-05-18,0.0,u14
u14_2013-05-19,0.0,u14
u14_2013-05-20,33426.0,u14
u14_2013-05-21,0.0,u14
u14_2013-05-22,20042.0,u14
u14_2013-05-23,0.0,u14
u14_2013-05-24,0.0,u14
u14_2013-05-25,0.0,u14
u14_2013-05-26,0.0,u14
u14_2013-05-27,5422.0,u14
u15_2013-03-26,74798.0,u15
u15_2013-03-27,16300.0,u15
u15_2013-03-28,61028.0,u15
u15_2013-03-29,9019.0,u15
u15_2013-03-30,11631.0,u15
u15_2013-03-31,0.0,u15
u15_2013-04-01,0.0,u15
u15_2013-04-02,41258.0,u15
u15_2013-04-03,14212.0,u15
u15_2013-04-04,69053.0,u15
u15_2013-04-05,0.0,u15
u15_2013-04-06,37239.0,u15
u15_2013-04-07,4930.0,u15
u15_2013-04-08,74797.0,u15
u15_2013-04-09,35457.0,u15
u15_2013-04-10,0.0,u15
u15_2013-04-11,0.0,u15
u15_2013-04-12,0.0,u15
u15_2013-04-13,9512.0,u15
u15_2013-04-14,23778.0,u15
u15_2013-04-15,3686.0,u15
u15_2013-04-16,3840.0,u15
u15_2013-04-17,0.0,u15
u15_2013-04-18,0.0,u15
u15_2013-04-19,0.0,u15
u15_2013-04-20,0.0,u15
u15_2013-04-21,21155.0,u15
u15_2013-04-22,0.0,u15
u15_2013-04-23,0.0,u15
u15_2013-04-24,0.0,u15
u15_2013-04-25,0.0,u15
u15_2013-04-26,0.0,u15
u15_2013-04-27,5164.0,u15
u15_2013-04-28,59366.0,u15
u15_2013-04-29,0.0,u15
u15_2013-04-30,0.0,u15
u15_2013-05-01,0.0,u15
u15_2013-05-02,0.0,u15
u15_2013-05-03,0.0,u15
u15_2013-05-04,12211.0,u15
u15_2013-05-05,0.0,u15
u15_2013-05-06,3754.0,u15
u15_2013-05-07,50744.0,u15
u15_2013-05-08,0.0,u15
u15_2013-05-09,0.0,u15
u15_2013-05-10,0.0,u15
u15_2013-05-11,0.0,u15
u15_2013-05-12,43448.0,u15
u15_2013-05-13,0.0,u15
u15_2013-05-14,0.0,u15
u15_2013-05-15,0.0,u15
u15_2013-05-16,0.0,u15
u15_2013-05-17,0.0,u15
u15_2013-05-18,0.0,u15
u15_2013-05-19,0.0,u15
u15_2013-05-20,0.0,u15
u15_2013-05-21,0.0,u15
u15_2013-05-22,0.0,u15
u15_2013-05-23,0.0,u15
u15_2013-05-24,0.0,u15
u15_2013-05-25,0.0,u15
u15_2013-05-26,0.0,u15
u15_2013-05-27,15951.0,u15
u16_2013-03-27,53751.0,u16
u16_2013-03-28,68881.0,u16
u16_2013-03-29,23419.0,u16
u16_2013-03-30,24965.0,u16
u16_2013-03-31,20028.0,u16
u16_2013-04-01,12519.0,u16
u16_2013-04-02,21519.0,u16
u16_2013-04-03,26300.0,u16
u16_2013-04-04,18289.0,u16
u16_2013-04-05,10895.0,u16
u16_2013-04-06,16936.0,u16
u16_2013-04-07,53929.0,u16
u16_2013-04-08,15972.0,u16
u16_2013-04-09,14944.0,u16
u16_2013-04-10,14038.0,u16
u16_2013-04-11,76534.0,u16
u16_2013-04-12,26092.0,u16
u16_2013-04-13,19435.0,u16
u16_2013-04-14,65292.0,u16
u16_2013-04-15,35720.0,u16
u16_2013-04-16,8318.0,u16
u16_2013-04-17,8465.0,u16
u16_2013-04-18,69389.0,u16
u16_2013-04-19,55230.0,u16
u16_2013-04-20,5134.0,u16
u16_2013-04-21,4545.0,u16
u16_2013-04-22,10125.0,u16
u16_2013-04-23,30012.0,u16
u16_2013-04-24,10119.0,u16
u16_2013-04-25,46130.0,u16
u16_2013-04-26,6023.0,u16
u16_2013-04-27,4097.0,u16
u16_2013-04-28,44172.0,u16
u16_2013-04-29,33629.0,u16
u16_2013-04-30,28258.0,u16
u16_2013-05-01,10311.0,u16
u16_2013-05-02,3711.0,u16
u16_2013-05-03,22302.0,u16
u16_2013-05-04,4924.0,u16
u16_2013-05-05,45574.0,u16
u16_2013-05-06,35530.0,u16
u16_2013-05-07,48985.0,u16
u16_2013-05-08,9838.0,u16
u16_2013-05-09,11149.0,u16
u16_2013-05-10,45227.0,u16
u16_2013-05-11,37570.0,u16
u16_2013-05-12,6695.0,u16
u16_2013-05-13,35043.0,u16
u16_2013-05-14,7854.0,u16
u16_2013-05-15,19024.0,u16
u16_2013-05-16,20815.0,u16
u16_2013-05-17,4246.0,u16
u16_2013-05-18,34297.0,u16
u16_2013-05-19,27719.0,u16
u16_2013-05-20,80210.0,u16
u16_2013-05-21,44300.0,u16
u16_2013-05-22,46035.0,u16
u16_2013-05-23,14276.0,u16
u16_2013-05-24,54490.0,u16
u16_2013-05-25,17985.0,u16
u16_2013-05-26,12205.0,u16
u16_2013-05-27,19588.0,u16
u16_2013-05-28,18996.0,u16
u17_2013-03-26,67890.0,u17
u17_2013-03-27,39935.0,u17
u17_2013-03-28,39481.0,u17
u17_2013-03-29,63721.0,u17
u17_2013-03-30,29271.0,u17
u17_2013-03-31,75671.0,u17
u17_2013-04-01,82086.0,u17
u17_2013-04-02,56665.0,u17
u17_2013-04-03,36090.0,u17
u17_2013-04-04,36709.0,u17
u17_2013-04-05,32994.0,u17
u17_2013-04-06,41727.0,u17
u17_2013-04-07,25639.0,u17
u17_2013-04-08,35551.0,u17
u17_2013-04-09,83549.0,u17
u17_2013-04-10,79606.0,u17
u17_2013-04-11,39463.0,u17
u17_2013-04-12,44819.0,u17
u17_2013-04-13,58396.0,u17
u17_2013-04-14,30375.0,u17
u17_2013-04-15,73610.0,u17
u17_2013-04-16,77214.0,u17
u17_2013-04-17,38850.0,u17
u17_2013-04-18,39026.0,u17
u17_2013-04-19,9757.0,u17
u17_2013-04-20,12767.0,u17
u17_2013-04-21,41068.0,u17
u17_2013-04-22,39640.0,u17
u17_2013-04-23,72130.0,u17
u17_2013-04-24,47977.0,u17
u17_2013-04-25,56979.0,u17
u17_2013-04-26,62815.0,u17
u17_2013-04-27,34560.0,u17
u17_2013-04-28,59347.0,u17
u17_2013-04-29,38800.0,u17
u17_2013-04-30,51932.0,u17
u17_2013-05-01,0.0,u17
u17_2013-05-02,46129.0,u17
u17_2013-05-03,51165.0,u17
u17_2013-05-04,39051.0,u17
u17_2013-05-05,73248.0,u17
u17_2013-05-06,53705.0,u17
u17_2013-05-07,26863.0,u17
u17_2013-05-08,0.0,u17
u17_2013-05-09,0.0,u17
u17_2013-05-10,65849.0,u17
u17_2013-05-11,47048.0,u17
u17_2013-05-12,64012.0,u17
u17_2013-05-13,35608.0,u17
u17_2013-05-14,82441.0,u17
u17_2013-05-15,8224.0,u17
u17_2013-05-16,51914.0,u17
u17_2013-05-17,9712.0,u17
u17_2013-05-18,9224.0,u17
u17_2013-05-19,67605.0,u17
u17_2013-05-20,0.0,u17
u17_2013-05-21,29106.0,u17
u17_2013-05-22,21387.0,u17
u17_2013-05-23,94572.0,u17
u17_2013-05-24,32963.0,u17
u17_2013-05-25,27541.0,u17
u17_2013-05-26,0.0,u17
u17_2013-05-27,58262.0,u17
u17_2013-05-28,38905.0,u17
u18_2013-03-26,56626.0,u18
u18_2013-03-27,49951.0,u18
u18_2013-03-28,33187.0,u18
u18_2013-03-29,31106.0,u18
u18_2013-03-30,53352.0,u18
u18_2013-03-31,15383.0,u18
u18_2013-04-01,35365.0,u18
u18_2013-04-02,39386.0,u18
u18_2013-04-03,38460.0,u18
u18_2013-04-04,17865.0,u18
u18_2013-04-05,19396.0,u18
u18_2013-04-06,11568.0,u18
u18_2013-04-07,42470.0,u18
u18_2013-04-08,18674.0,u18
u18_2013-04-09,51895.0,u18
u18_2013-04-10,27422.0,u18
u18_2013-04-11,74491.0,u18
u18_2013-04-12,34726.0,u18
u18_2013-04-13,52205.0,u18
u18_2013-04-14,35123.0,u18
u18_2013-04-15,72170.0,u18
u18_2013-04-16,63270.0,u18
u18_2013-04-17,22019.0,u18
u18_2013-04-18,25630.0,u18
u18_2013-04-19,6926.0,u18
u18_2013-04-20,57582.0,u18
u18_2013-04-21,26605.0,u18
u18_2013-04-22,17529.0,u18
u18_2013-04-23,11671.0,u18
u18_2013-04-24,16047.0,u18
u18_2013-04-25,26016.0,u18
u18_2013-04-26,0.0,u18
u18_2013-04-27,78406.0,u18
u18_2013-04-28,16219.0,u18
u18_2013-04-29,0.0,u18
u18_2013-04-30,0.0,u18
u18_2013-05-01,11579.0,u18
u18_2013-05-02,0.0,u18
u18_2013-05-03,14963.0,u18
u18_2013-05-04,0.0,u18
u18_2013-05-05,0.0,u18
u18_2013-05-06,12291.0,u18
u18_2013-05-07,0.0,u18
u18_2013-05-08,0.0,u18
u18_2013-05-09,0.0,u18
u18_2013-05-10,0.0,u18
u18_2013-05-11,0.0,u18
u18_2013-05-12,0.0,u18
u18_2013-05-13,0.0,u18
u18_2013-05-14,72905.0,u18
u18_2013-05-15,50082.0,u18
u18_2013-05-16,0.0,u18
u18_2013-05-17,0.0,u18
u18_2013-05-18,0.0,u18
u18_2013-05-19,28425.0,u18
u18_2013-05-20,0.0,u18
u18_2013-05-21,0.0,u18
u18_2013-05-22,18713.0,u18
u18_2013-05-23,0.0,u18
u18_2013-05-24,8874.0,u18
u18_2013-05-25,28216.0,u18
u18_2013-05-26,42680.0,u18
u18_2013-05-27,0.0,u18
u18_2013-05-28,9771.0,u18
u19_2013-03-26,36211.0,u19
u19_2013-03-27,31786.0,u19
u19_2013-03-28,27975.0,u19
u19_2013-03-29,0.0,u19
u19_2013-03-30,0.0,u19
u19_2013-03-31,43574.0,u19
u19_2013-04-01,46537.0,u19
u19_2013-04-02,45948.0,u19
u19_2013-04-03,41303.0,u19
u19_2013-04-04,54695.0,u19
u19_2013-04-05,20420.0,u19
u19_2013-04-06,49640.0,u19
u19_2013-04-07,52883.0,u19
u19_2013-04-08,38190.0,u19
u19_2013-04-09,57693.0,u19
u19_2013-04-10,42033.0,u19
u19_2013-04-11,34004.0,u19
u19_2013-04-12,23548.0,u19
u19_2013-04-13,53372.0,u19
u19_2013-04-14,41518.0,u19
u19_2013-04-15,41943.0,u19
u19_2013-04-16,47082.0,u19
u19_2013-04-17,32995.0,u19
u19_2013-04-18,49361.0,u19
u19_2013-04-19,31720.0,u19
u19_2013-04-20,5983.0,u19
u19_2013-04-21,0.0,u19
u19_2013-04-22,4266.0,u19
u19_2013-04-23,56356.0,u19
u19_2013-04-24,35024.0,u19
u19_2013-04-25,47433.0,u19
u19_2013-04-26,57230.0,u19
u19_2013-04-27,48133.0,u19
u19_2013-04-28,44636.0,u19
u19_2013-04-29,51418.0,u19
u19_2013-04-30,58507.0,u19
u19_2013-05-01,59050.0,u19
u19_2013-05-02,41858.0,u19
u19_2013-05-03,8003.0,u19
u19_2013-05-04,3742.0,u19
u19_2013-05-05,30918.0,u19
u19_2013-05-06,28045.0,u19
u19_2013-05-07,90965.0,u19
u19_2013-05-08,36147.0,u19
u19_2013-05-09,21109.0,u19
u19_2013-05-10,58039.0,u19
u19_2013-05-11,36727.0,u19
u19_2013-05-12,50107.0,u19
u19_2013-05-13,36278.0,u19
u19_2013-05-14,44508.0,u19
u19_2013-05-15,32197.0,u19
u19_2013-05-16,38207.0,u19
u19_2013-05-17,63712.0,u19
u19_2013-05-18,33509.0,u19
u19_2013-05-19,46567.0,u19
u19_2013-05-20,41022.0,u19
u19_2013-05-21,45663.0,u19
u19_2013-05-22,44199.0,u19
u19_2013-05-23,51461.0,u19
u19_2013-05-24,41057.0,u19
u19_2013-05-25,31644.0,u19
u19_2013-05-26,24182.0,u19
u19_2013-05-27,40703.0,u19
u19_2013-05-28,6270.0,u19
u19_2013-05-29,17220.0,u19
u19_2013-05-30,5141.0,u19
u20_2013-03-27,91604.0,u20
u20_2013-03-28,18143.0,u20
u20_2013-03-29,0.0,u20
u20_2013-03-30,0.0,u20
u20_2013-03-31,40874.0,u20
u20_2013-04-01,67120.0,u20
u20_2013-04-02,54057.0,u20
u20_2013-04-03,13122.0,u20
u20_2013-04-04,0.0,u20
u20_2013-04-05,0.0,u20
u20_2013-04-06,6865.0,u20
u20_2013-04-07,76786.0,u20
u20_2013-04-08,9417.0,u20
u20_2013-04-09,25253.0,u20
u20_2013-04-10,33366.0,u20
u20_2013-04-11,72633.0,u20
u20_2013-04-12,13919.0,u20
u20_2013-04-13,7238.0,u20
u20_2013-04-14,0.0,u20
u20_2013-04-15,0.0,u20
u20_2013-04-16,0.0,u20
u20_2013-04-17,0.0,u20
u20_2013-04-18,0.0,u20
u20_2013-04-19,0.0,u20
u20_2013-04-20,16377.0,u20
u20_2013-04-21,66724.0,u20
u20_2013-04-22,5506.0,u20
u20_2013-04-23,61926.0,u20
u20_2013-04-24,61405.0,u20
u20_2013-04-25,19964.0,u20
u20_2013-04-26,40539.0,u20
u20_2013-04-27,42424.0,u20
u20_2013-04-28,50361.0,u20
u20_2013-04-29,19859.0,u20
u20_2013-04-30,0.0,u20
u20_2013-05-01,0.0,u20
u20_2013-05-02,0.0,u20
u20_2013-05-03,3807.0,u20
u20_2013-05-04,29356.0,u20
u20_2013-05-05,0.0,u20
u20_2013-05-06,6818.0,u20
u20_2013-05-07,0.0,u20
u20_2013-05-08,0.0,u20
u20_2013-05-09,0.0,u20
u20_2013-05-10,12834.0,u20
u20_2013-05-11,0.0,u20
u20_2013-05-12,0.0,u20
u20_2013-05-13,87887.0,u20
u20_2013-05-14,41279.0,u20
u20_2013-05-15,0.0,u20
u20_2013-05-16,0.0,u20
u20_2013-05-17,20876.0,u20
u20_2013-05-18,0.0,u20
u20_2013-05-19,16010.0,u20
u22_2013-03-26,70510.0,u22
u22_2013-03-27,96887.0,u22
u22_2013-03-28,32421.0,u22
u22_2013-03-29,51631.0,u22
u22_2013-03-30,31180.0,u22
u22_2013-03-31,67408.0,u22
u22_2013-04-01,33795.0,u22
u22_2013-04-02,63082.0,u22
u22_2013-04-03,37142.0,u22
u22_2013-04-04,40401.0,u22
u22_2013-04-05,27700.0,u22
u22_2013-04-06,23148.0,u22
u22_2013-04-07,65634.0,u22
u22_2013-04-08,40586.0,u22
u22_2013-04-09,74483.0,u22
u22_2013-04-10,63974.0,u22
u22_2013-04-11,33826.0,u22
u22_2013-04-12,20717.0,u22
u22_2013-04-13,60416.0,u22
u22_2013-04-14,33400.0,u22
u22_2013-04-15,74111.0,u22
u22_2013-04-16,74056.0,u22
u22_2013-04-17,68624.0,u22
u22_2013-04-18,46758.0,u22
u22_2013-04-19,51938.0,u22
u22_2013-04-20,49554.0,u22
u22_2013-04-21,51893.0,u22
u22_2013-04-22,27599.0,u22
u22_2013-04-23,61014.0,u22
u22_2013-04-24,24140.0,u22
u22_2013-04-25,0.0,u22
u22_2013-04-26,0.0,u22
u22_2013-04-27,39960.0,u22
u22_2013-04-28,0.0,u22
u22_2013-04-29,0.0,u22
u22_2013-04-30,0.0,u22
u22_2013-05-01,0.0,u22
u22_2013-05-02,0.0,u22
u22_2013-05-03,0.0,u22
u22_2013-05-04,34389.0,u22
u22_2013-05-05,27843.0,u22
u22_2013-05-06,39310.0,u22
u22_2013-05-07,79284.0,u22
u22_2013-05-08,72065.0,u22
u22_2013-05-09,70520.0,u22
u22_2013-05-10,30061.0,u22
u22_2013-05-11,18657.0,u22
u22_2013-05-12,30746.0,u22
u22_2013-05-13,21724.0,u22
u22_2013-05-14,32992.0,u22
u22_2013-05-15,11760.0,u22
u22_2013-05-16,0.0,u22
u22_2013-05-17,39752.0,u22
u22_2013-05-18,3958.0,u22
u22_2013-05-19,22759.0,u22
u22_2013-05-20,29365.0,u22
u22_2013-05-21,37794.0,u22
u22_2013-05-22,12391.0,u22
u22_2013-05-23,46011.0,u22
u22_2013-05-24,0.0,u22
u22_2013-05-25,0.0,u22
u22_2013-05-26,39940.0,u22
u22_2013-05-27,32507.0,u22
u22_2013-05-28,0.0,u22
u22_2013-05-29,27136.0,u22
u22_2013-05-30,4260.0,u22
u23_2013-03-27,58294.0,u23
u23_2013-03-28,76129.0,u23
u23_2013-03-29,13851.0,u23
u23_2013-03-30,74227.0,u23
u23_2013-03-31,67139.0,u23
u23_2013-04-01,51236.0,u23
u23_2013-04-02,27223.0,u23
u23_2013-04-03,78075.0,u23
u23_2013-04-04,35884.0,u23
u23_2013-04-05,48882.0,u23
u23_2013-04-06,46764.0,u23
u23_2013-04-07,34375.0,u23
u23_2013-04-08,50272.0,u23
u23_2013-04-09,54361.0,u23
u23_2013-04-10,54822.0,u23
u23_2013-04-11,59776.0,u23
u23_2013-04-12,28551.0,u23
u23_2013-04-13,65285.0,u23
u23_2013-04-14,36692.0,u23
u23_2013-04-15,41465.0,u23
u23_2013-04-16,61431.0,u23
u23_2013-04-17,54007.0,u23
u23_2013-04-18,39597.0,u23
u23_2013-04-19,58240.0,u23
u23_2013-04-20,37661.0,u23
u23_2013-04-21,32412.0,u23
u23_2013-04-22,68907.0,u23
u23_2013-04-23,53689.0,u23
u23_2013-04-24,49234.0,u23
u23_2013-04-25,54121.0,u23
u23_2013-04-26,51482.0,u23
u23_2013-04-27,49943.0,u23
u23_2013-04-28,42895.0,u23
u23_2013-04-29,18615.0,u23
u23_2013-04-30,22314.0,u23
u23_2013-05-01,47439.0,u23
u23_2013-05-02,16816.0,u23
u23_2013-05-03,50544.0,u23
u23_2013-05-04,22514.0,u23
u23_2013-05-05,60084.0,u23
u23_2013-05-06,22599.0,u23
u23_2013-05-07,68306.0,u23
u23_2013-05-08,54600.0,u23
u23_2013-05-09,63411.0,u23
u23_2013-05-10,75211.0,u23
u23_2013-05-11,10355.0,u23
u23_2013-05-12,36509.0,u23
u23_2013-05-13,71569.0,u23
u23_2013-05-14,67677.0,u23
u23_2013-05-15,31079.0,u23
u23_2013-05-16,40794.0,u23
u23_2013-05-17,31384.0,u23
u23_2013-05-18,0.0,u23
u23_2013-05-19,0.0,u23
u23_2013-05-20,34300.0,u23
u23_2013-05-21,51283.0,u23
u23_2013-05-22,46481.0,u23
u24_2013-03-27,8067.0,u24
u24_2013-03-28,53286.0,u24
u24_2013-03-29,4401.0,u24
u24_2013-03-30,74450.0,u24
u24_2013-03-31,40294.0,u24
u24_2013-04-01,26856.0,u24
u24_2013-04-02,31872.0,u24
u24_2013-04-03,22936.0,u24
u24_2013-04-04,20545.0,u24
u24_2013-04-05,39446.0,u24
u24_2013-04-06,30876.0,u24
u24_2013-04-07,69602.0,u24
u24_2013-04-08,24153.0,u24
u24_2013-04-09,3691.0,u24
u24_2013-04-10,19627.0,u24
u24_2013-04-11,47815.0,u24
u24_2013-04-12,30473.0,u24
u24_2013-04-13,16555.0,u24
u24_2013-04-14,0.0,u24
u24_2013-04-15,21396.0,u24
u24_2013-04-16,49803.0,u24
u24_2013-04-17,11701.0,u24
u24_2013-04-18,28159.0,u24
u24_2013-04-19,19488.0,u24
u24_2013-04-20,9012.0,u24
u24_2013-04-21,6379.0,u24
u24_2013-04-22,33087.0,u24
u24_2013-04-23,10830.0,u24
u24_2013-04-24,72378.0,u24
u24_2013-04-25,4938.0,u24
u25_2013-03-27,31069.0,u25
u25_2013-03-28,32836.0,u25
u25_2013-03-29,41302.0,u25
u25_2013-03-30,21273.0,u25
u25_2013-03-31,42157.0,u25
u25_2013-04-01,25574.0,u25
u25_2013-04-02,39387.0,u25
u25_2013-04-03,39850.0,u25
u25_2013-04-04,35585.0,u25
u25_2013-04-05,16107.0,u25
u25_2013-04-06,12288.0,u25
u25_2013-04-07,16179.0,u25
u25_2013-04-08,60452.0,u25
u25_2013-04-09,21915.0,u25
u25_2013-04-10,41293.0,u25
u25_2013-04-11,28044.0,u25
u25_2013-04-12,4060.0,u25
u25_2013-04-13,12508.0,u25
u25_2013-04-14,29545.0,u25
u25_2013-04-15,18018.0,u25
u25_2013-04-16,0.0,u25
u25_2013-04-17,29666.0,u25
u25_2013-04-18,27405.0,u25
u25_2013-04-19,14577.0,u25
u25_2013-04-20,29247.0,u25
u25_2013-04-21,74810.0,u25
u25_2013-04-22,39439.0,u25
u25_2013-04-23,7217.0,u25
u25_2013-04-24,0.0,u25
u25_2013-04-25,28287.0,u25
u25_2013-04-26,5496.0,u25
u25_2013-04-27,0.0,u25
u25_2013-04-28,14003.0,u25
u25_2013-04-29,5662.0,u25
u25_2013-04-30,0.0,u25
u25_2013-05-01,0.0,u25
u25_2013-05-02,0.0,u25
u25_2013-05-03,11534.0,u25
u25_2013-05-04,0.0,u25
u25_2013-05-05,0.0,u25
u25_2013-05-06,0.0,u25
u25_2013-05-07,0.0,u25
u25_2013-05-08,0.0,u25
u25_2013-05-09,0.0,u25
u25_2013-05-10,0.0,u25
u25_2013-05-11,0.0,u25
u25_2013-05-12,0.0,u25
u25_2013-05-13,0.0,u25
u25_2013-05-14,4542.0,u25
u25_2013-05-15,0.0,u25
u25_2013-05-16,0.0,u25
u25_2013-05-17,0.0,u25
u25_2013-05-18,0.0,u25
u25_2013-05-19,0.0,u25
u25_2013-05-20,0.0,u25
u25_2013-05-21,0.0,u25
u25_2013-05-22,0.0,u25
u25_2013-05-23,0.0,u25
u25_2013-05-24,18818.0,u25
u25_2013-05-25,0.0,u25
u25_2013-05-26,0.0,u25
u25_2013-05-27,0.0,u25
u25_2013-05-28,37112.0,u25
u27_2013-03-27,14893.0,u27
u27_2013-03-28,58033.0,u27
u27_2013-03-29,20884.0,u27
u27_2013-03-30,0.0,u27
u27_2013-03-31,68218.0,u27
u27_2013-04-01,15069.0,u27
u27_2013-04-02,28508.0,u27
u27_2013-04-03,19898.0,u27
u27_2013-04-04,57632.0,u27
u27_2013-04-05,8674.0,u27
u27_2013-04-06,52465.0,u27
u27_2013-04-07,47800.0,u27
u27_2013-04-08,7451.0,u27
u27_2013-04-09,48441.0,u27
u27_2013-04-10,4760.0,u27
u27_2013-04-11,69421.0,u27
u27_2013-04-12,22618.0,u27
u27_2013-04-13,13657.0,u27
u27_2013-04-14,40086.0,u27
u27_2013-04-15,13875.0,u27
u27_2013-04-16,31422.0,u27
u27_2013-04-17,50312.0,u27
u27_2013-04-18,44157.0,u27
u27_2013-04-19,8961.0,u27
u27_2013-04-20,20408.0,u27
u27_2013-04-21,27928.0,u27
u27_2013-04-22,3814.0,u27
u27_2013-04-23,0.0,u27
u27_2013-04-24,21057.0,u27
u27_2013-04-25,52877.0,u27
u27_2013-04-26,25039.0,u27
u27_2013-04-27,15583.0,u27
u27_2013-04-28,42946.0,u27
u27_2013-04-29,6265.0,u27
u27_2013-04-30,43401.0,u27
u27_2013-05-01,48847.0,u27
u27_2013-05-02,33442.0,u27
u27_2013-05-03,23906.0,u27
u27_2013-05-04,21506.0,u27
u27_2013-05-05,44905.0,u27
u27_2013-05-06,54591.0,u27
u27_2013-05-07,76958.0,u27
u27_2013-05-08,7425.0,u27
u27_2013-05-09,16960.0,u27
u27_2013-05-10,27117.0,u27
u27_2013-05-11,28192.0,u27
u27_2013-05-12,54276.0,u27
u27_2013-05-13,21588.0,u27
u27_2013-05-14,37052.0,u27
u27_2013-05-15,50031.0,u27
u27_2013-05-16,58363.0,u27
u27_2013-05-17,11615.0,u27
u27_2013-05-18,30475.0,u27
u27_2013-05-19,29597.0,u27
u27_2013-05-20,41307.0,u27
u27_2013-05-21,74107.0,u27
u27_2013-05-22,15827.0,u27
u27_2013-05-23,33663.0,u27
u27_2013-05-24,20972.0,u27
u27_2013-05-25,22358.0,u27
u27_2013-05-26,8695.0,u27
u27_2013-05-27,0.0,u27
u27_2013-05-28,39615.0,u27
u27_2013-05-29,10074.0,u27
u27_2013-05-30,14753.0,u27
u30_2013-03-28,51724.0,u30
u30_2013-03-29,41355.0,u30
u30_2013-03-30,65073.0,u30
u30_2013-03-31,58843.0,u30
u30_2013-04-01,55587.0,u30
u30_2013-04-02,54776.0,u30
u30_2013-04-03,67025.0,u30
u30_2013-04-04,64872.0,u30
u30_2013-04-05,39893.0,u30
u30_2013-04-06,87187.0,u30
u30_2013-04-07,50352.0,u30
u30_2013-04-08,13286.0,u30
u30_2013-04-09,20377.0,u30
u30_2013-04-10,49745.0,u30
u30_2013-04-11,62099.0,u30
u30_2013-04-12,83738.0,u30
u30_2013-04-13,51696.0,u30
u30_2013-04-14,47057.0,u30
u30_2013-04-15,47618.0,u30
u30_2013-04-16,51068.0,u30
u30_2013-04-17,29802.0,u30
u30_2013-04-18,21134.0,u30
u30_2013-04-19,12938.0,u30
u30_2013-04-20,8190.0,u30
u30_2013-04-21,53271.0,u30
u30_2013-04-22,23565.0,u30
u30_2013-04-23,61706.0,u30
u30_2013-04-24,12097.0,u30
u30_2013-04-25,23288.0,u30
u30_2013-04-26,0.0,u30
u30_2013-04-27,12444.0,u30
u30_2013-04-28,45317.0,u30
u30_2013-04-29,61301.0,u30
u30_2013-04-30,28493.0,u30
u30_2013-05-01,35668.0,u30
u30_2013-05-02,15282.0,u30
u30_2013-05-03,47284.0,u30
u30_2013-05-04,9251.0,u30
u30_2013-05-05,17278.0,u30
u30_2013-05-06,80960.0,u30
u30_2013-05-07,32939.0,u30
u30_2013-05-08,10949.0,u30
u30_2013-05-09,47070.0,u30
u30_2013-05-10,75723.0,u30
u30_2013-05-11,60573.0,u30
u30_2013-05-12,69692.0,u30
u30_2013-05-13,73775.0,u30
u30_2013-05-14,34399.0,u30
u30_2013-05-15,0.0,u30
u30_2013-05-16,0.0,u30
u30_2013-05-17,0.0,u30
u30_2013-05-18,0.0,u30
u30_2013-05-19,4279.0,u30
u30_2013-05-20,32720.0,u30
u30_2013-05-21,5207.0,u30
u30_2013-05-22,34231.0,u30
u30_2013-05-23,5764.0,u30
u30_2013-05-24,10624.0,u30
u30_2013-05-25,53945.0,u30
u30_2013-05-26,0.0,u30
u30_2013-05-27,55019.0,u30
u30_2013-05-28,10952.0,u30
u30_2013-05-29,20534.0,u30
u30_2013-05-30,65900.0,u30
u31_2013-03-27,31888.0,u31
u31_2013-03-28,13941.0,u31
u31_2013-03-29,15609.0,u31
u31_2013-03-30,12277.0,u31
u31_2013-03-31,39469.0,u31
u31_2013-04-01,11203.0,u31
u31_2013-04-02,12184.0,u31
u31_2013-04-03,28245.0,u31
u31_2013-04-04,35370.0,u31
u31_2013-04-05,38248.0,u31
u31_2013-04-06,35715.0,u31
u31_2013-04-07,31635.0,u31
u31_2013-04-08,32955.0,u31
u31_2013-04-09,9323.0,u31
u31_2013-04-10,27407.0,u31
u31_2013-04-11,13011.0,u31
u31_2013-04-12,43455.0,u31
u31_2013-04-13,29245.0,u31
u31_2013-04-14,24147.0,u31
u31_2013-04-15,30367.0,u31
u31_2013-04-16,34208.0,u31
u31_2013-04-17,24151.0,u31
u31_2013-04-18,40470.0,u31
u31_2013-04-19,31494.0,u31
u31_2013-04-20,24455.0,u31
u31_2013-04-21,29469.0,u31
u31_2013-04-22,22735.0,u31
u31_2013-04-23,45352.0,u31
u31_2013-04-24,18439.0,u31
u31_2013-04-25,52049.0,u31
u31_2013-04-26,63926.0,u31
u31_2013-04-27,47261.0,u31
u31_2013-04-28,7603.0,u31
u31_2013-04-29,19519.0,u31
u31_2013-04-30,37033.0,u31
u31_2013-05-01,43196.0,u31
u31_2013-05-02,57250.0,u31
u31_2013-05-03,87236.0,u31
u31_2013-05-04,24831.0,u31
u31_2013-05-05,27478.0,u31
u31_2013-05-06,20783.0,u31
u31_2013-05-07,42242.0,u31
u31_2013-05-08,46473.0,u31
u31_2013-05-09,34008.0,u31
u31_2013-05-10,51905.0,u31
u31_2013-05-11,19340.0,u31
u31_2013-05-12,6217.0,u31
u31_2013-05-13,22649.0,u31
u31_2013-05-14,46756.0,u31
u31_2013-05-15,56382.0,u31
u31_2013-05-16,38258.0,u31
u31_2013-05-17,19421.0,u31
u31_2013-05-18,5111.0,u31
u31_2013-05-19,58157.0,u31
u31_2013-05-20,62147.0,u31
u31_2013-05-21,52126.0,u31
u31_2013-05-22,52028.0,u31
u31_2013-05-23,0.0,u31
u31_2013-05-24,10865.0,u31
u31_2013-05-25,17458.0,u31
u31_2013-05-26,18773.0,u31
u31_2013-05-27,21536.0,u31
u31_2013-05-28,5649.0,u31
u31_2013-05-29,13278.0,u31
u31_2013-05-30,16211.0,u31
u32_2013-03-27,70594.0,u32
u32_2013-03-28,71018.0,u32
u32_2013-03-29,26888.0,u32
u32_2013-03-30,51883.0,u32
u32_2013-03-31,31004.0,u32
u32_2013-04-01,12528.0,u32
u32_2013-04-02,54666.0,u32
u32_2013-04-03,59260.0,u32
u32_2013-04-04,71352.0,u32
u32_2013-04-05,53648.0,u32
u32_2013-04-06,0.0,u32
u32_2013-04-07,51733.0,u32
u32_2013-04-08,57611.0,u32
u32_2013-04-09,17111.0,u32
u32_2013-04-10,17190.0,u32
u32_2013-04-11,70886.0,u32
u32_2013-04-12,5591.0,u32
u32_2013-04-13,0.0,u32
u32_2013-04-14,0.0,u32
u32_2013-04-15,0.0,u32
u32_2013-04-16,6512.0,u32
u32_2013-04-17,30366.0,u32
u32_2013-04-18,56848.0,u32
u32_2013-04-19,6767.0,u32
u32_2013-04-20,67768.0,u32
u32_2013-04-21,42657.0,u32
u32_2013-04-22,4077.0,u32
u32_2013-04-23,4554.0,u32
u32_2013-04-24,71563.0,u32
u32_2013-04-25,19739.0,u32
u32_2013-04-26,61794.0,u32
u32_2013-04-27,10996.0,u32
u32_2013-04-28,41018.0,u32
u32_2013-04-29,53166.0,u32
u32_2013-04-30,60259.0,u32
u32_2013-05-01,62824.0,u32
u32_2013-05-02,39733.0,u32
u32_2013-05-03,0.0,u32
u32_2013-05-04,0.0,u32
u32_2013-05-05,46905.0,u32
u32_2013-05-06,57292.0,u32
u32_2013-05-07,85196.0,u32
u32_2013-05-08,55877.0,u32
u32_2013-05-09,59137.0,u32
u32_2013-05-10,0.0,u32
u32_2013-05-11,0.0,u32
u32_2013-05-12,25364.0,u32
u32_2013-05-13,11181.0,u32
u32_2013-05-14,0.0,u32
u32_2013-05-15,13702.0,u32
u32_2013-05-16,5672.0,u32
u32_2013-05-17,6553.0,u32
u32_2013-05-18,58618.0,u32
u32_2013-05-19,14264.0,u32
u32_2013-05-20,52952.0,u32
u32_2013-05-21,55208.0,u32
u32_2013-05-22,69281.0,u32
u32_2013-05-23,0.0,u32
u32_2013-05-24,27588.0,u32
u32_2013-05-25,41710.0,u32
u32_2013-05-26,35576.0,u32
u32_2013-05-27,37730.0,u32
u32_2013-05-28,46652.0,u32
u32_2013-05-29,15379.0,u32
u32_2013-05-30,26990.0,u32
u33_2013-03-27,23092.0,u33
u33_2013-03-28,46224.0,u33
u33_2013-03-29,85180.0,u33
u33_2013-03-30,57426.0,u33
u33_2013-03-31,44862.0,u33
u33_2013-04-01,17330.0,u33
u33_2013-04-02,53227.0,u33
u33_2013-04-03,54167.0,u33
u33_2013-04-04,56823.0,u33
u33_2013-04-05,15601.0,u33
u33_2013-04-06,60550.0,u33
u33_2013-04-07,51797.0,u33
u33_2013-04-08,19982.0,u33
u33_2013-04-09,55997.0,u33
u33_2013-04-10,9490.0,u33
u33_2013-04-11,49052.0,u33
u33_2013-04-12,18220.0,u33
u33_2013-04-13,68525.0,u33
u33_2013-04-14,53361.0,u33
u33_2013-04-15,11219.0,u33
u33_2013-04-16,50116.0,u33
u33_2013-04-17,16346.0,u33
u33_2013-04-18,75062.0,u33
u33_2013-04-19,0.0,u33
u33_2013-04-20,8636.0,u33
u33_2013-04-21,65880.0,u33
u33_2013-04-22,30534.0,u33
u33_2013-04-23,39095.0,u33
u33_2013-04-24,53436.0,u33
u33_2013-04-25,31222.0,u33
u33_2013-04-26,13611.0,u33
u33_2013-04-27,81396.0,u33
u33_2013-04-28,56914.0,u33
u33_2013-04-29,50995.0,u33
u33_2013-04-30,63070.0,u33
u33_2013-05-01,67934.0,u33
u33_2013-05-02,15610.0,u33
u33_2013-05-03,58693.0,u33
u33_2013-05-04,41815.0,u33
u33_2013-05-05,73275.0,u33
u33_2013-05-06,66398.0,u33
u33_2013-05-07,42716.0,u33
u33_2013-05-08,36425.0,u33
u33_2013-05-09,57255.0,u33
u33_2013-05-10,35071.0,u33
u33_2013-05-11,67849.0,u33
u33_2013-05-12,73680.0,u33
u33_2013-05-13,43642.0,u33
u33_2013-05-14,29728.0,u33
u33_2013-05-15,19257.0,u33
u33_2013-05-16,53063.0,u33
u33_2013-05-17,0.0,u33
u33_2013-05-18,0.0,u33
u33_2013-05-19,0.0,u33
u33_2013-05-20,0.0,u33
u33_2013-05-21,5315.0,u33
u34_2013-03-27,44806.0,u34
u34_2013-03-28,0.0,u34
u34_2013-03-29,0.0,u34
u34_2013-03-30,22362.0,u34
u34_2013-03-31,13657.0,u34
u34_2013-04-01,39923.0,u34
u34_2013-04-02,58161.0,u34
u34_2013-04-03,23134.0,u34
u34_2013-04-04,9340.0,u34
u34_2013-04-05,40683.0,u34
u34_2013-04-06,0.0,u34
u34_2013-04-07,12426.0,u34
u34_2013-04-08,32526.0,u34
u34_2013-04-09,0.0,u34
u34_2013-04-10,10932.0,u34
u34_2013-04-11,6381.0,u34
u34_2013-04-12,34409.0,u34
u34_2013-04-13,0.0,u34
u34_2013-04-14,34972.0,u34
u34_2013-04-15,0.0,u34
u34_2013-04-16,0.0,u34
u34_2013-04-17,0.0,u34
u34_2013-04-18,15867.0,u34
u34_2013-04-19,0.0,u34
u34_2013-04-20,0.0,u34
u34_2013-04-21,4188.0,u34
u34_2013-04-22,0.0,u34
u34_2013-04-23,0.0,u34
u34_2013-04-24,0.0,u34
u34_2013-04-25,0.0,u34
u34_2013-04-26,3910.0,u34
u34_2013-04-27,23876.0,u34
u34_2013-04-28,20710.0,u34
u34_2013-04-29,12857.0,u34
u34_2013-04-30,0.0,u34
u34_2013-05-01,0.0,u34
u34_2013-05-02,0.0,u34
u34_2013-05-03,0.0,u34
u34_2013-05-04,0.0,u34
u34_2013-05-05,0.0,u34
u34_2013-05-06,16989.0,u34
u34_2013-05-07,0.0,u34
u34_2013-05-08,0.0,u34
u34_2013-05-09,4647.0,u34
u34_2013-05-10,0.0,u34
u34_2013-05-11,4443.0,u34
u34_2013-05-12,57919.0,u34
u34_2013-05-13,12333.0,u34
u34_2013-05-14,0.0,u34
u34_2013-05-15,0.0,u34
u34_2013-05-16,0.0,u34
u34_2013-05-17,0.0,u34
u34_2013-05-18,0.0,u34
u34_2013-05-19,0.0,u34
u34_2013-05-20,0.0,u34
u34_2013-05-21,0.0,u34
u34_2013-05-22,0.0,u34
u34_2013-05-23,0.0,u34
u34_2013-05-24,0.0,u34
u34_2013-05-25,0.0,u34
u34_2013-05-26,5689.0,u34
u34_2013-05-27,4546.0,u34
u35_2013-03-28,86637.0,u35
u35_2013-03-29,9522.0,u35
u35_2013-03-30,10451.0,u35
u35_2013-03-31,33683.0,u35
u35_2013-04-01,25629.0,u35
u35_2013-04-02,22626.0,u35
u35_2013-04-03,0.0,u35
u35_2013-04-04,20111.0,u35
u35_2013-04-05,0.0,u35
u35_2013-04-06,0.0,u35
u35_2013-04-07,9091.0,u35
u35_2013-04-08,49663.0,u35
u35_2013-04-09,0.0,u35
u35_2013-04-10,27785.0,u35
u35_2013-04-11,0.0,u35
u35_2013-04-12,0.0,u35
u35_2013-04-13,31209.0,u35
u35_2013-04-14,0.0,u35
u35_2013-04-15,0.0,u35
u35_2013-04-16,14614.0,u35
u35_2013-04-17,0.0,u35
u35_2013-04-18,10579.0,u35
u35_2013-04-19,0.0,u35
u35_2013-04-20,7111.0,u35
u35_2013-04-21,17574.0,u35
u35_2013-04-22,0.0,u35
u35_2013-04-23,14621.0,u35
u35_2013-04-24,0.0,u35
u35_2013-04-25,0.0,u35
u35_2013-04-26,0.0,u35
u35_2013-04-27,4409.0,u35
u35_2013-04-28,4844.0,u35
u35_2013-04-29,0.0,u35
u35_2013-04-30,9909.0,u35
u35_2013-05-01,0.0,u35
u35_2013-05-02,0.0,u35
u35_2013-05-03,0.0,u35
u35_2013-05-04,22288.0,u35
u35_2013-05-05,10085.0,u35
u35_2013-05-06,4904.0,u35
u35_2013-05-07,4507.0,u35
u35_2013-05-08,4487.0,u35
u35_2013-05-09,19420.0,u35
u35_2013-05-10,20062.0,u35
u35_2013-05-11,0.0,u35
u35_2013-05-12,4414.0,u35
u35_2013-05-13,0.0,u35
u35_2013-05-14,0.0,u35
u35_2013-05-15,34749.0,u35
u35_2013-05-16,0.0,u35
u35_2013-05-17,0.0,u35
u35_2013-05-18,16303.0,u35
u35_2013-05-19,0.0,u35
u35_2013-05-20,0.0,u35
u35_2013-05-21,0.0,u35
u35_2013-05-22,0.0,u35
u35_2013-05-23,0.0,u35
u35_2013-05-24,0.0,u35
u35_2013-05-25,0.0,u35
u35_2013-05-26,0.0,u35
u35_2013-05-27,25458.0,u35
u35_2013-05-28,7917.0,u35
u35_2013-05-29,0.0,u35
u35_2013-05-30,0.0,u35
u35_2013-05-31,6627.0,u35
u36_2013-03-28,43984.0,u36
u36_2013-03-29,40569.0,u36
u36_2013-03-30,58024.0,u36
u36_2013-03-31,30627.0,u36
u36_2013-04-01,35501.0,u36
u36_2013-04-02,34900.0,u36
u36_2013-04-03,40710.0,u36
u36_2013-04-04,39338.0,u36
u36_2013-04-05,63967.0,u36
u36_2013-04-06,49866.0,u36
u36_2013-04-07,53814.0,u36
u36_2013-04-08,34653.0,u36
u36_2013-04-09,45854.0,u36
u36_2013-04-10,38969.0,u36
u36_2013-04-11,41555.0,u36
u36_2013-04-12,11505.0,u36
u36_2013-04-13,49384.0,u36
u36_2013-04-14,62328.0,u36
u36_2013-04-15,54564.0,u36
u36_2013-04-16,48347.0,u36
u36_2013-04-17,49381.0,u36
u36_2013-04-18,30390.0,u36
u36_2013-04-19,49092.0,u36
u36_2013-04-20,49679.0,u36
u36_2013-04-21,34215.0,u36
u36_2013-04-22,7808.0,u36
u36_2013-04-23,55382.0,u36
u36_2013-04-24,44521.0,u36
u36_2013-04-25,34011.0,u36
u36_2013-04-26,42473.0,u36
u36_2013-04-27,63492.0,u36
u36_2013-04-28,45512.0,u36
u36_2013-04-29,46281.0,u36
u36_2013-04-30,38544.0,u36
u36_2013-05-01,48089.0,u36
u36_2013-05-02,53521.0,u36
u36_2013-05-03,0.0,u36
u36_2013-05-04,49508.0,u36
u36_2013-05-05,15379.0,u36
u36_2013-05-06,53671.0,u36
u36_2013-05-07,10416.0,u36
u36_2013-05-08,48631.0,u36
u36_2013-05-09,52115.0,u36
u36_2013-05-10,56444.0,u36
u36_2013-05-11,47980.0,u36
u36_2013-05-12,57622.0,u36
u36_2013-05-13,0.0,u36
u36_2013-05-14,46285.0,u36
u36_2013-05-15,33212.0,u36
u36_2013-05-16,42290.0,u36
u36_2013-05-17,26206.0,u36
u36_2013-05-18,81459.0,u36
u36_2013-05-19,43878.0,u36
u36_2013-05-20,66000.0,u36
u36_2013-05-21,19535.0,u36
u36_2013-05-22,63990.0,u36
u36_2013-05-23,38113.0,u36
u36_2013-05-24,79021.0,u36
u36_2013-05-25,6819.0,u36
u36_2013-05-26,37928.0,u36
u36_2013-05-27,21636.0,u36
u36_2013-05-28,36861.0,u36
u36_2013-05-29,58932.0,u36
u36_2013-05-30,9736.0,u36
u36_2013-05-31,4854.0,u36
u39_2013-03-28,15414.0,u39
u39_2013-03-29,0.0,u39
u39_2013-03-30,0.0,u39
u39_2013-03-31,0.0,u39
u39_2013-04-01,11269.0,u39
u39_2013-04-02,37858.0,u39
u39_2013-04-03,0.0,u39
u39_2013-04-04,0.0,u39
u39_2013-04-05,0.0,u39
u39_2013-04-06,0.0,u39
u39_2013-04-07,0.0,u39
u39_2013-04-08,0.0,u39
u39_2013-04-09,0.0,u39
u39_2013-04-10,0.0,u39
u39_2013-04-11,0.0,u39
u39_2013-04-12,5060.0,u39
u39_2013-04-13,9754.0,u39
u39_2013-04-14,33701.0,u39
u39_2013-04-15,0.0,u39
u39_2013-04-16,0.0,u39
u39_2013-04-17,0.0,u39
u39_2013-04-18,0.0,u39
u39_2013-04-19,0.0,u39
u39_2013-04-20,0.0,u39
u39_2013-04-21,0.0,u39
u39_2013-04-22,0.0,u39
u39_2013-04-23,26470.0,u39
u41_2013-03-28,62429.0,u41
u41_2013-03-29,8206.0,u41
u41_2013-03-30,8989.0,u41
u41_2013-03-31,35314.0,u41
u41_2013-04-01,0.0,u41
u41_2013-04-02,13140.0,u41
u41_2013-04-03,28821.0,u41
u41_2013-04-04,8655.0,u41
u41_2013-04-05,13291.0,u41
u41_2013-04-06,0.0,u41
u41_2013-04-07,0.0,u41
u41_2013-04-08,56133.0,u41
u41_2013-04-09,31574.0,u41
u41_2013-04-10,53618.0,u41
u41_2013-04-11,32540.0,u41
u41_2013-04-12,22994.0,u41
u41_2013-04-13,11005.0,u41
u41_2013-04-14,32215.0,u41
u41_2013-04-15,0.0,u41
u41_2013-04-16,0.0,u41
u41_2013-04-17,0.0,u41
u41_2013-04-18,29835.0,u41
u41_2013-04-19,10641.0,u41
u41_2013-04-20,14278.0,u41
u41_2013-04-21,15189.0,u41
u41_2013-04-22,0.0,u41
u41_2013-04-23,0.0,u41
u41_2013-04-24,4280.0,u41
u41_2013-04-25,39949.0,u41
u41_2013-04-26,0.0,u41
u41_2013-04-27,0.0,u41
u41_2013-04-28,29363.0,u41
u41_2013-04-29,28303.0,u41
u41_2013-04-30,8886.0,u41
u41_2013-05-01,0.0,u41
u41_2013-05-02,0.0,u41
u41_2013-05-03,0.0,u41
u41_2013-05-04,0.0,u41
u41_2013-05-05,0.0,u41
u41_2013-05-06,0.0,u41
u41_2013-05-07,22446.0,u41
u41_2013-05-08,0.0,u41
u41_2013-05-09,8345.0,u41
u41_2013-05-10,0.0,u41
u41_2013-05-11,0.0,u41
u41_2013-05-12,85739.0,u41
u41_2013-05-13,11936.0,u41
u41_2013-05-14,0.0,u41
u41_2013-05-15,0.0,u41
u41_2013-05-16,0.0,u41
u41_2013-05-17,0.0,u41
u41_2013-05-18,0.0,u41
u41_2013-05-19,13478.0,u41
u41_2013-05-20,22081.0,u41
u41_2013-05-21,0.0,u41
u41_2013-05-22,0.0,u41
u41_2013-05-23,0.0,u41
u41_2013-05-24,0.0,u41
u41_2013-05-25,0.0,u41
u41_2013-05-26,34281.0,u41
u41_2013-05-27,18990.0,u41
u41_2013-05-28,23792.0,u41
u42_2013-04-01,46503.0,u42
u42_2013-04-02,43009.0,u42
u42_2013-04-03,40387.0,u42
u42_2013-04-04,18229.0,u42
u42_2013-04-05,25966.0,u42
u42_2013-04-06,4764.0,u42
u42_2013-04-07,11470.0,u42
u42_2013-04-08,26533.0,u42
u42_2013-04-09,34909.0,u42
u42_2013-04-10,50580.0,u42
u42_2013-04-11,23556.0,u42
u42_2013-04-12,42933.0,u42
u42_2013-04-13,39406.0,u42
u42_2013-04-14,5444.0,u42
u42_2013-04-15,81468.0,u42
u42_2013-04-16,0.0,u42
u42_2013-04-17,43765.0,u42
u42_2013-04-18,60801.0,u42
u42_2013-04-19,14946.0,u42
u42_2013-04-20,8760.0,u42
u42_2013-04-21,53671.0,u42
u42_2013-04-22,59884.0,u42
u42_2013-04-23,5987.0,u42
u42_2013-04-24,0.0,u42
u42_2013-04-25,0.0,u42
u42_2013-04-26,59579.0,u42
u42_2013-04-27,0.0,u42
u42_2013-04-28,21846.0,u42
u42_2013-04-29,6276.0,u42
u42_2013-04-30,15040.0,u42
u42_2013-05-01,39633.0,u42
u42_2013-05-02,0.0,u42
u42_2013-05-03,0.0,u42
u42_2013-05-04,10034.0,u42
u42_2013-05-05,69082.0,u42
u42_2013-05-06,18098.0,u42
u42_2013-05-07,40738.0,u42
u42_2013-05-08,43922.0,u42
u42_2013-05-09,0.0,u42
u42_2013-05-10,0.0,u42
u42_2013-05-11,0.0,u42
u42_2013-05-12,0.0,u42
u42_2013-05-13,43713.0,u42
u42_2013-05-14,86072.0,u42
u42_2013-05-15,38078.0,u42
u42_2013-05-16,0.0,u42
u42_2013-05-17,0.0,u42
u42_2013-05-18,13123.0,u42
u42_2013-05-19,56389.0,u42
u42_2013-05-20,43534.0,u42
u42_2013-05-21,46826.0,u42
u43_2013-04-01,50758.0,u43
u43_2013-04-02,30870.0,u43
u43_2013-04-03,44560.0,u43
u43_2013-04-04,53931.0,u43
u43_2013-04-05,32254.0,u43
u43_2013-04-06,24334.0,u43
u43_2013-04-07,10658.0,u43
u43_2013-04-08,72898.0,u43
u43_2013-04-09,59345.0,u43
u43_2013-04-10,62180.0,u43
u43_2013-04-11,22790.0,u43
u43_2013-04-12,29332.0,u43
u43_2013-04-13,18715.0,u43
u43_2013-04-14,19189.0,u43
u43_2013-04-15,42441.0,u43
u43_2013-04-16,62797.0,u43
u43_2013-04-17,39963.0,u43
u43_2013-04-18,12800.0,u43
u43_2013-04-19,37738.0,u43
u43_2013-04-20,16529.0,u43
u43_2013-04-21,12347.0,u43
u43_2013-04-22,53299.0,u43
u43_2013-04-23,12476.0,u43
u43_2013-04-24,55022.0,u43
u43_2013-04-25,63988.0,u43
u43_2013-04-26,42913.0,u43
u43_2013-04-27,9671.0,u43
u43_2013-04-28,34390.0,u43
u43_2013-04-29,50892.0,u43
u43_2013-04-30,39374.0,u43
u43_2013-05-01,81482.0,u43
u43_2013-05-02,34516.0,u43
u43_2013-05-03,0.0,u43
u43_2013-05-04,0.0,u43
u43_2013-05-05,0.0,u43
u43_2013-05-06,53889.0,u43
u43_2013-05-07,0.0,u43
u43_2013-05-08,0.0,u43
u43_2013-05-09,46737.0,u43
u43_2013-05-10,0.0,u43
u43_2013-05-11,0.0,u43
u43_2013-05-12,64623.0,u43
u43_2013-05-13,0.0,u43
u43_2013-05-14,27617.0,u43
u43_2013-05-15,0.0,u43
u43_2013-05-16,0.0,u43
u43_2013-05-17,0.0,u43
u43_2013-05-18,10654.0,u43
u43_2013-05-19,32308.0,u43
u43_2013-05-20,47000.0,u43
u43_2013-05-21,0.0,u43
u43_2013-05-22,10094.0,u43
u43_2013-05-23,52923.0,u43
u43_2013-05-24,36789.0,u43
u43_2013-05-25,21867.0,u43
u43_2013-05-26,44090.0,u43
u43_2013-05-27,20231.0,u43
u43_2013-05-28,6017.0,u43
u44_2013-04-01,47444.0,u44
u44_2013-04-02,62046.0,u44
u44_2013-04-03,32628.0,u44
u44_2013-04-04,37127.0,u44
u44_2013-04-05,43586.0,u44
u44_2013-04-06,6977.0,u44
u44_2013-04-07,21308.0,u44
u44_2013-04-08,0.0,u44
u44_2013-04-09,57823.0,u44
u44_2013-04-10,15598.0,u44
u44_2013-04-11,26583.0,u44
u44_2013-04-12,0.0,u44
u44_2013-04-13,0.0,u44
u44_2013-04-14,0.0,u44
u44_2013-04-15,9979.0,u44
u44_2013-04-16,15062.0,u44
u44_2013-04-17,13459.0,u44
u44_2013-04-18,28920.0,u44
u44_2013-04-19,0.0,u44
u44_2013-04-20,15170.0,u44
u44_2013-04-21,30851.0,u44
u44_2013-04-22,0.0,u44
u44_2013-04-23,37345.0,u44
u44_2013-04-24,56811.0,u44
u44_2013-04-25,27780.0,u44
u44_2013-04-26,0.0,u44
u44_2013-04-27,16023.0,u44
u44_2013-04-28,8281.0,u44
u44_2013-04-29,41698.0,u44
u44_2013-04-30,41531.0,u44
u44_2013-05-01,62850.0,u44
u44_2013-05-02,10524.0,u44
u44_2013-05-03,7112.0,u44
u44_2013-05-04,0.0,u44
u44_2013-05-05,0.0,u44
u44_2013-05-06,5900.0,u44
u44_2013-05-07,0.0,u44
u44_2013-05-08,4738.0,u44
u44_2013-05-09,0.0,u44
u44_2013-05-10,17326.0,u44
u44_2013-05-11,32130.0,u44
u44_2013-05-12,0.0,u44
u44_2013-05-13,0.0,u44
u44_2013-05-14,20758.0,u44
u44_2013-05-15,7770.0,u44
u44_2013-05-16,0.0,u44
u44_2013-05-17,0.0,u44
u44_2013-05-18,0.0,u44
u44_2013-05-19,14705.0,u44
u44_2013-05-20,40782.0,u44
u44_2013-05-21,0.0,u44
u44_2013-05-22,13720.0,u44
u44_2013-05-23,39135.0,u44
u44_2013-05-24,3700.0,u44
u44_2013-05-25,4617.0,u44
u44_2013-05-26,10877.0,u44
u44_2013-05-27,0.0,u44
u44_2013-05-28,0.0,u44
u44_2013-05-29,0.0,u44
u44_2013-05-30,25406.0,u44
u45_2013-04-01,46099.0,u45
u45_2013-04-02,33910.0,u45
u45_2013-04-03,40825.0,u45
u45_2013-04-04,30487.0,u45
u45_2013-04-05,7821.0,u45
u45_2013-04-06,0.0,u45
u45_2013-04-07,0.0,u45
u45_2013-04-08,0.0,u45
u45_2013-04-09,0.0,u45
u45_2013-04-10,17837.0,u45
u45_2013-04-11,6741.0,u45
u45_2013-04-12,19243.0,u45
u45_2013-04-13,47345.0,u45
u45_2013-04-14,29004.0,u45
u45_2013-04-15,15845.0,u45
u45_2013-04-16,12754.0,u45
u45_2013-04-17,50538.0,u45
u45_2013-04-18,0.0,u45
u45_2013-04-19,0.0,u45
u45_2013-04-20,45043.0,u45
u45_2013-04-21,24936.0,u45
u45_2013-04-22,0.0,u45
u45_2013-04-23,0.0,u45
u45_2013-04-24,0.0,u45
u45_2013-04-25,0.0,u45
u45_2013-04-26,0.0,u45
u45_2013-04-27,6621.0,u45
u45_2013-04-28,29380.0,u45
u45_2013-04-29,49315.0,u45
u45_2013-04-30,0.0,u45
u45_2013-05-01,0.0,u45
u45_2013-05-02,0.0,u45
u45_2013-05-03,0.0,u45
u45_2013-05-04,42600.0,u45
u45_2013-05-05,50348.0,u45
u45_2013-05-06,41083.0,u45
u45_2013-05-07,44073.0,u45
u45_2013-05-08,13835.0,u45
u45_2013-05-09,11275.0,u45
u45_2013-05-10,7608.0,u45
u45_2013-05-11,0.0,u45
u45_2013-05-12,0.0,u45
u45_2013-05-13,0.0,u45
u45_2013-05-14,0.0,u45
u45_2013-05-15,0.0,u45
u45_2013-05-16,0.0,u45
u45_2013-05-17,0.0,u45
u45_2013-05-18,8318.0,u45
u45_2013-05-19,30589.0,u45
u45_2013-05-20,65211.0,u45
u45_2013-05-21,0.0,u45
u45_2013-05-22,0.0,u45
u45_2013-05-23,16054.0,u45
u45_2013-05-24,4343.0,u45
u45_2013-05-25,26913.0,u45
u45_2013-05-26,70695.0,u45
u45_2013-05-27,46996.0,u45
u45_2013-05-28,9815.0,u45
u46_2013-03-31,31344.0,u46
u46_2013-04-01,33273.0,u46
u46_2013-04-02,73955.0,u46
u46_2013-04-03,42494.0,u46
u46_2013-04-04,41791.0,u46
u46_2013-04-05,44017.0,u46
u46_2013-04-06,36578.0,u46
u46_2013-04-07,36590.0,u46
u46_2013-04-08,37558.0,u46
u46_2013-04-09,42817.0,u46
u46_2013-04-10,51044.0,u46
u46_2013-04-11,24031.0,u46
u46_2013-04-12,31278.0,u46
u46_2013-04-13,37128.0,u46
u46_2013-04-14,48196.0,u46
u46_2013-04-15,32074.0,u46
u46_2013-04-16,41000.0,u46
u46_2013-04-17,25908.0,u46
u46_2013-04-18,37153.0,u46
u46_2013-04-19,47033.0,u46
u46_2013-04-20,35236.0,u46
u46_2013-04-21,24208.0,u46
u46_2013-04-22,10055.0,u46
u46_2013-04-23,23296.0,u46
u46_2013-04-24,22101.0,u46
u46_2013-04-25,27445.0,u46
u46_2013-04-26,48625.0,u46
u46_2013-04-27,32113.0,u46
u46_2013-04-28,16957.0,u46
u46_2013-04-29,18869.0,u46
u46_2013-04-30,36061.0,u46
u46_2013-05-01,27962.0,u46
u46_2013-05-02,21095.0,u46
u46_2013-05-03,5227.0,u46
u46_2013-05-04,39983.0,u46
u46_2013-05-05,32110.0,u46
u46_2013-05-06,26818.0,u46
u46_2013-05-07,41486.0,u46
u46_2013-05-08,27488.0,u46
u46_2013-05-09,32524.0,u46
u46_2013-05-10,3838.0,u46
u46_2013-05-11,38890.0,u46
u46_2013-05-12,19436.0,u46
u46_2013-05-13,20474.0,u46
u46_2013-05-14,48730.0,u46
u46_2013-05-15,28199.0,u46
u46_2013-05-16,17096.0,u46
u46_2013-05-17,36561.0,u46
u46_2013-05-18,12813.0,u46
u46_2013-05-19,25436.0,u46
u46_2013-05-20,16620.0,u46
u46_2013-05-21,14022.0,u46
u46_2013-05-22,21782.0,u46
u47_2013-03-29,14545.0,u47
u47_2013-03-30,26580.0,u47
u47_2013-03-31,0.0,u47
u47_2013-04-01,39713.0,u47
u47_2013-04-02,0.0,u47
u47_2013-04-03,23509.0,u47
u47_2013-04-04,0.0,u47
u47_2013-04-05,0.0,u47
u47_2013-04-06,0.0,u47
u47_2013-04-07,0.0,u47
u47_2013-04-08,0.0,u47
u47_2013-04-09,0.0,u47
u47_2013-04-10,9840.0,u47
u47_2013-04-11,15249.0,u47
u47_2013-04-12,30575.0,u47
u47_2013-04-13,42637.0,u47
u47_2013-04-14,0.0,u47
u47_2013-04-15,7817.0,u47
u47_2013-04-16,16234.0,u47
u47_2013-04-17,0.0,u47
u47_2013-04-18,0.0,u47
u47_2013-04-19,0.0,u47
u47_2013-04-20,8653.0,u47
u47_2013-04-21,0.0,u47
u47_2013-04-22,10293.0,u47
u47_2013-04-23,0.0,u47
u47_2013-04-24,0.0,u47
u47_2013-04-25,0.0,u47
u47_2013-04-26,6778.0,u47
u47_2013-04-27,0.0,u47
u47_2013-04-28,0.0,u47
u47_2013-04-29,0.0,u47
u47_2013-04-30,0.0,u47
u47_2013-05-01,0.0,u47
u47_2013-05-02,19975.0,u47
u47_2013-05-03,26823.0,u47
u47_2013-05-04,0.0,u47
u47_2013-05-05,0.0,u47
u47_2013-05-06,0.0,u47
u47_2013-05-07,0.0,u47
u47_2013-05-08,0.0,u47
u47_2013-05-09,0.0,u47
u47_2013-05-10,0.0,u47
u47_2013-05-11,0.0,u47
u47_2013-05-12,0.0,u47
u47_2013-05-13,0.0,u47
u47_2013-05-14,0.0,u47
u47_2013-05-15,0.0,u47
u47_2013-05-16,0.0,u47
u47_2013-05-17,0.0,u47
u47_2013-05-18,10295.0,u47
u47_2013-05-19,7553.0,u47
u47_2013-05-20,47772.0,u47
u47_2013-05-21,21815.0,u47
u47_2013-05-22,27983.0,u47
u47_2013-05-23,36685.0,u47
u47_2013-05-24,5442.0,u47
u47_2013-05-25,4157.0,u47
u47_2013-05-26,27763.0,u47
u47_2013-05-27,45025.0,u47
u47_2013-05-28,29584.0,u47
u47_2013-05-29,35613.0,u47
u49_2013-05-12,49390.0,u49
u49_2013-05-13,66556.0,u49
u49_2013-05-14,40072.0,u49
u49_2013-05-15,28641.0,u49
u49_2013-05-16,63247.0,u49
u49_2013-05-17,19905.0,u49
u49_2013-05-18,26315.0,u49
u49_2013-05-19,30098.0,u49
u49_2013-05-20,20797.0,u49
u49_2013-05-21,40174.0,u49
u49_2013-05-22,40381.0,u49
u49_2013-05-23,0.0,u49
u49_2013-05-24,24488.0,u49
u49_2013-05-25,40728.0,u49
u49_2013-05-26,15270.0,u49
u49_2013-05-27,19174.0,u49
u49_2013-05-28,33817.0,u49
u49_2013-05-29,47345.0,u49
u49_2013-05-30,37450.0,u49
u49_2013-05-31,39814.0,u49
u50_2013-03-29,44021.0,u50
u50_2013-03-30,41872.0,u50
u50_2013-03-31,4034.0,u50
u50_2013-04-01,26560.0,u50
u50_2013-04-02,19721.0,u50
u50_2013-04-03,0.0,u50
u50_2013-04-04,37889.0,u50
u50_2013-04-05,16520.0,u50
u50_2013-04-06,0.0,u50
u50_2013-04-07,23505.0,u50
u50_2013-04-08,73090.0,u50
u50_2013-04-09,9963.0,u50
u50_2013-04-10,26502.0,u50
u50_2013-04-11,11733.0,u50
u50_2013-04-12,0.0,u50
u50_2013-04-13,30336.0,u50
u50_2013-04-14,19802.0,u50
u50_2013-04-15,42510.0,u50
u50_2013-04-16,33623.0,u50
u50_2013-04-17,66978.0,u50
u50_2013-04-18,36738.0,u50
u50_2013-04-19,4767.0,u50
u50_2013-04-20,0.0,u50
u50_2013-04-21,0.0,u50
u50_2013-04-22,0.0,u50
u50_2013-04-23,33717.0,u50
u50_2013-04-24,49814.0,u50
u50_2013-04-25,0.0,u50
u50_2013-04-26,0.0,u50
u50_2013-04-27,35641.0,u50
u50_2013-04-28,3905.0,u50
u50_2013-04-29,39505.0,u50
u50_2013-04-30,0.0,u50
u50_2013-05-01,0.0,u50
u50_2013-05-02,0.0,u50
u50_2013-05-03,0.0,u50
u50_2013-05-04,0.0,u50
u50_2013-05-05,0.0,u50
u50_2013-05-06,0.0,u50
u50_2013-05-07,0.0,u50
u50_2013-05-08,0.0,u50
u50_2013-05-09,14798.0,u50
u50_2013-05-10,0.0,u50
u50_2013-05-11,7848.0,u50
u50_2013-05-12,0.0,u50
u50_2013-05-13,38431.0,u50
u50_2013-05-14,37536.0,u50
u50_2013-05-15,0.0,u50
u50_2013-05-16,0.0,u50
u50_2013-05-17,0.0,u50
u50_2013-05-18,0.0,u50
u50_2013-05-19,0.0,u50
u50_2013-05-20,0.0,u50
u50_2013-05-21,0.0,u50
u50_2013-05-22,0.0,u50
u50_2013-05-23,0.0,u50
u50_2013-05-24,0.0,u50
u50_2013-05-25,0.0,u50
u50_2013-05-26,0.0,u50
u50_2013-05-27,0.0,u50
u50_2013-05-28,9492.0,u50
u51_2013-03-27,33755.0,u51
u51_2013-03-28,53785.0,u51
u51_2013-03-29,29440.0,u51
u51_2013-03-30,17541.0,u51
u51_2013-03-31,66996.0,u51
u51_2013-04-01,74516.0,u51
u51_2013-04-02,11562.0,u51
u51_2013-04-03,51354.0,u51
u51_2013-04-04,28438.0,u51
u51_2013-04-05,57521.0,u51
u51_2013-04-06,59825.0,u51
u51_2013-04-07,51902.0,u51
u51_2013-04-08,24470.0,u51
u51_2013-04-09,21365.0,u51
u51_2013-04-10,35790.0,u51
u51_2013-04-11,70630.0,u51
u51_2013-04-12,30929.0,u51
u51_2013-04-13,0.0,u51
u51_2013-04-14,16550.0,u51
u51_2013-04-15,40041.0,u51
u51_2013-04-16,72364.0,u51
u51_2013-04-17,54091.0,u51
u51_2013-04-18,26466.0,u51
u51_2013-04-19,19541.0,u51
u51_2013-04-20,26399.0,u51
u51_2013-04-21,40483.0,u51
u51_2013-04-22,25671.0,u51
u51_2013-04-23,17865.0,u51
u51_2013-04-24,16351.0,u51
u51_2013-04-25,25707.0,u51
u51_2013-04-26,28751.0,u51
u51_2013-04-27,27987.0,u51
u51_2013-04-28,23948.0,u51
u51_2013-04-29,60577.0,u51
u51_2013-04-30,9467.0,u51
u51_2013-05-01,42954.0,u51
u51_2013-05-02,61288.0,u51
u51_2013-05-03,47935.0,u51
u51_2013-05-04,28636.0,u51
u51_2013-05-05,26483.0,u51
u51_2013-05-06,15888.0,u51
u51_2013-05-07,0.0,u51
u51_2013-05-08,67256.0,u51
u51_2013-05-09,0.0,u51
u51_2013-05-10,37114.0,u51
u51_2013-05-11,58969.0,u51
u51_2013-05-12,11355.0,u51
u51_2013-05-13,18002.0,u51
u51_2013-05-14,66161.0,u51
u51_2013-05-15,8610.0,u51
u51_2013-05-16,51448.0,u51
u51_2013-05-17,20748.0,u51
u51_2013-05-18,0.0,u51
u51_2013-05-19,16284.0,u51
u51_2013-05-20,9857.0,u51
u51_2013-05-21,23607.0,u51
u51_2013-05-22,30359.0,u51
u51_2013-05-23,25586.0,u51
u51_2013-05-24,25036.0,u51
u51_2013-05-25,52113.0,u51
u51_2013-05-26,67203.0,u51
u51_2013-05-27,82268.0,u51
u51_2013-05-28,57698.0,u51
u51_2013-05-29,26150.0,u51
u51_2013-05-30,36505.0,u51
u52_2013-03-29,76237.0,u52
u52_2013-03-30,32908.0,u52
u52_2013-03-31,43072.0,u52
u52_2013-04-01,16400.0,u52
u52_2013-04-02,81544.0,u52
u52_2013-04-03,45697.0,u52
u52_2013-04-04,53689.0,u52
u52_2013-04-05,46431.0,u52
u52_2013-04-06,46770.0,u52
u52_2013-04-07,19167.0,u52
u52_2013-04-08,28960.0,u52
u52_2013-04-09,64931.0,u52
u52_2013-04-10,45974.0,u52
u52_2013-04-11,27983.0,u52
u52_2013-04-12,77379.0,u52
u52_2013-04-13,17185.0,u52
u52_2013-04-14,26814.0,u52
u52_2013-04-15,69902.0,u52
u52_2013-04-16,20506.0,u52
u52_2013-04-17,0.0,u52
u52_2013-04-18,37651.0,u52
u52_2013-04-19,46986.0,u52
u52_2013-04-20,35570.0,u52
u52_2013-04-21,5269.0,u52
u52_2013-04-22,49544.0,u52
u52_2013-04-23,20148.0,u52
u52_2013-04-24,15390.0,u52
u52_2013-04-25,30982.0,u52
u52_2013-04-26,44530.0,u52
u52_2013-04-27,66990.0,u52
u52_2013-04-28,14599.0,u52
u52_2013-04-29,66137.0,u52
u52_2013-04-30,7768.0,u52
u52_2013-05-01,40180.0,u52
u52_2013-05-02,32215.0,u52
u52_2013-05-03,9812.0,u52
u52_2013-05-04,24965.0,u52
u52_2013-05-05,4650.0,u52
u52_2013-05-06,41110.0,u52
u52_2013-05-07,18616.0,u52
u52_2013-05-08,48144.0,u52
u52_2013-05-09,9339.0,u52
u52_2013-05-10,26510.0,u52
u52_2013-05-11,39438.0,u52
u52_2013-05-12,9591.0,u52
u52_2013-05-13,18788.0,u52
u52_2013-05-14,35708.0,u52
u52_2013-05-15,27156.0,u52
u52_2013-05-16,24967.0,u52
u52_2013-05-17,21406.0,u52
u52_2013-05-18,17320.0,u52
u52_2013-05-19,24273.0,u52
u52_2013-05-20,38567.0,u52
u52_2013-05-21,51877.0,u52
u52_2013-05-22,19013.0,u52
u52_2013-05-23,43621.0,u52
u52_2013-05-24,40419.0,u52
u52_2013-05-25,64401.0,u52
u52_2013-05-26,31276.0,u52
u52_2013-05-27,0.0,u52
u52_2013-05-28,47508.0,u52
u52_2013-05-29,21766.0,u52
u52_2013-05-30,34315.0,u52
u52_2013-05-31,39197.0,u52
u53_2013-03-27,31907.0,u53
u53_2013-03-28,48824.0,u53
u53_2013-03-29,8676.0,u53
u53_2013-03-30,71621.0,u53
u53_2013-03-31,10630.0,u53
u53_2013-04-01,50774.0,u53
u53_2013-04-02,63094.0,u53
u53_2013-04-03,17012.0,u53
u53_2013-04-04,54784.0,u53
u53_2013-04-05,0.0,u53
u53_2013-04-06,36586.0,u53
u53_2013-04-07,24310.0,u53
u53_2013-04-08,11692.0,u53
u53_2013-04-09,34394.0,u53
u53_2013-04-10,32798.0,u53
u53_2013-04-11,36812.0,u53
u53_2013-04-12,0.0,u53
u53_2013-04-13,41321.0,u53
u53_2013-04-14,20716.0,u53
u53_2013-04-15,65559.0,u53
u53_2013-04-16,18703.0,u53
u53_2013-04-17,8538.0,u53
u53_2013-04-18,66896.0,u53
u53_2013-04-19,67226.0,u53
u53_2013-04-20,75581.0,u53
u53_2013-04-21,12938.0,u53
u53_2013-04-22,45980.0,u53
u53_2013-04-23,10210.0,u53
u53_2013-04-24,76744.0,u53
u53_2013-04-25,34438.0,u53
u53_2013-04-26,74279.0,u53
u53_2013-04-27,0.0,u53
u53_2013-04-28,16897.0,u53
u53_2013-04-29,19671.0,u53
u53_2013-04-30,85448.0,u53
u53_2013-05-01,0.0,u53
u53_2013-05-02,72838.0,u53
u53_2013-05-03,12301.0,u53
u53_2013-05-04,11021.0,u53
u53_2013-05-05,22647.0,u53
u53_2013-05-06,5379.0,u53
u53_2013-05-07,31912.0,u53
u53_2013-05-08,30980.0,u53
u53_2013-05-09,16846.0,u53
u53_2013-05-10,17242.0,u53
u53_2013-05-11,0.0,u53
u53_2013-05-12,32455.0,u53
u53_2013-05-13,0.0,u53
u53_2013-05-14,0.0,u53
u53_2013-05-15,0.0,u53
u53_2013-05-16,0.0,u53
u53_2013-05-17,0.0,u53
u53_2013-05-18,0.0,u53
u53_2013-05-19,25682.0,u53
u53_2013-05-20,0.0,u53
u53_2013-05-21,58176.0,u53
u53_2013-05-22,0.0,u53
u53_2013-05-23,0.0,u53
u53_2013-05-24,0.0,u53
u53_2013-05-25,0.0,u53
u53_2013-05-26,0.0,u53
u53_2013-05-27,21331.0,u53
u53_2013-05-28,39992.0,u53
u54_2013-03-27,46658.0,u54
u54_2013-03-28,65021.0,u54
u54_2013-03-29,38712.0,u54
u54_2013-03-30,45738.0,u54
u54_2013-03-31,13213.0,u54
u54_2013-04-01,26160.0,u54
u54_2013-04-02,31690.0,u54
u54_2013-04-03,38233.0,u54
u54_2013-04-04,37013.0,u54
u54_2013-04-05,7088.0,u54
u54_2013-04-06,0.0,u54
u54_2013-04-07,34588.0,u54
u54_2013-04-08,53740.0,u54
u54_2013-04-09,62288.0,u54
u54_2013-04-10,7887.0,u54
u54_2013-04-11,31296.0,u54
u54_2013-04-12,28135.0,u54
u54_2013-04-13,70004.0,u54
u54_2013-04-14,47520.0,u54
u54_2013-04-15,34899.0,u54
u54_2013-04-16,31627.0,u54
u54_2013-04-17,28683.0,u54
u54_2013-04-18,57160.0,u54
u54_2013-04-19,40681.0,u54
u54_2013-04-20,30067.0,u54
u54_2013-04-21,40641.0,u54
u54_2013-04-22,38188.0,u54
u54_2013-04-23,33048.0,u54
u54_2013-04-24,38233.0,u54
u54_2013-04-25,49993.0,u54
u54_2013-04-26,44048.0,u54
u54_2013-04-27,35027.0,u54
u54_2013-04-28,17110.0,u54
u54_2013-04-29,43374.0,u54
u54_2013-04-30,28235.0,u54
u54_2013-05-01,39512.0,u54
u54_2013-05-02,37868.0,u54
u54_2013-05-03,12597.0,u54
u54_2013-05-04,4517.0,u54
u54_2013-05-05,11909.0,u54
u54_2013-05-06,35262.0,u54
u54_2013-05-07,15250.0,u54
u54_2013-05-08,18196.0,u54
u54_2013-05-09,0.0,u54
u54_2013-05-10,0.0,u54
u54_2013-05-11,0.0,u54
u54_2013-05-12,0.0,u54
u54_2013-05-13,0.0,u54
u54_2013-05-14,0.0,u54
u54_2013-05-15,0.0,u54
u54_2013-05-16,0.0,u54
u54_2013-05-17,0.0,u54
u54_2013-05-18,0.0,u54
u54_2013-05-19,0.0,u54
u54_2013-05-20,0.0,u54
u54_2013-05-21,0.0,u54
u54_2013-05-22,0.0,u54
u54_2013-05-23,0.0,u54
u54_2013-05-24,0.0,u54
u54_2013-05-25,0.0,u54
u54_2013-05-26,0.0,u54
u54_2013-05-27,0.0,u54
u54_2013-05-28,0.0,u54
u54_2013-05-29,42642.0,u54
u56_2013-03-29,36128.0,u56
u56_2013-03-30,60864.0,u56
u56_2013-03-31,16846.0,u56
u56_2013-04-01,32829.0,u56
u56_2013-04-02,25884.0,u56
u56_2013-04-03,31991.0,u56
u56_2013-04-04,28917.0,u56
u56_2013-04-05,19686.0,u56
u56_2013-04-06,11038.0,u56
u56_2013-04-07,18432.0,u56
u56_2013-04-08,25706.0,u56
u56_2013-04-09,21231.0,u56
u56_2013-04-10,60692.0,u56
u56_2013-04-11,35115.0,u56
u56_2013-04-12,60416.0,u56
u56_2013-04-13,21591.0,u56
u56_2013-04-14,27327.0,u56
u56_2013-04-15,59663.0,u56
u56_2013-04-16,9588.0,u56
u56_2013-04-17,28010.0,u56
u56_2013-04-18,30198.0,u56
u56_2013-04-19,0.0,u56
u56_2013-04-20,27842.0,u56
u56_2013-04-21,19216.0,u56
u56_2013-04-22,36118.0,u56
u56_2013-04-23,73775.0,u56
u56_2013-04-24,30584.0,u56
u56_2013-04-25,39049.0,u56
u56_2013-04-26,61873.0,u56
u56_2013-04-27,0.0,u56
u56_2013-04-28,0.0,u56
u56_2013-04-29,33779.0,u56
u56_2013-04-30,0.0,u56
u56_2013-05-01,30972.0,u56
u56_2013-05-02,0.0,u56
u56_2013-05-03,0.0,u56
u56_2013-05-04,0.0,u56
u56_2013-05-05,0.0,u56
u56_2013-05-06,0.0,u56
u56_2013-05-07,0.0,u56
u56_2013-05-08,0.0,u56
u56_2013-05-09,0.0,u56
u56_2013-05-10,0.0,u56
u56_2013-05-11,0.0,u56
u56_2013-05-12,28080.0,u56
u56_2013-05-13,36846.0,u56
u56_2013-05-14,38637.0,u56
u56_2013-05-15,27412.0,u56
u56_2013-05-16,0.0,u56
u56_2013-05-17,0.0,u56
u56_2013-05-18,28630.0,u56
u56_2013-05-19,59243.0,u56
u56_2013-05-20,10895.0,u56
u56_2013-05-21,37463.0,u56
u56_2013-05-22,0.0,u56
u56_2013-05-23,0.0,u56
u56_2013-05-24,0.0,u56
u56_2013-05-25,9847.0,u56
u56_2013-05-26,6117.0,u56
u56_2013-05-27,7274.0,u56
u56_2013-05-28,0.0,u56
u56_2013-05-29,23436.0,u56
u56_2013-05-30,52439.0,u56
u57_2013-03-27,61147.0,u57
u57_2013-03-28,40230.0,u57
u57_2013-03-29,18377.0,u57
u57_2013-03-30,39280.0,u57
u57_2013-03-31,45543.0,u57
u57_2013-04-01,63975.0,u57
u57_2013-04-02,28787.0,u57
u57_2013-04-03,46405.0,u57
u57_2013-04-04,8393.0,u57
u57_2013-04-05,46457.0,u57
u57_2013-04-06,47773.0,u57
u57_2013-04-07,0.0,u57
u57_2013-04-08,36847.0,u57
u57_2013-04-09,54687.0,u57
u57_2013-04-10,74185.0,u57
u57_2013-04-11,50563.0,u57
u57_2013-04-12,24878.0,u57
u57_2013-04-13,94230.0,u57
u57_2013-04-14,28585.0,u57
u57_2013-04-15,59831.0,u57
u57_2013-04-16,9441.0,u57
u57_2013-04-17,33806.0,u57
u57_2013-04-18,42905.0,u57
u57_2013-04-19,38437.0,u57
u57_2013-04-20,26811.0,u57
u57_2013-04-21,57880.0,u57
u57_2013-04-22,62041.0,u57
u57_2013-04-23,84778.0,u57
u57_2013-04-24,39867.0,u57
u57_2013-04-25,16260.0,u57
u57_2013-04-26,40164.0,u57
u57_2013-04-27,10288.0,u57
u57_2013-04-28,40603.0,u57
u57_2013-04-29,33137.0,u57
u57_2013-04-30,25739.0,u57
u57_2013-05-01,42764.0,u57
u57_2013-05-02,57492.0,u57
u57_2013-05-03,0.0,u57
u57_2013-05-04,48671.0,u57
u57_2013-05-05,39619.0,u57
u57_2013-05-06,20783.0,u57
u57_2013-05-07,33067.0,u57
u57_2013-05-08,41120.0,u57
u57_2013-05-09,37753.0,u57
u57_2013-05-10,3801.0,u57
u57_2013-05-11,48046.0,u57
u57_2013-05-12,54419.0,u57
u57_2013-05-13,15226.0,u57
u57_2013-05-14,38874.0,u57
u57_2013-05-15,47998.0,u57
u57_2013-05-16,42228.0,u57
u57_2013-05-17,32360.0,u57
u57_2013-05-18,34961.0,u57
u57_2013-05-19,42184.0,u57
u57_2013-05-20,34596.0,u57
u57_2013-05-21,44948.0,u57
u57_2013-05-22,30241.0,u57
u57_2013-05-23,57600.0,u57
u57_2013-05-24,40883.0,u57
u57_2013-05-25,32922.0,u57
u57_2013-05-26,21781.0,u57
u57_2013-05-27,30725.0,u57
u57_2013-05-28,24175.0,u57
u57_2013-05-29,71933.0,u57
u57_2013-05-30,36518.0,u57
u57_2013-05-31,29833.0,u57
u58_2013-03-27,29213.0,u58
u58_2013-03-28,14970.0,u58
u58_2013-03-29,33257.0,u58
u58_2013-03-30,27868.0,u58
u58_2013-03-31,35684.0,u58
u58_2013-04-01,35670.0,u58
u58_2013-04-02,55626.0,u58
u58_2013-04-03,40676.0,u58
u58_2013-04-04,7885.0,u58
u58_2013-04-05,28905.0,u58
u58_2013-04-06,56965.0,u58
u58_2013-04-07,20695.0,u58
u58_2013-04-08,70140.0,u58
u58_2013-04-09,6251.0,u58
u58_2013-04-10,13807.0,u58
u58_2013-04-11,55051.0,u58
u58_2013-04-12,22121.0,u58
u58_2013-04-13,8063.0,u58
u58_2013-04-14,10676.0,u58
u58_2013-04-15,20575.0,u58
u58_2013-04-16,68011.0,u58
u58_2013-04-17,33998.0,u58
u58_2013-04-18,61538.0,u58
u58_2013-04-19,7415.0,u58
u58_2013-04-20,22621.0,u58
u58_2013-04-21,66016.0,u58
u58_2013-04-22,22727.0,u58
u58_2013-04-23,67480.0,u58
u58_2013-04-24,12030.0,u58
u58_2013-04-25,58093.0,u58
u58_2013-04-26,11883.0,u58
u58_2013-04-27,24366.0,u58
u58_2013-04-28,12154.0,u58
u58_2013-04-29,9186.0,u58
u58_2013-04-30,17494.0,u58
u58_2013-05-01,80401.0,u58
u58_2013-05-02,23641.0,u58
u58_2013-05-03,30661.0,u58
u58_2013-05-04,0.0,u58
u58_2013-05-05,15677.0,u58
u58_2013-05-06,28626.0,u58
u58_2013-05-07,82111.0,u58
u58_2013-05-08,77548.0,u58
u58_2013-05-09,65968.0,u58
u58_2013-05-10,36063.0,u58
u58_2013-05-11,31546.0,u58
u58_2013-05-12,16465.0,u58
u58_2013-05-13,66219.0,u58
u58_2013-05-14,67008.0,u58
u58_2013-05-15,51531.0,u58
u58_2013-05-16,40236.0,u58
u58_2013-05-17,11133.0,u58
u58_2013-05-18,14556.0,u58
u58_2013-05-19,84942.0,u58
u58_2013-05-20,28830.0,u58
u58_2013-05-21,22433.0,u58
u58_2013-05-22,67860.0,u58
u58_2013-05-23,17914.0,u58
u58_2013-05-24,0.0,u58
u58_2013-05-25,0.0,u58
u58_2013-05-26,24061.0,u58
u58_2013-05-27,13834.0,u58
u58_2013-05-28,11583.0,u58
u59_2013-03-27,37608.0,u59
u59_2013-03-28,49014.0,u59
u59_2013-03-29,4528.0,u59
u59_2013-03-30,35726.0,u59
u59_2013-03-31,47417.0,u59
u59_2013-04-01,28394.0,u59
u59_2013-04-02,69608.0,u59
u59_2013-04-03,59768.0,u59
u59_2013-04-04,77354.0,u59
u59_2013-04-05,20675.0,u59
u59_2013-04-06,16098.0,u59
u59_2013-04-07,55410.0,u59
u59_2013-04-08,35191.0,u59
u59_2013-04-09,12676.0,u59
u59_2013-04-10,35781.0,u59
u59_2013-04-11,45240.0,u59
u59_2013-04-12,9936.0,u59
u59_2013-04-13,40272.0,u59
u59_2013-04-14,12078.0,u59
u59_2013-04-15,9259.0,u59
u59_2013-04-16,6518.0,u59
u59_2013-04-17,20144.0,u59
u59_2013-04-18,49802.0,u59
u59_2013-04-19,11838.0,u59
u59_2013-04-20,29482.0,u59
u59_2013-04-21,35866.0,u59
u59_2013-04-22,23893.0,u59
u59_2013-04-23,26199.0,u59
u59_2013-04-24,4609.0,u59
u59_2013-04-25,46724.0,u59
u59_2013-04-26,8440.0,u59
u59_2013-04-27,43045.0,u59
u59_2013-04-28,28381.0,u59
u59_2013-04-29,18255.0,u59
u59_2013-04-30,21564.0,u59
u59_2013-05-01,46723.0,u59
u59_2013-05-02,33502.0,u59
u59_2013-05-03,19084.0,u59
u59_2013-05-04,11912.0,u59
u59_2013-05-05,11908.0,u59
u59_2013-05-06,22003.0,u59
u59_2013-05-07,8768.0,u59
u59_2013-05-08,43255.0,u59
u59_2013-05-09,27986.0,u59
u59_2013-05-10,0.0,u59
u59_2013-05-11,0.0,u59
u59_2013-05-12,17280.0,u59
u59_2013-05-13,25493.0,u59
u59_2013-05-14,0.0,u59
u59_2013-05-15,8101.0,u59
u59_2013-05-16,28086.0,u59
u59_2013-05-17,30098.0,u59
u59_2013-05-18,0.0,u59
u59_2013-05-19,42999.0,u59
u59_2013-05-20,17930.0,u59
u59_2013-05-21,32347.0,u59
u59_2013-05-22,26478.0,u59
u59_2013-05-23,30058.0,u59
u59_2013-05-24,10602.0,u59
u59_2013-05-25,7437.0,u59
u59_2013-05-26,34397.0,u59
u59_2013-05-27,52257.0,u59
u59_2013-05-28,18569.0,u59
u59_2013-05-29,32269.0,u59
u59_2013-05-30,13651.0,u59
u59_2013-05-31,30135.0,u59
