user_date,phonelock_duration(sec),phonelock_user
u00_2013-03-27,35442.0,u00
u00_2013-03-28,9803.0,u00
u00_2013-03-29,41141.0,u00
u00_2013-03-30,35346.0,u00
u00_2013-03-31,59268.0,u00
u00_2013-04-01,16269.0,u00
u00_2013-04-02,46323.0,u00
u00_2013-04-03,36622.0,u00
u00_2013-04-04,33945.0,u00
u00_2013-04-05,60767.0,u00
u00_2013-04-06,27964.0,u00
u00_2013-04-07,48097.0,u00
u00_2013-04-08,42368.0,u00
u00_2013-04-09,39724.0,u00
u00_2013-04-10,23804.0,u00
u00_2013-04-11,8269.0,u00
u00_2013-04-12,33199.0,u00
u00_2013-04-13,49159.0,u00
u00_2013-04-14,46794.0,u00
u00_2013-04-15,28617.0,u00
u00_2013-04-16,44971.0,u00
u00_2013-04-17,15605.0,u00
u00_2013-04-18,18713.0,u00
u00_2013-04-19,24632.0,u00
u00_2013-04-20,82702.0,u00
u00_2013-04-21,27949.0,u00
u00_2013-04-22,30669.0,u00
u00_2013-04-23,37658.0,u00
u00_2013-04-24,20424.0,u00
u00_2013-04-25,33112.0,u00
u00_2013-04-26,60782.0,u00
u00_2013-04-27,40189.0,u00
u00_2013-04-28,42559.0,u00
u00_2013-04-29,50438.0,u00
u00_2013-04-30,25922.0,u00
u00_2013-05-01,24622.0,u00
u00_2013-05-02,26002.0,u00
u00_2013-05-03,48095.0,u00
u00_2013-05-04,31348.0,u00
u00_2013-05-05,36493.0,u00
u00_2013-05-06,44196.0,u00
u00_2013-05-07,47632.0,u00
u00_2013-05-08,37967.0,u00
u00_2013-05-09,86494.0,u00
u00_2013-05-10,9274.0,u00
u00_2013-05-11,24936.0,u00
u00_2013-05-12,17457.0,u00
u00_2013-05-13,54150.0,u00
u00_2013-05-14,26847.0,u00
u00_2013-05-15,47259.0,u00
u00_2013-05-16,37519.0,u00
u00_2013-05-17,4420.0,u00
u00_2013-05-18,0.0,u00
u00_2013-05-19,18202.0,u00
u00_2013-05-20,0.0,u00
u00_2013-05-21,0.0,u00
u00_2013-05-22,0.0,u00
u00_2013-05-23,26391.0,u00
u00_2013-05-24,13190.0,u00
u00_2013-05-25,0.0,u00
u00_2013-05-26,63993.0,u00
u00_2013-05-27,49383.0,u00
u00_2013-05-28,14680.0,u00
u00_2013-05-29,3995.0,u00
u00_2013-05-30,41885.0,u00
u00_2013-05-31,21788.0,u00
u01_2013-03-27,47289.0,u01
u01_2013-03-28,56030.0,u01
u01_2013-03-29,42141.0,u01
u01_2013-03-30,108995.0,u01
u01_2013-03-31,56952.0,u01
u01_2013-04-01,58370.0,u01
u01_2013-04-02,47507.0,u01
u01_2013-04-03,74747.0,u01
u01_2013-04-04,43526.0,u01
u01_2013-04-05,86157.0,u01
u01_2013-04-06,41458.0,u01
u01_2013-04-07,44046.0,u01
u01_2013-04-08,58631.0,u01
u01_2013-04-09,47108.0,u01
u01_2013-04-10,72342.0,u01
u01_2013-04-11,76630.0,u01
u01_2013-04-12,68118.0,u01
u01_2013-04-13,39661.0,u01
u01_2013-04-14,17224.0,u01
u01_2013-04-15,57509.0,u01
u01_2013-04-16,43773.0,u01
u01_2013-04-17,70651.0,u01
u01_2013-04-18,68391.0,u01
u01_2013-04-19,45567.0,u01
u01_2013-04-20,34071.0,u01
u01_2013-04-21,83956.0,u01
u01_2013-04-22,72331.0,u01
u01_2013-04-23,63924.0,u01
u01_2013-04-24,75694.0,u01
u01_2013-04-25,80557.0,u01
u01_2013-04-26,72980.0,u01
u01_2013-04-27,82784.0,u01
u01_2013-04-28,44091.0,u01
u01_2013-04-29,67530.0,u01
u01_2013-04-30,35516.0,u01
u01_2013-05-01,85836.0,u01
u01_2013-05-02,86655.0,u01
u01_2013-05-03,79012.0,u01
u01_2013-05-04,34256.0,u01
u01_2013-05-05,0.0,u01
u01_2013-05-06,0.0,u01
u01_2013-05-07,14967.0,u01
u01_2013-05-08,50827.0,u01
u01_2013-05-09,10215.0,u01
u01_2013-05-10,39089.0,u01
u01_2013-05-11,0.0,u01
u01_2013-05-12,8889.0,u01
u01_2013-05-13,35067.0,u01
u01_2013-05-14,40793.0,u01
u01_2013-05-15,77194.0,u01
u01_2013-05-16,40390.0,u01
u01_2013-05-17,45126.0,u01
u01_2013-05-18,48095.0,u01
u01_2013-05-19,42862.0,u01
u01_2013-05-20,0.0,u01
u01_2013-05-21,44208.0,u01
u01_2013-05-22,0.0,u01
u01_2013-05-23,74432.0,u01
u01_2013-05-24,0.0,u01
u01_2013-05-25,0.0,u01
u01_2013-05-26,56861.0,u01
u01_2013-05-27,35820.0,u01
u01_2013-05-28,42558.0,u01
u01_2013-05-29,5148.0,u01
u02_2013-03-27,30949.0,u02
u02_2013-03-28,7545.0,u02
u02_2013-03-29,49820.0,u02
u02_2013-03-30,37727.0,u02
u02_2013-03-31,0.0,u02
u02_2013-04-01,42952.0,u02
u02_2013-04-02,34539.0,u02
u02_2013-04-03,9587.0,u02
u02_2013-04-04,38534.0,u02
u02_2013-04-05,14557.0,u02
u02_2013-04-06,8443.0,u02
u02_2013-04-07,29788.0,u02
u02_2013-04-08,27340.0,u02
u02_2013-04-09,64114.0,u02
u02_2013-04-10,50613.0,u02
u02_2013-04-11,34161.0,u02
u02_2013-04-12,55273.0,u02
u02_2013-04-13,4077.0,u02
u02_2013-04-14,33808.0,u02
u02_2013-04-15,26004.0,u02
u02_2013-04-16,18294.0,u02
u02_2013-04-17,31012.0,u02
u02_2013-04-18,3887.0,u02
u02_2013-04-19,12790.0,u02
u02_2013-04-20,33057.0,u02
u02_2013-04-21,29330.0,u02
u02_2013-04-22,0.0,u02
u02_2013-04-23,39253.0,u02
u02_2013-04-24,14511.0,u02
u02_2013-04-25,14458.0,u02
u02_2013-04-26,41396.0,u02
u02_2013-04-27,0.0,u02
u02_2013-04-28,27400.0,u02
u02_2013-04-29,28091.0,u02
u02_2013-04-30,19750.0,u02
u02_2013-05-01,39880.0,u02
u02_2013-05-02,60401.0,u02
u02_2013-05-03,4954.0,u02
u02_2013-05-04,21294.0,u02
u02_2013-05-05,40168.0,u02
u02_2013-05-06,16552.0,u02
u02_2013-05-07,31125.0,u02
u02_2013-05-08,9521.0,u02
u02_2013-05-09,14593.0,u02
u02_2013-05-10,5447.0,u02
u02_2013-05-11,24127.0,u02
u02_2013-05-12,34679.0,u02
u02_2013-05-13,14554.0,u02
u02_2013-05-14,21212.0,u02
u02_2013-05-15,24097.0,u02
u02_2013-05-16,8849.0,u02
u02_2013-05-17,10380.0,u02
u02_2013-05-18,24603.0,u02
u02_2013-05-19,33764.0,u02
u02_2013-05-20,0.0,u02
u02_2013-05-21,28355.0,u02
u02_2013-05-22,14241.0,u02
u02_2013-05-23,27049.0,u02
u02_2013-05-24,44661.0,u02
u02_2013-05-25,10710.0,u02
u02_2013-05-26,21717.0,u02
u02_2013-05-27,27496.0,u02
u02_2013-05-28,13424.0,u02
u02_2013-05-29,32881.0,u02
u02_2013-05-30,18561.0,u02
u02_2013-05-31,20702.0,u02
u03_2013-03-26,77075.0,u03
u03_2013-03-27,48383.0,u03
u03_2013-03-28,42157.0,u03
u03_2013-03-29,28509.0,u03
u03_2013-03-30,66620.0,u03
u03_2013-03-31,53342.0,u03
u03_2013-04-01,0.0,u03
u03_2013-04-02,35316.0,u03
u03_2013-04-03,0.0,u03
u03_2013-04-04,35224.0,u03
u03_2013-04-05,0.0,u03
u03_2013-04-06,62950.0,u03
u03_2013-04-07,102969.0,u03
u03_2013-04-08,64477.0,u03
u03_2013-04-09,11323.0,u03
u03_2013-04-10,0.0,u03
u03_2013-04-11,35143.0,u03
u03_2013-04-12,4688.0,u03
u03_2013-04-13,9796.0,u03
u03_2013-04-14,35573.0,u03
u03_2013-04-15,42073.0,u03
u03_2013-04-16,31474.0,u03
u03_2013-04-17,0.0,u03
u03_2013-04-18,0.0,u03
u03_2013-04-19,40545.0,u03
u03_2013-04-20,64932.0,u03
u03_2013-04-21,37644.0,u03
u03_2013-04-22,97244.0,u03
u03_2013-04-23,55398.0,u03
u03_2013-04-24,0.0,u03
u03_2013-04-25,5145.0,u03
u03_2013-04-26,31344.0,u03
u03_2013-04-27,24686.0,u03
u03_2013-04-28,47575.0,u03
u03_2013-04-29,102703.0,u03
u03_2013-04-30,0.0,u03
u03_2013-05-01,0.0,u03
u03_2013-05-02,0.0,u03
u03_2013-05-03,10089.0,u03
u03_2013-05-04,24663.0,u03
u03_2013-05-05,67964.0,u03
u03_2013-05-06,0.0,u03
u03_2013-05-07,0.0,u03
u03_2013-05-08,0.0,u03
u03_2013-05-09,0.0,u03
u03_2013-05-10,15742.0,u03
u03_2013-05-11,21304.0,u03
u03_2013-05-12,10294.0,u03
u03_2013-05-13,4541.0,u03
u03_2013-05-14,32437.0,u03
u03_2013-05-15,27627.0,u03
u03_2013-05-16,0.0,u03
u03_2013-05-17,0.0,u03
u03_2013-05-18,0.0,u03
u03_2013-05-19,0.0,u03
u03_2013-05-20,5735.0,u03
u04_2013-03-26,87300.0,u04
u04_2013-03-27,37076.0,u04
u04_2013-03-28,56101.0,u04
u04_2013-03-29,79515.0,u04
u04_2013-03-30,63392.0,u04
u04_2013-03-31,78577.0,u04
u04_2013-04-01,97862.0,u04
u04_2013-04-02,67303.0,u04
u04_2013-04-03,51482.0,u04
u04_2013-04-04,90354.0,u04
u04_2013-04-05,80475.0,u04
u04_2013-04-06,58079.0,u04
u04_2013-04-07,46035.0,u04
u04_2013-04-08,108682.0,u04
u04_2013-04-09,45241.0,u04
u04_2013-04-10,74623.0,u04
u04_2013-04-11,44783.0,u04
u04_2013-04-12,86313.0,u04
u04_2013-04-13,88756.0,u04
u04_2013-04-14,66472.0,u04
u04_2013-04-15,22098.0,u04
u04_2013-04-16,71360.0,u04
u04_2013-04-17,75716.0,u04
u04_2013-04-18,102256.0,u04
u04_2013-04-19,56077.0,u04
u04_2013-04-20,0.0,u04
u04_2013-04-21,83954.0,u04
u04_2013-04-22,51184.0,u04
u04_2013-04-23,110889.0,u04
u04_2013-04-24,54736.0,u04
u04_2013-04-25,47590.0,u04
u04_2013-04-26,98820.0,u04
u04_2013-04-27,52046.0,u04
u04_2013-04-28,76513.0,u04
u04_2013-04-29,56570.0,u04
u04_2013-04-30,84729.0,u04
u04_2013-05-01,70095.0,u04
u04_2013-05-02,30186.0,u04
u04_2013-05-03,6480.0,u04
u04_2013-05-04,89405.0,u04
u04_2013-05-05,35278.0,u04
u04_2013-05-06,55773.0,u04
u04_2013-05-07,63118.0,u04
u04_2013-05-08,62246.0,u04
u04_2013-05-09,79615.0,u04
u04_2013-05-10,79066.0,u04
u04_2013-05-11,27704.0,u04
u04_2013-05-12,77184.0,u04
u04_2013-05-13,72587.0,u04
u04_2013-05-14,81717.0,u04
u04_2013-05-15,84208.0,u04
u04_2013-05-16,45418.0,u04
u04_2013-05-17,0.0,u04
u04_2013-05-18,11961.0,u04
u04_2013-05-19,0.0,u04
u04_2013-05-20,43377.0,u04
u04_2013-05-21,25292.0,u04
u05_2013-03-27,98719.0,u05
u05_2013-03-28,18033.0,u05
u05_2013-03-29,29439.0,u05
u05_2013-03-30,109280.0,u05
u05_2013-03-31,80741.0,u05
u05_2013-04-01,74414.0,u05
u05_2013-04-02,73146.0,u05
u05_2013-04-03,47471.0,u05
u05_2013-04-04,66559.0,u05
u05_2013-04-05,24820.0,u05
u05_2013-04-06,82947.0,u05
u05_2013-04-07,41943.0,u05
u05_2013-04-08,101166.0,u05
u05_2013-04-09,73789.0,u05
u05_2013-04-10,28726.0,u05
u05_2013-04-11,43461.0,u05
u05_2013-04-12,13024.0,u05
u05_2013-04-13,13568.0,u05
u05_2013-04-14,103386.0,u05
u05_2013-04-15,38982.0,u05
u05_2013-04-16,39225.0,u05
u05_2013-04-17,77594.0,u05
u05_2013-04-18,0.0,u05
u05_2013-04-19,10516.0,u05
u05_2013-04-20,13402.0,u05
u05_2013-04-21,17786.0,u05
u05_2013-04-22,40693.0,u05
u05_2013-04-23,53778.0,u05
u05_2013-04-24,78836.0,u05
u05_2013-04-25,21424.0,u05
u05_2013-04-26,87037.0,u05
u05_2013-04-27,17215.0,u05
u05_2013-04-28,29354.0,u05
u05_2013-04-29,83901.0,u05
u05_2013-04-30,52204.0,u05
u05_2013-05-01,26102.0,u05
u05_2013-05-02,64122.0,u05
u05_2013-05-03,82258.0,u05
u05_2013-05-04,46094.0,u05
u05_2013-05-05,35798.0,u05
u05_2013-05-06,0.0,u05
u05_2013-05-07,0.0,u05
u05_2013-05-08,27012.0,u05
u05_2013-05-09,0.0,u05
u05_2013-05-10,20815.0,u05
u05_2013-05-11,0.0,u05
u05_2013-05-12,31611.0,u05
u05_2013-05-13,30124.0,u05
u05_2013-05-14,0.0,u05
u05_2013-05-15,34559.0,u05
u05_2013-05-16,0.0,u05
u05_2013-05-17,0.0,u05
u05_2013-05-18,13164.0,u05
u05_2013-05-19,35952.0,u05
u05_2013-05-20,0.0,u05
u05_2013-05-21,63587.0,u05
u05_2013-05-22,44391.0,u05
u05_2013-05-23,0.0,u05
u05_2013-05-24,3918.0,u05
u05_2013-05-25,0.0,u05
u05_2013-05-26,12749.0,u05
u05_2013-05-27,0.0,u05
u05_2013-05-28,24989.0,u05
u05_2013-05-29,20534.0,u05
u07_2013-03-27,74831.0,u07
u07_2013-03-28,6490.0,u07
u07_2013-03-29,26367.0,u07
u07_2013-03-30,79026.0,u07
u07_2013-03-31,53175.0,u07
u07_2013-04-01,50709.0,u07
u07_2013-04-02,79431.0,u07
u07_2013-04-03,61797.0,u07
u07_2013-04-04,90017.0,u07
u07_2013-04-05,56367.0,u07
u07_2013-04-06,81003.0,u07
u07_2013-04-07,15822.0,u07
u07_2013-04-08,32126.0,u07
u07_2013-04-09,34868.0,u07
u07_2013-04-10,34185.0,u07
u07_2013-04-11,70267.0,u07
u07_2013-04-12,29700.0,u07
u07_2013-04-13,76784.0,u07
u07_2013-04-14,31907.0,u07
u07_2013-04-15,32327.0,u07
u07_2013-04-16,96747.0,u07
u07_2013-04-17,45865.0,u07
u07_2013-04-18,74288.0,u07
u07_2013-04-19,52913.0,u07
u07_2013-04-20,97700.0,u07
u07_2013-04-21,31011.0,u07
u07_2013-04-22,49953.0,u07
u07_2013-04-23,70025.0,u07
u07_2013-04-24,93582.0,u07
u07_2013-04-25,80065.0,u07
u07_2013-04-26,41925.0,u07
u07_2013-04-27,6027.0,u07
u07_2013-04-28,21752.0,u07
u07_2013-04-29,28416.0,u07
u07_2013-04-30,72217.0,u07
u07_2013-05-01,20444.0,u07
u07_2013-05-02,84781.0,u07
u07_2013-05-03,76022.0,u07
u07_2013-05-04,34244.0,u07
u07_2013-05-05,49872.0,u07
u07_2013-05-06,54047.0,u07
u07_2013-05-07,0.0,u07
u07_2013-05-08,0.0,u07
u07_2013-05-09,12268.0,u07
u07_2013-05-10,0.0,u07
u07_2013-05-11,29056.0,u07
u07_2013-05-12,97109.0,u07
u07_2013-05-13,30311.0,u07
u08_2013-03-26,48629.0,u08
u08_2013-03-27,39563.0,u08
u08_2013-03-28,39096.0,u08
u08_2013-03-29,68756.0,u08
u08_2013-03-30,38697.0,u08
u08_2013-03-31,25844.0,u08
u08_2013-04-01,26794.0,u08
u08_2013-04-02,47038.0,u08
u08_2013-04-03,22214.0,u08
u08_2013-04-04,33789.0,u08
u08_2013-04-05,40060.0,u08
u08_2013-04-06,30238.0,u08
u08_2013-04-07,47836.0,u08
u08_2013-04-08,42300.0,u08
u08_2013-04-09,52668.0,u08
u08_2013-04-10,48526.0,u08
u08_2013-04-11,45267.0,u08
u08_2013-04-12,37470.0,u08
u08_2013-04-13,50394.0,u08
u08_2013-04-14,36558.0,u08
u08_2013-04-15,40472.0,u08
u08_2013-04-16,22371.0,u08
u08_2013-04-17,21723.0,u08
u08_2013-04-18,27102.0,u08
u08_2013-04-19,23460.0,u08
u08_2013-04-20,30456.0,u08
u08_2013-04-21,40562.0,u08
u08_2013-04-22,34461.0,u08
u08_2013-04-23,41442.0,u08
u08_2013-04-24,20463.0,u08
u08_2013-04-25,29303.0,u08
u08_2013-04-26,22817.0,u08
u08_2013-04-27,29382.0,u08
u08_2013-04-28,27229.0,u08
u08_2013-04-29,29753.0,u08
u08_2013-04-30,29468.0,u08
u08_2013-05-01,20887.0,u08
u08_2013-05-02,35050.0,u08
u08_2013-05-03,8156.0,u08
u08_2013-05-04,37583.0,u08
u08_2013-05-05,39431.0,u08
u08_2013-05-06,41324.0,u08
u08_2013-05-07,50765.0,u08
u08_2013-05-08,48538.0,u08
u08_2013-05-09,43628.0,u08
u08_2013-05-10,36365.0,u08
u08_2013-05-11,24347.0,u08
u08_2013-05-12,47512.0,u08
u08_2013-05-13,37033.0,u08
u08_2013-05-14,49096.0,u08
u08_2013-05-15,42095.0,u08
u08_2013-05-16,57068.0,u08
u08_2013-05-17,65321.0,u08
u08_2013-05-18,47744.0,u08
u08_2013-05-19,40669.0,u08
u08_2013-05-20,42762.0,u08
u08_2013-05-21,28264.0,u08
u08_2013-05-22,37697.0,u08
u08_2013-05-23,50331.0,u08
u08_2013-05-24,40763.0,u08
u08_2013-05-25,8452.0,u08
u08_2013-05-26,35799.0,u08
u08_2013-05-27,48221.0,u08
u09_2013-03-26,60491.0,u09
u09_2013-03-27,66848.0,u09
u09_2013-03-28,70027.0,u09
u09_2013-03-29,0.0,u09
u09_2013-03-30,0.0,u09
u09_2013-03-31,17005.0,u09
u09_2013-04-01,67314.0,u09
u09_2013-04-02,31115.0,u09
u09_2013-04-03,42298.0,u09
u09_2013-04-04,23882.0,u09
u09_2013-04-05,69830.0,u09
u09_2013-04-06,75780.0,u09
u09_2013-04-07,36378.0,u09
u09_2013-04-08,77608.0,u09
u09_2013-04-09,79069.0,u09
u09_2013-04-10,24026.0,u09
u09_2013-04-11,34989.0,u09
u09_2013-04-12,64833.0,u09
u09_2013-04-13,47767.0,u09
u09_2013-04-14,23276.0,u09
u09_2013-04-15,74936.0,u09
u09_2013-04-16,47412.0,u09
u09_2013-04-17,76724.0,u09
u09_2013-04-18,97659.0,u09
u09_2013-04-19,86882.0,u09
u09_2013-04-20,74126.0,u09
u09_2013-04-21,20289.0,u09
u09_2013-04-22,71876.0,u09
u09_2013-04-23,66581.0,u09
u09_2013-04-24,18979.0,u09
u09_2013-04-25,41127.0,u09
u09_2013-04-26,0.0,u09
u09_2013-04-27,60801.0,u09
u09_2013-04-28,64411.0,u09
u09_2013-04-29,75408.0,u09
u09_2013-04-30,78588.0,u09
u09_2013-05-01,65331.0,u09
u09_2013-05-02,72662.0,u09
u09_2013-05-03,32341.0,u09
u09_2013-05-04,0.0,u09
u09_2013-05-05,44018.0,u09
u09_2013-05-06,105332.0,u09
u09_2013-05-07,43151.0,u09
u09_2013-05-08,62604.0,u09
u09_2013-05-09,72001.0,u09
u09_2013-05-10,82338.0,u09
u09_2013-05-11,53782.0,u09
u09_2013-05-12,10619.0,u09
u09_2013-05-13,60690.0,u09
u09_2013-05-14,59724.0,u09
u09_2013-05-15,47247.0,u09
u09_2013-05-16,31635.0,u09
u09_2013-05-17,0.0,u09
u09_2013-05-18,80825.0,u09
u09_2013-05-19,32453.0,u09
u09_2013-05-20,46448.0,u09
u09_2013-05-21,44760.0,u09
u09_2013-05-22,72181.0,u09
u09_2013-05-23,32981.0,u09
u09_2013-05-24,28129.0,u09
u09_2013-05-25,51785.0,u09
u09_2013-05-26,41094.0,u09
u09_2013-05-27,30389.0,u09
u09_2013-05-28,57614.0,u09
u09_2013-05-29,11551.0,u09
u10_2013-03-27,88722.0,u10
u10_2013-03-28,25471.0,u10
u10_2013-03-29,78727.0,u10
u10_2013-03-30,66677.0,u10
u10_2013-03-31,39520.0,u10
u10_2013-04-01,66050.0,u10
u10_2013-04-02,83705.0,u10
u10_2013-04-03,52016.0,u10
u10_2013-04-04,78692.0,u10
u10_2013-04-05,36654.0,u10
u10_2013-04-06,97013.0,u10
u10_2013-04-07,65117.0,u10
u10_2013-04-08,58812.0,u10
u10_2013-04-09,55370.0,u10
u10_2013-04-10,66415.0,u10
u10_2013-04-11,44599.0,u10
u10_2013-04-12,33759.0,u10
u10_2013-04-13,69077.0,u10
u10_2013-04-14,74756.0,u10
u10_2013-04-15,61759.0,u10
u10_2013-04-16,14030.0,u10
u10_2013-04-17,53931.0,u10
u10_2013-04-18,9213.0,u10
u10_2013-04-19,17318.0,u10
u10_2013-04-20,91131.0,u10
u10_2013-04-21,63494.0,u10
u10_2013-04-22,33060.0,u10
u10_2013-04-23,90743.0,u10
u10_2013-04-24,80231.0,u10
u10_2013-04-25,57100.0,u10
u10_2013-04-26,18960.0,u10
u10_2013-04-27,8332.0,u10
u10_2013-04-28,12718.0,u10
u10_2013-04-29,26630.0,u10
u10_2013-04-30,34954.0,u10
u10_2013-05-01,78918.0,u10
u10_2013-05-02,32602.0,u10
u10_2013-05-03,22629.0,u10
u10_2013-05-04,30209.0,u10
u10_2013-05-05,23619.0,u10
u10_2013-05-06,44449.0,u10
u10_2013-05-07,40026.0,u10
u10_2013-05-08,28412.0,u10
u10_2013-05-09,31270.0,u10
u10_2013-05-10,26636.0,u10
u10_2013-05-11,14524.0,u10
u10_2013-05-12,51467.0,u10
u10_2013-05-13,53371.0,u10
u10_2013-05-14,21805.0,u10
u10_2013-05-15,48072.0,u10
u10_2013-05-16,70860.0,u10
u10_2013-05-17,17087.0,u10
u10_2013-05-18,27616.0,u10
u10_2013-05-19,41418.0,u10
u10_2013-05-20,26774.0,u10
u10_2013-05-21,23765.0,u10
u10_2013-05-22,33799.0,u10
u10_2013-05-23,36300.0,u10
u10_2013-05-24,21456.0,u10
u10_2013-05-25,55075.0,u10
u10_2013-05-26,15363.0,u10
u10_2013-05-27,102500.0,u10
u10_2013-05-28,39773.0,u10
u10_2013-05-29,37861.0,u10
u10_2013-05-30,25724.0,u10
u10_2013-05-31,14712.0,u10
u12_2013-03-26,93715.0,u12
u12_2013-03-27,55423.0,u12
u12_2013-03-28,33932.0,u12
u12_2013-03-29,52049.0,u12
u12_2013-03-30,10255.0,u12
u12_2013-03-31,57190.0,u12
u12_2013-04-01,26147.0,u12
u12_2013-04-02,51301.0,u12
u12_2013-04-03,72474.0,u12
u12_2013-04-04,6617.0,u12
u12_2013-04-05,59133.0,u12
u12_2013-04-06,39056.0,u12
u12_2013-04-07,12441.0,u12
u12_2013-04-08,47346.0,u12
u12_2013-04-09,43185.0,u12
u12_2013-04-10,65019.0,u12
u12_2013-04-11,19515.0,u12
u12_2013-04-12,42616.0,u12
u12_2013-04-13,28343.0,u12
u12_2013-04-14,64322.0,u12
u12_2013-04-15,26039.0,u12
u12_2013-04-16,47409.0,u12
u12_2013-04-17,52095.0,u12
u12_2013-04-18,65618.0,u12
u12_2013-04-19,42329.0,u12
u12_2013-04-20,87045.0,u12
u12_2013-04-21,48650.0,u12
u12_2013-04-22,39328.0,u12
u12_2013-04-23,64272.0,u12
u12_2013-04-24,44990.0,u12
u12_2013-04-25,47154.0,u12
u12_2013-04-26,48913.0,u12
u12_2013-04-27,57352.0,u12
u12_2013-04-28,62295.0,u12
u12_2013-04-29,60777.0,u12
u12_2013-04-30,60781.0,u12
u12_2013-05-01,76808.0,u12
u12_2013-05-02,48022.0,u12
u12_2013-05-03,62944.0,u12
u12_2013-05-04,39187.0,u12
u12_2013-05-05,46208.0,u12
u12_2013-05-06,31194.0,u12
u12_2013-05-07,75189.0,u12
u12_2013-05-08,16091.0,u12
u12_2013-05-09,66318.0,u12
u12_2013-05-10,22821.0,u12
u12_2013-05-11,63015.0,u12
u12_2013-05-12,56732.0,u12
u12_2013-05-13,19704.0,u12
u12_2013-05-14,58066.0,u12
u12_2013-05-15,40120.0,u12
u12_2013-05-16,58959.0,u12
u12_2013-05-17,62312.0,u12
u12_2013-05-18,85728.0,u12
u12_2013-05-19,37204.0,u12
u12_2013-05-20,46995.0,u12
u12_2013-05-21,10703.0,u12
u12_2013-05-22,98511.0,u12
u12_2013-05-23,29808.0,u12
u12_2013-05-24,65457.0,u12
u12_2013-05-25,56891.0,u12
u12_2013-05-26,45159.0,u12
u12_2013-05-27,57065.0,u12
u12_2013-05-28,35346.0,u12
u12_2013-05-29,18271.0,u12
u12_2013-05-30,11674.0,u12
u13_2013-03-28,14254.0,u13
u13_2013-03-29,0.0,u13
u13_2013-03-30,35454.0,u13
u13_2013-03-31,38162.0,u13
u13_2013-04-01,37419.0,u13
u13_2013-04-02,70350.0,u13
u13_2013-04-03,60982.0,u13
u13_2013-04-04,64176.0,u13
u13_2013-04-05,74292.0,u13
u13_2013-04-06,40757.0,u13
u13_2013-04-07,35967.0,u13
u13_2013-04-08,72066.0,u13
u13_2013-04-09,40778.0,u13
u13_2013-04-10,55233.0,u13
u13_2013-04-11,53519.0,u13
u13_2013-04-12,4204.0,u13
u13_2013-04-13,52095.0,u13
u13_2013-04-14,45374.0,u13
u13_2013-04-15,14754.0,u13
u13_2013-04-16,51338.0,u13
u13_2013-04-17,17210.0,u13
u13_2013-04-18,33584.0,u13
u13_2013-04-19,24183.0,u13
u13_2013-04-20,8884.0,u13
u13_2013-04-21,29405.0,u13
u13_2013-04-22,35999.0,u13
u13_2013-04-23,6522.0,u13
u13_2013-04-24,32864.0,u13
u13_2013-04-25,32674.0,u13
u13_2013-04-26,26390.0,u13
u13_2013-04-27,107946.0,u13
u13_2013-04-28,26356.0,u13
u13_2013-04-29,19815.0,u13
u13_2013-04-30,47528.0,u13
u13_2013-05-01,0.0,u13
u13_2013-05-02,0.0,u13
u13_2013-05-03,3633.0,u13
u13_2013-05-04,12272.0,u13
u13_2013-05-05,34123.0,u13
u13_2013-05-06,0.0,u13
u13_2013-05-07,0.0,u13
u13_2013-05-08,0.0,u13
u13_2013-05-09,17626.0,u13
u13_2013-05-10,13651.0,u13
u13_2013-05-11,14926.0,u13
u13_2013-05-12,31911.0,u13
u13_2013-05-13,27977.0,u13
u13_2013-05-14,27396.0,u13
u13_2013-05-15,33378.0,u13
u13_2013-05-16,38734.0,u13
u13_2013-05-17,59344.0,u13
u13_2013-05-18,34129.0,u13
u13_2013-05-19,24312.0,u13
u13_2013-05-20,45373.0,u13
u13_2013-05-21,35922.0,u13
u13_2013-05-22,50960.0,u13
u13_2013-05-23,54389.0,u13
u13_2013-05-24,4164.0,u13
u13_2013-05-25,8591.0,u13
u13_2013-05-26,51577.0,u13
u13_2013-05-27,28967.0,u13
u13_2013-05-28,23879.0,u13
u13_2013-05-29,9288.0,u13
u14_2013-03-27,71988.0,u14
u14_2013-03-28,68720.0,u14
u14_2013-03-29,68338.0,u14
u14_2013-03-30,79463.0,u14
u14_2013-03-31,50647.0,u14
u14_2013-04-01,58881.0,u14
u14_2013-04-02,64062.0,u14
u14_2013-04-03,40021.0,u14
u14_2013-04-04,45124.0,u14
u14_2013-04-05,57998.0,u14
u14_2013-04-06,69674.0,u14
u14_2013-04-07,46846.0,u14
u14_2013-04-08,41121.0,u14
u14_2013-04-09,64900.0,u14
u14_2013-04-10,86489.0,u14
u14_2013-04-11,7001.0,u14
u14_2013-04-12,27006.0,u14
u14_2013-04-13,26000.0,u14
u14_2013-04-14,77626.0,u14
u14_2013-04-15,41355.0,u14
u14_2013-04-16,68875.0,u14
u14_2013-04-17,35372.0,u14
u14_2013-04-18,43099.0,u14
u14_2013-04-19,64798.0,u14
u14_2013-04-20,46809.0,u14
u14_2013-04-21,41881.0,u14
u14_2013-04-22,50226.0,u14
u14_2013-04-23,85445.0,u14
u14_2013-04-24,30900.0,u14
u14_2013-04-25,19633.0,u14
u14_2013-04-26,51035.0,u14
u14_2013-04-27,20211.0,u14
u14_2013-04-28,63994.0,u14
u14_2013-04-29,29056.0,u14
u14_2013-04-30,4370.0,u14
u14_2013-05-01,68081.0,u14
u14_2013-05-02,34674.0,u14
u14_2013-05-03,11317.0,u14
u14_2013-05-04,30502.0,u14
u14_2013-05-05,40554.0,u14
u14_2013-05-06,52770.0,u14
u14_2013-05-07,32994.0,u14
u14_2013-05-08,45767.0,u14
u14_2013-05-09,57892.0,u14
u14_2013-05-10,0.0,u14
u14_2013-05-11,19705.0,u14
u14_2013-05-12,64490.0,u14
u14_2013-05-13,70320.0,u14
u14_2013-05-14,14171.0,u14
u14_2013-05-15,17241.0,u14
u14_2013-05-16,0.0,u14
u14_2013-05-17,0.0,u14
u14_2013-05-18,0.0,u14
u14_2013-05-19,14274.0,u14
u14_2013-05-20,38561.0,u14
u14_2013-05-21,0.0,u14
u14_2013-05-22,39430.0,u14
u14_2013-05-23,0.0,u14
u14_2013-05-24,0.0,u14
u14_2013-05-25,13126.0,u14
u14_2013-05-26,6112.0,u14
u14_2013-05-27,7321.0,u14
u14_2013-05-28,9845.0,u14
u14_2013-05-29,12934.0,u14
u15_2013-03-27,49993.0,u15
u15_2013-03-28,26373.0,u15
u15_2013-03-29,71228.0,u15
u15_2013-03-30,19761.0,u15
u15_2013-03-31,13582.0,u15
u15_2013-04-01,0.0,u15
u15_2013-04-02,0.0,u15
u15_2013-04-03,68233.0,u15
u15_2013-04-04,14157.0,u15
u15_2013-04-05,97139.0,u15
u15_2013-04-06,56338.0,u15
u15_2013-04-07,37232.0,u15
u15_2013-04-08,32733.0,u15
u15_2013-04-09,39372.0,u15
u15_2013-04-10,3637.0,u15
u15_2013-04-11,0.0,u15
u15_2013-04-12,33391.0,u15
u15_2013-04-13,0.0,u15
u15_2013-04-14,6029.0,u15
u15_2013-04-15,23216.0,u15
u15_2013-04-16,8759.0,u15
u15_2013-04-17,0.0,u15
u15_2013-04-18,0.0,u15
u15_2013-04-19,0.0,u15
u15_2013-04-20,14735.0,u15
u15_2013-04-21,0.0,u15
u15_2013-04-22,19307.0,u15
u15_2013-04-23,0.0,u15
u15_2013-04-24,0.0,u15
u15_2013-04-25,0.0,u15
u15_2013-04-26,0.0,u15
u15_2013-04-27,0.0,u15
u15_2013-04-28,5795.0,u15
u15_2013-04-29,61216.0,u15
u15_2013-04-30,0.0,u15
u15_2013-05-01,0.0,u15
u15_2013-05-02,0.0,u15
u15_2013-05-03,0.0,u15
u15_2013-05-04,0.0,u15
u15_2013-05-05,54942.0,u15
u15_2013-05-06,10270.0,u15
u15_2013-05-07,0.0,u15
u15_2013-05-08,53081.0,u15
u15_2013-05-09,0.0,u15
u15_2013-05-10,0.0,u15
u15_2013-05-11,0.0,u15
u15_2013-05-12,0.0,u15
u15_2013-05-13,49783.0,u15
u15_2013-05-14,5272.0,u15
u15_2013-05-15,0.0,u15
u15_2013-05-16,0.0,u15
u15_2013-05-17,0.0,u15
u15_2013-05-18,0.0,u15
u15_2013-05-19,0.0,u15
u15_2013-05-20,0.0,u15
u15_2013-05-21,0.0,u15
u15_2013-05-22,0.0,u15
u15_2013-05-23,0.0,u15
u15_2013-05-24,0.0,u15
u15_2013-05-25,0.0,u15
u15_2013-05-26,0.0,u15
u15_2013-05-27,9143.0,u15
u15_2013-05-28,0.0,u15
u15_2013-05-29,5159.0,u15
u16_2013-03-27,53732.0,u16
u16_2013-03-28,94382.0,u16
u16_2013-03-29,17800.0,u16
u16_2013-03-30,33806.0,u16
u16_2013-03-31,57063.0,u16
u16_2013-04-01,33584.0,u16
u16_2013-04-02,17693.0,u16
u16_2013-04-03,9747.0,u16
u16_2013-04-04,14752.0,u16
u16_2013-04-05,24077.0,u16
u16_2013-04-06,12776.0,u16
u16_2013-04-07,28799.0,u16
u16_2013-04-08,34866.0,u16
u16_2013-04-09,60037.0,u16
u16_2013-04-10,31478.0,u16
u16_2013-04-11,26504.0,u16
u16_2013-04-12,70931.0,u16
u16_2013-04-13,6272.0,u16
u16_2013-04-14,54957.0,u16
u16_2013-04-15,49131.0,u16
u16_2013-04-16,69233.0,u16
u16_2013-04-17,32377.0,u16
u16_2013-04-18,62963.0,u16
u16_2013-04-19,55397.0,u16
u16_2013-04-20,61032.0,u16
u16_2013-04-21,56170.0,u16
u16_2013-04-22,43566.0,u16
u16_2013-04-23,44765.0,u16
u16_2013-04-24,25079.0,u16
u16_2013-04-25,39583.0,u16
u16_2013-04-26,20709.0,u16
u16_2013-04-27,22599.0,u16
u16_2013-04-28,8193.0,u16
u16_2013-04-29,56592.0,u16
u16_2013-04-30,64664.0,u16
u16_2013-05-01,27454.0,u16
u16_2013-05-02,56485.0,u16
u16_2013-05-03,44300.0,u16
u16_2013-05-04,32306.0,u16
u16_2013-05-05,27244.0,u16
u16_2013-05-06,95631.0,u16
u16_2013-05-07,15855.0,u16
u16_2013-05-08,25845.0,u16
u16_2013-05-09,32107.0,u16
u16_2013-05-10,30681.0,u16
u16_2013-05-11,79037.0,u16
u16_2013-05-12,33379.0,u16
u16_2013-05-13,39628.0,u16
u16_2013-05-14,47253.0,u16
u16_2013-05-15,40830.0,u16
u16_2013-05-16,39457.0,u16
u16_2013-05-17,30551.0,u16
u16_2013-05-18,41394.0,u16
u16_2013-05-19,29832.0,u16
u16_2013-05-20,31265.0,u16
u16_2013-05-21,38628.0,u16
u16_2013-05-22,53175.0,u16
u16_2013-05-23,66869.0,u16
u16_2013-05-24,34663.0,u16
u16_2013-05-25,29573.0,u16
u16_2013-05-26,28900.0,u16
u16_2013-05-27,63705.0,u16
u16_2013-05-28,62848.0,u16
u16_2013-05-29,4557.0,u16
u17_2013-03-26,70905.0,u17
u17_2013-03-27,39770.0,u17
u17_2013-03-28,39198.0,u17
u17_2013-03-29,64790.0,u17
u17_2013-03-30,79452.0,u17
u17_2013-03-31,70119.0,u17
u17_2013-04-01,92260.0,u17
u17_2013-04-02,68591.0,u17
u17_2013-04-03,75043.0,u17
u17_2013-04-04,41219.0,u17
u17_2013-04-05,41709.0,u17
u17_2013-04-06,46638.0,u17
u17_2013-04-07,27541.0,u17
u17_2013-04-08,46405.0,u17
u17_2013-04-09,38783.0,u17
u17_2013-04-10,79076.0,u17
u17_2013-04-11,32003.0,u17
u17_2013-04-12,48769.0,u17
u17_2013-04-13,56687.0,u17
u17_2013-04-14,37951.0,u17
u17_2013-04-15,71679.0,u17
u17_2013-04-16,35421.0,u17
u17_2013-04-17,47913.0,u17
u17_2013-04-18,42626.0,u17
u17_2013-04-19,4517.0,u17
u17_2013-04-20,28332.0,u17
u17_2013-04-21,60059.0,u17
u17_2013-04-22,37362.0,u17
u17_2013-04-23,35211.0,u17
u17_2013-04-24,77994.0,u17
u17_2013-04-25,63933.0,u17
u17_2013-04-26,24481.0,u17
u17_2013-04-27,60143.0,u17
u17_2013-04-28,64115.0,u17
u17_2013-04-29,40971.0,u17
u17_2013-04-30,68088.0,u17
u17_2013-05-01,23108.0,u17
u17_2013-05-02,5942.0,u17
u17_2013-05-03,73183.0,u17
u17_2013-05-04,86965.0,u17
u17_2013-05-05,72651.0,u17
u17_2013-05-06,50744.0,u17
u17_2013-05-07,22740.0,u17
u17_2013-05-08,0.0,u17
u17_2013-05-09,0.0,u17
u17_2013-05-10,74397.0,u17
u17_2013-05-11,44126.0,u17
u17_2013-05-12,70422.0,u17
u17_2013-05-13,23776.0,u17
u17_2013-05-14,81808.0,u17
u17_2013-05-15,41214.0,u17
u17_2013-05-16,75651.0,u17
u17_2013-05-17,0.0,u17
u17_2013-05-18,0.0,u17
u17_2013-05-19,79808.0,u17
u17_2013-05-20,27036.0,u17
u17_2013-05-21,43021.0,u17
u17_2013-05-22,36379.0,u17
u17_2013-05-23,25005.0,u17
u17_2013-05-24,16005.0,u17
u17_2013-05-25,32052.0,u17
u17_2013-05-26,0.0,u17
u17_2013-05-27,40698.0,u17
u17_2013-05-28,79081.0,u17
u17_2013-05-29,20341.0,u17
u18_2013-03-27,81664.0,u18
u18_2013-03-28,70630.0,u18
u18_2013-03-29,62109.0,u18
u18_2013-03-30,69090.0,u18
u18_2013-03-31,10911.0,u18
u18_2013-04-01,28537.0,u18
u18_2013-04-02,72928.0,u18
u18_2013-04-03,41549.0,u18
u18_2013-04-04,28200.0,u18
u18_2013-04-05,18173.0,u18
u18_2013-04-06,0.0,u18
u18_2013-04-07,47652.0,u18
u18_2013-04-08,19538.0,u18
u18_2013-04-09,82698.0,u18
u18_2013-04-10,62474.0,u18
u18_2013-04-11,89204.0,u18
u18_2013-04-12,28433.0,u18
u18_2013-04-13,62809.0,u18
u18_2013-04-14,64003.0,u18
u18_2013-04-15,59076.0,u18
u18_2013-04-16,95263.0,u18
u18_2013-04-17,22785.0,u18
u18_2013-04-18,23225.0,u18
u18_2013-04-19,58672.0,u18
u18_2013-04-20,54365.0,u18
u18_2013-04-21,12004.0,u18
u18_2013-04-22,19576.0,u18
u18_2013-04-23,29443.0,u18
u18_2013-04-24,24657.0,u18
u18_2013-04-25,39657.0,u18
u18_2013-04-26,96046.0,u18
u18_2013-04-27,59732.0,u18
u18_2013-04-28,45645.0,u18
u18_2013-04-29,4606.0,u18
u18_2013-04-30,0.0,u18
u18_2013-05-01,25156.0,u18
u18_2013-05-02,12147.0,u18
u18_2013-05-03,18623.0,u18
u18_2013-05-04,28901.0,u18
u18_2013-05-05,0.0,u18
u18_2013-05-06,23282.0,u18
u18_2013-05-07,16874.0,u18
u18_2013-05-08,0.0,u18
u18_2013-05-09,0.0,u18
u18_2013-05-10,0.0,u18
u18_2013-05-11,0.0,u18
u18_2013-05-12,0.0,u18
u18_2013-05-13,0.0,u18
u18_2013-05-14,47985.0,u18
u18_2013-05-15,66131.0,u18
u18_2013-05-16,0.0,u18
u18_2013-05-17,0.0,u18
u18_2013-05-18,0.0,u18
u18_2013-05-19,7627.0,u18
u18_2013-05-20,0.0,u18
u18_2013-05-21,0.0,u18
u18_2013-05-22,24327.0,u18
u18_2013-05-23,5018.0,u18
u18_2013-05-24,62812.0,u18
u18_2013-05-25,39965.0,u18
u18_2013-05-26,34280.0,u18
u18_2013-05-27,21479.0,u18
u18_2013-05-28,9867.0,u18
u19_2013-03-26,36926.0,u19
u19_2013-03-27,41177.0,u19
u19_2013-03-28,45431.0,u19
u19_2013-03-29,0.0,u19
u19_2013-03-30,0.0,u19
u19_2013-03-31,52485.0,u19
u19_2013-04-01,37017.0,u19
u19_2013-04-02,42894.0,u19
u19_2013-04-03,44482.0,u19
u19_2013-04-04,48826.0,u19
u19_2013-04-05,18942.0,u19
u19_2013-04-06,41215.0,u19
u19_2013-04-07,50229.0,u19
u19_2013-04-08,33125.0,u19
u19_2013-04-09,48653.0,u19
u19_2013-04-10,43766.0,u19
u19_2013-04-11,56892.0,u19
u19_2013-04-12,13306.0,u19
u19_2013-04-13,48366.0,u19
u19_2013-04-14,59392.0,u19
u19_2013-04-15,45579.0,u19
u19_2013-04-16,45493.0,u19
u19_2013-04-17,33289.0,u19
u19_2013-04-18,70554.0,u19
u19_2013-04-19,0.0,u19
u19_2013-04-20,65636.0,u19
u19_2013-04-21,27326.0,u19
u19_2013-04-22,42643.0,u19
u19_2013-04-23,68207.0,u19
u19_2013-04-24,32455.0,u19
u19_2013-04-25,35840.0,u19
u19_2013-04-26,57839.0,u19
u19_2013-04-27,41686.0,u19
u19_2013-04-28,46186.0,u19
u19_2013-04-29,61044.0,u19
u19_2013-04-30,69082.0,u19
u19_2013-05-01,43697.0,u19
u19_2013-05-02,41711.0,u19
u19_2013-05-03,85366.0,u19
u19_2013-05-04,39828.0,u19
u19_2013-05-05,45564.0,u19
u19_2013-05-06,44211.0,u19
u19_2013-05-07,65240.0,u19
u19_2013-05-08,52708.0,u19
u19_2013-05-09,58756.0,u19
u19_2013-05-10,46999.0,u19
u19_2013-05-11,37848.0,u19
u19_2013-05-12,49936.0,u19
u19_2013-05-13,56793.0,u19
u19_2013-05-14,42819.0,u19
u19_2013-05-15,32296.0,u19
u19_2013-05-16,37397.0,u19
u19_2013-05-17,66023.0,u19
u19_2013-05-18,40095.0,u19
u19_2013-05-19,49258.0,u19
u19_2013-05-20,39647.0,u19
u19_2013-05-21,40851.0,u19
u19_2013-05-22,51417.0,u19
u19_2013-05-23,55552.0,u19
u19_2013-05-24,44881.0,u19
u19_2013-05-25,36306.0,u19
u19_2013-05-26,43629.0,u19
u19_2013-05-27,57249.0,u19
u19_2013-05-28,9546.0,u19
u19_2013-05-29,20813.0,u19
u19_2013-05-30,45681.0,u19
u20_2013-03-27,83570.0,u20
u20_2013-03-28,16102.0,u20
u20_2013-03-29,0.0,u20
u20_2013-03-30,0.0,u20
u20_2013-03-31,35673.0,u20
u20_2013-04-01,59385.0,u20
u20_2013-04-02,53201.0,u20
u20_2013-04-03,43880.0,u20
u20_2013-04-04,27249.0,u20
u20_2013-04-05,0.0,u20
u20_2013-04-06,11796.0,u20
u20_2013-04-07,62180.0,u20
u20_2013-04-08,43135.0,u20
u20_2013-04-09,17408.0,u20
u20_2013-04-10,27524.0,u20
u20_2013-04-11,68395.0,u20
u20_2013-04-12,27504.0,u20
u20_2013-04-13,43906.0,u20
u20_2013-04-14,0.0,u20
u20_2013-04-15,0.0,u20
u20_2013-04-16,0.0,u20
u20_2013-04-17,0.0,u20
u20_2013-04-18,0.0,u20
u20_2013-04-19,23739.0,u20
u20_2013-04-20,7193.0,u20
u20_2013-04-21,61374.0,u20
u20_2013-04-22,34173.0,u20
u20_2013-04-23,28100.0,u20
u20_2013-04-24,61422.0,u20
u20_2013-04-25,19556.0,u20
u20_2013-04-26,22498.0,u20
u20_2013-04-27,31349.0,u20
u20_2013-04-28,48081.0,u20
u20_2013-04-29,4148.0,u20
u20_2013-04-30,0.0,u20
u20_2013-05-01,0.0,u20
u20_2013-05-02,0.0,u20
u20_2013-05-03,3681.0,u20
u20_2013-05-04,21490.0,u20
u20_2013-05-05,57679.0,u20
u20_2013-05-06,0.0,u20
u20_2013-05-07,0.0,u20
u20_2013-05-08,0.0,u20
u20_2013-05-09,29948.0,u20
u20_2013-05-10,14349.0,u20
u20_2013-05-11,0.0,u20
u20_2013-05-12,11591.0,u20
u20_2013-05-13,73688.0,u20
u20_2013-05-14,39300.0,u20
u20_2013-05-15,38469.0,u20
u20_2013-05-16,21236.0,u20
u20_2013-05-17,13781.0,u20
u20_2013-05-18,0.0,u20
u20_2013-05-19,89286.0,u20
u22_2013-03-26,70584.0,u22
u22_2013-03-27,76558.0,u22
u22_2013-03-28,64529.0,u22
u22_2013-03-29,44618.0,u22
u22_2013-03-30,67920.0,u22
u22_2013-03-31,73082.0,u22
u22_2013-04-01,18477.0,u22
u22_2013-04-02,56834.0,u22
u22_2013-04-03,7718.0,u22
u22_2013-04-04,62737.0,u22
u22_2013-04-05,56396.0,u22
u22_2013-04-06,15206.0,u22
u22_2013-04-07,59827.0,u22
u22_2013-04-08,21062.0,u22
u22_2013-04-09,49623.0,u22
u22_2013-04-10,55708.0,u22
u22_2013-04-11,60297.0,u22
u22_2013-04-12,50860.0,u22
u22_2013-04-13,30436.0,u22
u22_2013-04-14,19081.0,u22
u22_2013-04-15,33375.0,u22
u22_2013-04-16,73504.0,u22
u22_2013-04-17,72980.0,u22
u22_2013-04-18,44842.0,u22
u22_2013-04-19,33314.0,u22
u22_2013-04-20,35526.0,u22
u22_2013-04-21,42830.0,u22
u22_2013-04-22,23240.0,u22
u22_2013-04-23,63739.0,u22
u22_2013-04-24,0.0,u22
u22_2013-04-25,0.0,u22
u22_2013-04-26,0.0,u22
u22_2013-04-27,42929.0,u22
u22_2013-04-28,0.0,u22
u22_2013-04-29,0.0,u22
u22_2013-04-30,0.0,u22
u22_2013-05-01,0.0,u22
u22_2013-05-02,5954.0,u22
u22_2013-05-03,7119.0,u22
u22_2013-05-04,31400.0,u22
u22_2013-05-05,52520.0,u22
u22_2013-05-06,37334.0,u22
u22_2013-05-07,70549.0,u22
u22_2013-05-08,71482.0,u22
u22_2013-05-09,63946.0,u22
u22_2013-05-10,66859.0,u22
u22_2013-05-11,32622.0,u22
u22_2013-05-12,73280.0,u22
u22_2013-05-13,35505.0,u22
u22_2013-05-14,30450.0,u22
u22_2013-05-15,46609.0,u22
u22_2013-05-16,30678.0,u22
u22_2013-05-17,15516.0,u22
u22_2013-05-18,4175.0,u22
u22_2013-05-19,24285.0,u22
u22_2013-05-20,34237.0,u22
u22_2013-05-21,34382.0,u22
u22_2013-05-22,53276.0,u22
u22_2013-05-23,75659.0,u22
u22_2013-05-24,0.0,u22
u22_2013-05-25,0.0,u22
u22_2013-05-26,69642.0,u22
u22_2013-05-27,56877.0,u22
u22_2013-05-28,0.0,u22
u22_2013-05-29,48890.0,u22
u22_2013-05-30,9344.0,u22
u23_2013-03-27,46502.0,u23
u23_2013-03-28,45745.0,u23
u23_2013-03-29,48477.0,u23
u23_2013-03-30,35512.0,u23
u23_2013-03-31,48219.0,u23
u23_2013-04-01,30319.0,u23
u23_2013-04-02,52732.0,u23
u23_2013-04-03,49467.0,u23
u23_2013-04-04,39026.0,u23
u23_2013-04-05,24205.0,u23
u23_2013-04-06,45378.0,u23
u23_2013-04-07,49518.0,u23
u23_2013-04-08,42582.0,u23
u23_2013-04-09,37928.0,u23
u23_2013-04-10,27864.0,u23
u23_2013-04-11,25652.0,u23
u23_2013-04-12,33606.0,u23
u23_2013-04-13,47503.0,u23
u23_2013-04-14,22451.0,u23
u23_2013-04-15,35165.0,u23
u23_2013-04-16,63859.0,u23
u23_2013-04-17,44055.0,u23
u23_2013-04-18,34837.0,u23
u23_2013-04-19,58960.0,u23
u23_2013-04-20,27723.0,u23
u23_2013-04-21,25680.0,u23
u23_2013-04-22,73743.0,u23
u23_2013-04-23,7193.0,u23
u23_2013-04-24,37082.0,u23
u23_2013-04-25,31495.0,u23
u23_2013-04-26,57518.0,u23
u23_2013-04-27,6086.0,u23
u23_2013-04-28,38514.0,u23
u23_2013-04-29,50080.0,u23
u23_2013-04-30,29259.0,u23
u23_2013-05-01,30405.0,u23
u23_2013-05-02,64697.0,u23
u23_2013-05-03,4667.0,u23
u23_2013-05-04,61668.0,u23
u23_2013-05-05,4370.0,u23
u23_2013-05-06,66236.0,u23
u23_2013-05-07,40280.0,u23
u23_2013-05-08,11335.0,u23
u23_2013-05-09,23095.0,u23
u23_2013-05-10,37882.0,u23
u23_2013-05-11,72593.0,u23
u23_2013-05-12,52028.0,u23
u23_2013-05-13,30747.0,u23
u23_2013-05-14,43937.0,u23
u23_2013-05-15,47765.0,u23
u23_2013-05-16,23813.0,u23
u23_2013-05-17,88496.0,u23
u23_2013-05-18,42123.0,u23
u23_2013-05-19,8326.0,u23
u23_2013-05-20,34084.0,u23
u23_2013-05-21,26801.0,u23
u23_2013-05-22,34854.0,u23
u24_2013-03-27,18567.0,u24
u24_2013-03-28,50173.0,u24
u24_2013-03-29,66030.0,u24
u24_2013-03-30,83465.0,u24
u24_2013-03-31,61667.0,u24
u24_2013-04-01,78278.0,u24
u24_2013-04-02,68520.0,u24
u24_2013-04-03,25717.0,u24
u24_2013-04-04,83066.0,u24
u24_2013-04-05,21514.0,u24
u24_2013-04-06,0.0,u24
u24_2013-04-07,58828.0,u24
u24_2013-04-08,17419.0,u24
u24_2013-04-09,33471.0,u24
u24_2013-04-10,40107.0,u24
u24_2013-04-11,36240.0,u24
u24_2013-04-12,55252.0,u24
u24_2013-04-13,44514.0,u24
u24_2013-04-14,55703.0,u24
u24_2013-04-15,45180.0,u24
u24_2013-04-16,32259.0,u24
u24_2013-04-17,61996.0,u24
u24_2013-04-18,52410.0,u24
u24_2013-04-19,3600.0,u24
u24_2013-04-20,50410.0,u24
u24_2013-04-21,35982.0,u24
u24_2013-04-22,28541.0,u24
u24_2013-04-23,54781.0,u24
u24_2013-04-24,50234.0,u24
u24_2013-04-25,35907.0,u24
u24_2013-04-26,48750.0,u24
u25_2013-03-27,33174.0,u25
u25_2013-03-28,25029.0,u25
u25_2013-03-29,83899.0,u25
u25_2013-03-30,51965.0,u25
u25_2013-03-31,67531.0,u25
u25_2013-04-01,75197.0,u25
u25_2013-04-02,38731.0,u25
u25_2013-04-03,57131.0,u25
u25_2013-04-04,29932.0,u25
u25_2013-04-05,24087.0,u25
u25_2013-04-06,0.0,u25
u25_2013-04-07,23476.0,u25
u25_2013-04-08,64873.0,u25
u25_2013-04-09,48283.0,u25
u25_2013-04-10,35479.0,u25
u25_2013-04-11,28200.0,u25
u25_2013-04-12,28664.0,u25
u25_2013-04-13,0.0,u25
u25_2013-04-14,13332.0,u25
u25_2013-04-15,34109.0,u25
u25_2013-04-16,0.0,u25
u25_2013-04-17,77473.0,u25
u25_2013-04-18,27501.0,u25
u25_2013-04-19,52223.0,u25
u25_2013-04-20,65168.0,u25
u25_2013-04-21,86354.0,u25
u25_2013-04-22,19702.0,u25
u25_2013-04-23,20651.0,u25
u25_2013-04-24,0.0,u25
u25_2013-04-25,33762.0,u25
u25_2013-04-26,6430.0,u25
u25_2013-04-27,0.0,u25
u25_2013-04-28,30997.0,u25
u25_2013-04-29,0.0,u25
u25_2013-04-30,0.0,u25
u25_2013-05-01,0.0,u25
u25_2013-05-02,0.0,u25
u25_2013-05-03,6421.0,u25
u25_2013-05-04,0.0,u25
u25_2013-05-05,0.0,u25
u25_2013-05-06,0.0,u25
u25_2013-05-07,0.0,u25
u25_2013-05-08,0.0,u25
u25_2013-05-09,0.0,u25
u25_2013-05-10,0.0,u25
u25_2013-05-11,0.0,u25
u25_2013-05-12,0.0,u25
u25_2013-05-13,0.0,u25
u25_2013-05-14,0.0,u25
u25_2013-05-15,0.0,u25
u25_2013-05-16,0.0,u25
u25_2013-05-17,0.0,u25
u25_2013-05-18,0.0,u25
u25_2013-05-19,0.0,u25
u25_2013-05-20,0.0,u25
u25_2013-05-21,0.0,u25
u25_2013-05-22,0.0,u25
u25_2013-05-23,0.0,u25
u25_2013-05-24,16715.0,u25
u25_2013-05-25,0.0,u25
u25_2013-05-26,4503.0,u25
u25_2013-05-27,0.0,u25
u25_2013-05-28,37838.0,u25
u27_2013-03-27,15346.0,u27
u27_2013-03-28,55150.0,u27
u27_2013-03-29,20651.0,u27
u27_2013-03-30,12142.0,u27
u27_2013-03-31,24411.0,u27
u27_2013-04-01,60651.0,u27
u27_2013-04-02,29947.0,u27
u27_2013-04-03,14653.0,u27
u27_2013-04-04,37122.0,u27
u27_2013-04-05,50986.0,u27
u27_2013-04-06,29946.0,u27
u27_2013-04-07,18544.0,u27
u27_2013-04-08,0.0,u27
u27_2013-04-09,36540.0,u27
u27_2013-04-10,4640.0,u27
u27_2013-04-11,63106.0,u27
u27_2013-04-12,20091.0,u27
u27_2013-04-13,13648.0,u27
u27_2013-04-14,27205.0,u27
u27_2013-04-15,38022.0,u27
u27_2013-04-16,30824.0,u27
u27_2013-04-17,58460.0,u27
u27_2013-04-18,35200.0,u27
u27_2013-04-19,8432.0,u27
u27_2013-04-20,15772.0,u27
u27_2013-04-21,26978.0,u27
u27_2013-04-22,0.0,u27
u27_2013-04-23,0.0,u27
u27_2013-04-24,24897.0,u27
u27_2013-04-25,36899.0,u27
u27_2013-04-26,16486.0,u27
u27_2013-04-27,5934.0,u27
u27_2013-04-28,10703.0,u27
u27_2013-04-29,6262.0,u27
u27_2013-04-30,48420.0,u27
u27_2013-05-01,31621.0,u27
u27_2013-05-02,30797.0,u27
u27_2013-05-03,9332.0,u27
u27_2013-05-04,29394.0,u27
u27_2013-05-05,17785.0,u27
u27_2013-05-06,31242.0,u27
u27_2013-05-07,38467.0,u27
u27_2013-05-08,35629.0,u27
u27_2013-05-09,21030.0,u27
u27_2013-05-10,53032.0,u27
u27_2013-05-11,44248.0,u27
u27_2013-05-12,26493.0,u27
u27_2013-05-13,0.0,u27
u27_2013-05-14,53746.0,u27
u27_2013-05-15,9586.0,u27
u27_2013-05-16,0.0,u27
u27_2013-05-17,0.0,u27
u27_2013-05-18,36646.0,u27
u27_2013-05-19,31977.0,u27
u27_2013-05-20,29456.0,u27
u27_2013-05-21,30440.0,u27
u27_2013-05-22,0.0,u27
u27_2013-05-23,18370.0,u27
u27_2013-05-24,15302.0,u27
u27_2013-05-25,27984.0,u27
u27_2013-05-26,8741.0,u27
u27_2013-05-27,32316.0,u27
u27_2013-05-28,32414.0,u27
u27_2013-05-29,8707.0,u27
u27_2013-05-30,19706.0,u27
u30_2013-03-27,48904.0,u30
u30_2013-03-28,38746.0,u30
u30_2013-03-29,48437.0,u30
u30_2013-03-30,67097.0,u30
u30_2013-03-31,60208.0,u30
u30_2013-04-01,64330.0,u30
u30_2013-04-02,72596.0,u30
u30_2013-04-03,78040.0,u30
u30_2013-04-04,91074.0,u30
u30_2013-04-05,48715.0,u30
u30_2013-04-06,95154.0,u30
u30_2013-04-07,56022.0,u30
u30_2013-04-08,66350.0,u30
u30_2013-04-09,65453.0,u30
u30_2013-04-10,58346.0,u30
u30_2013-04-11,65946.0,u30
u30_2013-04-12,83168.0,u30
u30_2013-04-13,67613.0,u30
u30_2013-04-14,60395.0,u30
u30_2013-04-15,58600.0,u30
u30_2013-04-16,86578.0,u30
u30_2013-04-17,87970.0,u30
u30_2013-04-18,64141.0,u30
u30_2013-04-19,79962.0,u30
u30_2013-04-20,69499.0,u30
u30_2013-04-21,57306.0,u30
u30_2013-04-22,20516.0,u30
u30_2013-04-23,60967.0,u30
u30_2013-04-24,15132.0,u30
u30_2013-04-25,31911.0,u30
u30_2013-04-26,84242.0,u30
u30_2013-04-27,69890.0,u30
u30_2013-04-28,51299.0,u30
u30_2013-04-29,36788.0,u30
u30_2013-04-30,57014.0,u30
u30_2013-05-01,7496.0,u30
u30_2013-05-02,76090.0,u30
u30_2013-05-03,0.0,u30
u30_2013-05-04,16426.0,u30
u30_2013-05-05,19250.0,u30
u30_2013-05-06,56448.0,u30
u30_2013-05-07,32886.0,u30
u30_2013-05-08,11527.0,u30
u30_2013-05-09,50332.0,u30
u30_2013-05-10,21492.0,u30
u30_2013-05-11,37059.0,u30
u30_2013-05-12,79049.0,u30
u30_2013-05-13,28777.0,u30
u30_2013-05-14,65731.0,u30
u30_2013-05-15,0.0,u30
u30_2013-05-16,0.0,u30
u30_2013-05-17,0.0,u30
u30_2013-05-18,0.0,u30
u30_2013-05-19,8944.0,u30
u30_2013-05-20,36390.0,u30
u30_2013-05-21,14625.0,u30
u30_2013-05-22,75438.0,u30
u30_2013-05-23,25664.0,u30
u30_2013-05-24,45958.0,u30
u30_2013-05-25,67475.0,u30
u30_2013-05-26,0.0,u30
u30_2013-05-27,56110.0,u30
u30_2013-05-28,21050.0,u30
u30_2013-05-29,55233.0,u30
u30_2013-05-30,84502.0,u30
u30_2013-05-31,5366.0,u30
u31_2013-03-27,31017.0,u31
u31_2013-03-28,40780.0,u31
u31_2013-03-29,12600.0,u31
u31_2013-03-30,25702.0,u31
u31_2013-03-31,31012.0,u31
u31_2013-04-01,12170.0,u31
u31_2013-04-02,41440.0,u31
u31_2013-04-03,8887.0,u31
u31_2013-04-04,24480.0,u31
u31_2013-04-05,36067.0,u31
u31_2013-04-06,8803.0,u31
u31_2013-04-07,20453.0,u31
u31_2013-04-08,9362.0,u31
u31_2013-04-09,16341.0,u31
u31_2013-04-10,17058.0,u31
u31_2013-04-11,15193.0,u31
u31_2013-04-12,44601.0,u31
u31_2013-04-13,24766.0,u31
u31_2013-04-14,13566.0,u31
u31_2013-04-15,25566.0,u31
u31_2013-04-16,10289.0,u31
u31_2013-04-17,18602.0,u31
u31_2013-04-18,13440.0,u31
u31_2013-04-19,7020.0,u31
u31_2013-04-20,15971.0,u31
u31_2013-04-21,16939.0,u31
u31_2013-04-22,19064.0,u31
u31_2013-04-23,49496.0,u31
u31_2013-04-24,14740.0,u31
u31_2013-04-25,27962.0,u31
u31_2013-04-26,44830.0,u31
u31_2013-04-27,43141.0,u31
u31_2013-04-28,14761.0,u31
u31_2013-04-29,14149.0,u31
u31_2013-04-30,32863.0,u31
u31_2013-05-01,37990.0,u31
u31_2013-05-02,17530.0,u31
u31_2013-05-03,65591.0,u31
u31_2013-05-04,48485.0,u31
u31_2013-05-05,36318.0,u31
u31_2013-05-06,4355.0,u31
u31_2013-05-07,40169.0,u31
u31_2013-05-08,6212.0,u31
u31_2013-05-09,19267.0,u31
u31_2013-05-10,62785.0,u31
u31_2013-05-11,19959.0,u31
u31_2013-05-12,9797.0,u31
u31_2013-05-13,0.0,u31
u31_2013-05-14,35112.0,u31
u31_2013-05-15,7061.0,u31
u31_2013-05-16,36442.0,u31
u31_2013-05-17,49874.0,u31
u31_2013-05-18,57417.0,u31
u31_2013-05-19,42522.0,u31
u31_2013-05-20,30482.0,u31
u31_2013-05-21,25366.0,u31
u31_2013-05-22,30842.0,u31
u31_2013-05-23,0.0,u31
u31_2013-05-24,23751.0,u31
u31_2013-05-25,42282.0,u31
u31_2013-05-26,11421.0,u31
u31_2013-05-27,10045.0,u31
u31_2013-05-28,5005.0,u31
u31_2013-05-29,37504.0,u31
u31_2013-05-30,6416.0,u31
u32_2013-03-27,64522.0,u32
u32_2013-03-28,75799.0,u32
u32_2013-03-29,82597.0,u32
u32_2013-03-30,46641.0,u32
u32_2013-03-31,58308.0,u32
u32_2013-04-01,12901.0,u32
u32_2013-04-02,63346.0,u32
u32_2013-04-03,69307.0,u32
u32_2013-04-04,53708.0,u32
u32_2013-04-05,21475.0,u32
u32_2013-04-06,25277.0,u32
u32_2013-04-07,51135.0,u32
u32_2013-04-08,55092.0,u32
u32_2013-04-09,64716.0,u32
u32_2013-04-10,67677.0,u32
u32_2013-04-11,74712.0,u32
u32_2013-04-12,53369.0,u32
u32_2013-04-13,0.0,u32
u32_2013-04-14,0.0,u32
u32_2013-04-15,0.0,u32
u32_2013-04-16,8502.0,u32
u32_2013-04-17,80664.0,u32
u32_2013-04-18,73038.0,u32
u32_2013-04-19,63391.0,u32
u32_2013-04-20,55026.0,u32
u32_2013-04-21,45086.0,u32
u32_2013-04-22,81729.0,u32
u32_2013-04-23,37556.0,u32
u32_2013-04-24,59881.0,u32
u32_2013-04-25,37423.0,u32
u32_2013-04-26,66770.0,u32
u32_2013-04-27,10025.0,u32
u32_2013-04-28,39773.0,u32
u32_2013-04-29,48001.0,u32
u32_2013-04-30,64056.0,u32
u32_2013-05-01,31886.0,u32
u32_2013-05-02,65951.0,u32
u32_2013-05-03,0.0,u32
u32_2013-05-04,0.0,u32
u32_2013-05-05,57973.0,u32
u32_2013-05-06,55780.0,u32
u32_2013-05-07,91378.0,u32
u32_2013-05-08,66750.0,u32
u32_2013-05-09,100362.0,u32
u32_2013-05-10,47606.0,u32
u32_2013-05-11,0.0,u32
u32_2013-05-12,26715.0,u32
u32_2013-05-13,23791.0,u32
u32_2013-05-14,44227.0,u32
u32_2013-05-15,48253.0,u32
u32_2013-05-16,77783.0,u32
u32_2013-05-17,0.0,u32
u32_2013-05-18,60459.0,u32
u32_2013-05-19,31317.0,u32
u32_2013-05-20,56673.0,u32
u32_2013-05-21,56620.0,u32
u32_2013-05-22,74654.0,u32
u32_2013-05-23,0.0,u32
u32_2013-05-24,10269.0,u32
u32_2013-05-25,22836.0,u32
u32_2013-05-26,5288.0,u32
u32_2013-05-27,13612.0,u32
u32_2013-05-28,32067.0,u32
u32_2013-05-29,3908.0,u32
u32_2013-05-30,80211.0,u32
u32_2013-05-31,15198.0,u32
u33_2013-03-28,62347.0,u33
u33_2013-03-29,21198.0,u33
u33_2013-03-30,76989.0,u33
u33_2013-03-31,28278.0,u33
u33_2013-04-01,50388.0,u33
u33_2013-04-02,47489.0,u33
u33_2013-04-03,72552.0,u33
u33_2013-04-04,32873.0,u33
u33_2013-04-05,20428.0,u33
u33_2013-04-06,29151.0,u33
u33_2013-04-07,28344.0,u33
u33_2013-04-08,52607.0,u33
u33_2013-04-09,11678.0,u33
u33_2013-04-10,44911.0,u33
u33_2013-04-11,30253.0,u33
u33_2013-04-12,23959.0,u33
u33_2013-04-13,47380.0,u33
u33_2013-04-14,29233.0,u33
u33_2013-04-15,22920.0,u33
u33_2013-04-16,16851.0,u33
u33_2013-04-17,19855.0,u33
u33_2013-04-18,51975.0,u33
u33_2013-04-19,18968.0,u33
u33_2013-04-20,24635.0,u33
u33_2013-04-21,37261.0,u33
u33_2013-04-22,27770.0,u33
u33_2013-04-23,6676.0,u33
u33_2013-04-24,38871.0,u33
u33_2013-04-25,41996.0,u33
u33_2013-04-26,15760.0,u33
u33_2013-04-27,28946.0,u33
u33_2013-04-28,60872.0,u33
u33_2013-04-29,8369.0,u33
u33_2013-04-30,18738.0,u33
u33_2013-05-01,33346.0,u33
u33_2013-05-02,52811.0,u33
u33_2013-05-03,44163.0,u33
u33_2013-05-04,11109.0,u33
u33_2013-05-05,58713.0,u33
u33_2013-05-06,28776.0,u33
u33_2013-05-07,37769.0,u33
u33_2013-05-08,41784.0,u33
u33_2013-05-09,19861.0,u33
u33_2013-05-10,75521.0,u33
u33_2013-05-11,48665.0,u33
u33_2013-05-12,82986.0,u33
u33_2013-05-13,37483.0,u33
u33_2013-05-14,60329.0,u33
u33_2013-05-15,61669.0,u33
u33_2013-05-16,45349.0,u33
u33_2013-05-17,22389.0,u33
u33_2013-05-18,0.0,u33
u33_2013-05-19,0.0,u33
u33_2013-05-20,0.0,u33
u33_2013-05-21,0.0,u33
u33_2013-05-22,0.0,u33
u33_2013-05-23,0.0,u33
u33_2013-05-24,0.0,u33
u33_2013-05-25,0.0,u33
u33_2013-05-26,0.0,u33
u33_2013-05-27,0.0,u33
u33_2013-05-28,0.0,u33
u33_2013-05-29,7821.0,u33
u34_2013-03-27,49105.0,u34
u34_2013-03-28,0.0,u34
u34_2013-03-29,0.0,u34
u34_2013-03-30,48623.0,u34
u34_2013-03-31,64334.0,u34
u34_2013-04-01,22275.0,u34
u34_2013-04-02,62981.0,u34
u34_2013-04-03,22886.0,u34
u34_2013-04-04,21649.0,u34
u34_2013-04-05,34784.0,u34
u34_2013-04-06,0.0,u34
u34_2013-04-07,0.0,u34
u34_2013-04-08,37422.0,u34
u34_2013-04-09,0.0,u34
u34_2013-04-10,0.0,u34
u34_2013-04-11,0.0,u34
u34_2013-04-12,0.0,u34
u34_2013-04-13,0.0,u34
u34_2013-04-14,22043.0,u34
u34_2013-04-15,0.0,u34
u34_2013-04-16,0.0,u34
u34_2013-04-17,0.0,u34
u34_2013-04-18,15843.0,u34
u34_2013-04-19,0.0,u34
u34_2013-04-20,0.0,u34
u34_2013-04-21,0.0,u34
u34_2013-04-22,0.0,u34
u34_2013-04-23,0.0,u34
u34_2013-04-24,0.0,u34
u34_2013-04-25,0.0,u34
u34_2013-04-26,0.0,u34
u34_2013-04-27,0.0,u34
u34_2013-04-28,4421.0,u34
u34_2013-04-29,0.0,u34
u34_2013-04-30,0.0,u34
u34_2013-05-01,0.0,u34
u34_2013-05-02,0.0,u34
u34_2013-05-03,0.0,u34
u34_2013-05-04,0.0,u34
u34_2013-05-05,0.0,u34
u34_2013-05-06,0.0,u34
u34_2013-05-07,15114.0,u34
u34_2013-05-08,0.0,u34
u34_2013-05-09,4948.0,u34
u34_2013-05-10,0.0,u34
u34_2013-05-11,4276.0,u34
u34_2013-05-12,53344.0,u34
u34_2013-05-13,14395.0,u34
u34_2013-05-14,0.0,u34
u34_2013-05-15,0.0,u34
u34_2013-05-16,0.0,u34
u34_2013-05-17,0.0,u34
u34_2013-05-18,8180.0,u34
u34_2013-05-19,0.0,u34
u34_2013-05-20,0.0,u34
u34_2013-05-21,0.0,u34
u34_2013-05-22,0.0,u34
u34_2013-05-23,0.0,u34
u34_2013-05-24,0.0,u34
u34_2013-05-25,0.0,u34
u34_2013-05-26,14915.0,u34
u35_2013-03-28,79374.0,u35
u35_2013-03-29,32841.0,u35
u35_2013-03-30,31504.0,u35
u35_2013-03-31,67553.0,u35
u35_2013-04-01,86833.0,u35
u35_2013-04-02,76113.0,u35
u35_2013-04-03,55468.0,u35
u35_2013-04-04,75354.0,u35
u35_2013-04-05,12443.0,u35
u35_2013-04-06,23487.0,u35
u35_2013-04-07,15071.0,u35
u35_2013-04-08,54023.0,u35
u35_2013-04-09,0.0,u35
u35_2013-04-10,75434.0,u35
u35_2013-04-11,23523.0,u35
u35_2013-04-12,10463.0,u35
u35_2013-04-13,0.0,u35
u35_2013-04-14,0.0,u35
u35_2013-04-15,20855.0,u35
u35_2013-04-16,14468.0,u35
u35_2013-04-17,42495.0,u35
u35_2013-04-18,51215.0,u35
u35_2013-04-19,8826.0,u35
u35_2013-04-20,19309.0,u35
u35_2013-04-21,26229.0,u35
u35_2013-04-22,41061.0,u35
u35_2013-04-23,15116.0,u35
u35_2013-04-24,14096.0,u35
u35_2013-04-25,0.0,u35
u35_2013-04-26,3836.0,u35
u35_2013-04-27,0.0,u35
u35_2013-04-28,0.0,u35
u35_2013-04-29,31372.0,u35
u35_2013-04-30,11445.0,u35
u35_2013-05-01,16891.0,u35
u35_2013-05-02,0.0,u35
u35_2013-05-03,0.0,u35
u35_2013-05-04,15934.0,u35
u35_2013-05-05,9964.0,u35
u35_2013-05-06,36408.0,u35
u35_2013-05-07,0.0,u35
u35_2013-05-08,0.0,u35
u35_2013-05-09,20285.0,u35
u35_2013-05-10,19339.0,u35
u35_2013-05-11,0.0,u35
u35_2013-05-12,18408.0,u35
u35_2013-05-13,30106.0,u35
u35_2013-05-14,20987.0,u35
u35_2013-05-15,0.0,u35
u35_2013-05-16,0.0,u35
u35_2013-05-17,0.0,u35
u35_2013-05-18,4492.0,u35
u35_2013-05-19,8473.0,u35
u35_2013-05-20,0.0,u35
u35_2013-05-21,0.0,u35
u35_2013-05-22,0.0,u35
u35_2013-05-23,12107.0,u35
u35_2013-05-24,0.0,u35
u35_2013-05-25,0.0,u35
u35_2013-05-26,41109.0,u35
u35_2013-05-27,22812.0,u35
u35_2013-05-28,4373.0,u35
u35_2013-05-29,0.0,u35
u35_2013-05-30,0.0,u35
u35_2013-05-31,6614.0,u35
u36_2013-03-28,63304.0,u36
u36_2013-03-29,46091.0,u36
u36_2013-03-30,55051.0,u36
u36_2013-03-31,28376.0,u36
u36_2013-04-01,40895.0,u36
u36_2013-04-02,50293.0,u36
u36_2013-04-03,48851.0,u36
u36_2013-04-04,48093.0,u36
u36_2013-04-05,56079.0,u36
u36_2013-04-06,47650.0,u36
u36_2013-04-07,64599.0,u36
u36_2013-04-08,54530.0,u36
u36_2013-04-09,48404.0,u36
u36_2013-04-10,47125.0,u36
u36_2013-04-11,60489.0,u36
u36_2013-04-12,61445.0,u36
u36_2013-04-13,47288.0,u36
u36_2013-04-14,52220.0,u36
u36_2013-04-15,62823.0,u36
u36_2013-04-16,57070.0,u36
u36_2013-04-17,53313.0,u36
u36_2013-04-18,33611.0,u36
u36_2013-04-19,44240.0,u36
u36_2013-04-20,65256.0,u36
u36_2013-04-21,31973.0,u36
u36_2013-04-22,38595.0,u36
u36_2013-04-23,39116.0,u36
u36_2013-04-24,43786.0,u36
u36_2013-04-25,19713.0,u36
u36_2013-04-26,48432.0,u36
u36_2013-04-27,61858.0,u36
u36_2013-04-28,57382.0,u36
u36_2013-04-29,72326.0,u36
u36_2013-04-30,37610.0,u36
u36_2013-05-01,37396.0,u36
u36_2013-05-02,40787.0,u36
u36_2013-05-03,8857.0,u36
u36_2013-05-04,34640.0,u36
u36_2013-05-05,52457.0,u36
u36_2013-05-06,47391.0,u36
u36_2013-05-07,53746.0,u36
u36_2013-05-08,60900.0,u36
u36_2013-05-09,54650.0,u36
u36_2013-05-10,54206.0,u36
u36_2013-05-11,58048.0,u36
u36_2013-05-12,61508.0,u36
u36_2013-05-13,51642.0,u36
u36_2013-05-14,43168.0,u36
u36_2013-05-15,48192.0,u36
u36_2013-05-16,52944.0,u36
u36_2013-05-17,41487.0,u36
u36_2013-05-18,57411.0,u36
u36_2013-05-19,67318.0,u36
u36_2013-05-20,51605.0,u36
u36_2013-05-21,47820.0,u36
u36_2013-05-22,57049.0,u36
u36_2013-05-23,73939.0,u36
u36_2013-05-24,54953.0,u36
u36_2013-05-25,61803.0,u36
u36_2013-05-26,51204.0,u36
u36_2013-05-27,28143.0,u36
u36_2013-05-28,51480.0,u36
u36_2013-05-29,61298.0,u36
u36_2013-05-30,56957.0,u36
u36_2013-05-31,14180.0,u36
u39_2013-03-28,15859.0,u39
u39_2013-03-29,0.0,u39
u39_2013-03-30,0.0,u39
u39_2013-03-31,0.0,u39
u39_2013-04-01,36408.0,u39
u39_2013-04-02,5482.0,u39
u39_2013-04-03,0.0,u39
u39_2013-04-04,0.0,u39
u39_2013-04-05,0.0,u39
u39_2013-04-06,0.0,u39
u39_2013-04-07,0.0,u39
u39_2013-04-08,0.0,u39
u39_2013-04-09,0.0,u39
u39_2013-04-10,0.0,u39
u39_2013-04-11,0.0,u39
u39_2013-04-12,4102.0,u39
u39_2013-04-13,0.0,u39
u39_2013-04-14,34571.0,u39
u39_2013-04-15,0.0,u39
u39_2013-04-16,5173.0,u39
u39_2013-04-17,0.0,u39
u39_2013-04-18,0.0,u39
u39_2013-04-19,0.0,u39
u39_2013-04-20,0.0,u39
u39_2013-04-21,0.0,u39
u39_2013-04-22,0.0,u39
u39_2013-04-23,32392.0,u39
u39_2013-04-24,4342.0,u39
u41_2013-03-28,65957.0,u41
u41_2013-03-29,4055.0,u41
u41_2013-03-30,27602.0,u41
u41_2013-03-31,62250.0,u41
u41_2013-04-01,10193.0,u41
u41_2013-04-02,27190.0,u41
u41_2013-04-03,65956.0,u41
u41_2013-04-04,38604.0,u41
u41_2013-04-05,0.0,u41
u41_2013-04-06,0.0,u41
u41_2013-04-07,0.0,u41
u41_2013-04-08,40279.0,u41
u41_2013-04-09,31550.0,u41
u41_2013-04-10,60221.0,u41
u41_2013-04-11,72128.0,u41
u41_2013-04-12,0.0,u41
u41_2013-04-13,10885.0,u41
u41_2013-04-14,27600.0,u41
u41_2013-04-15,0.0,u41
u41_2013-04-16,0.0,u41
u41_2013-04-17,0.0,u41
u41_2013-04-18,36338.0,u41
u41_2013-04-19,21997.0,u41
u41_2013-04-20,6032.0,u41
u41_2013-04-21,16980.0,u41
u41_2013-04-22,0.0,u41
u41_2013-04-23,0.0,u41
u41_2013-04-24,0.0,u41
u41_2013-04-25,39976.0,u41
u41_2013-04-26,0.0,u41
u41_2013-04-27,0.0,u41
u41_2013-04-28,38078.0,u41
u41_2013-04-29,28255.0,u41
u41_2013-04-30,0.0,u41
u41_2013-05-01,0.0,u41
u41_2013-05-02,0.0,u41
u41_2013-05-03,0.0,u41
u41_2013-05-04,0.0,u41
u41_2013-05-05,0.0,u41
u41_2013-05-06,0.0,u41
u41_2013-05-07,0.0,u41
u41_2013-05-08,0.0,u41
u41_2013-05-09,8323.0,u41
u41_2013-05-10,0.0,u41
u41_2013-05-11,43232.0,u41
u41_2013-05-12,62502.0,u41
u41_2013-05-13,8808.0,u41
u41_2013-05-14,0.0,u41
u41_2013-05-15,0.0,u41
u41_2013-05-16,0.0,u41
u41_2013-05-17,0.0,u41
u41_2013-05-18,0.0,u41
u41_2013-05-19,13455.0,u41
u41_2013-05-20,15477.0,u41
u41_2013-05-21,0.0,u41
u41_2013-05-22,0.0,u41
u41_2013-05-23,9040.0,u41
u41_2013-05-24,0.0,u41
u41_2013-05-25,0.0,u41
u41_2013-05-26,15806.0,u41
u41_2013-05-27,47046.0,u41
u41_2013-05-28,13026.0,u41
u42_2013-04-01,76794.0,u42
u42_2013-04-02,69724.0,u42
u42_2013-04-03,30930.0,u42
u42_2013-04-04,63620.0,u42
u42_2013-04-05,67366.0,u42
u42_2013-04-06,11584.0,u42
u42_2013-04-07,64633.0,u42
u42_2013-04-08,7472.0,u42
u42_2013-04-09,34654.0,u42
u42_2013-04-10,30056.0,u42
u42_2013-04-11,12555.0,u42
u42_2013-04-12,23588.0,u42
u42_2013-04-13,6352.0,u42
u42_2013-04-14,21181.0,u42
u42_2013-04-15,0.0,u42
u42_2013-04-16,26385.0,u42
u42_2013-04-17,30470.0,u42
u42_2013-04-18,25990.0,u42
u42_2013-04-19,0.0,u42
u42_2013-04-20,62541.0,u42
u42_2013-04-21,12575.0,u42
u42_2013-04-22,21185.0,u42
u42_2013-04-23,0.0,u42
u42_2013-04-24,0.0,u42
u42_2013-04-25,25726.0,u42
u42_2013-04-26,10081.0,u42
u42_2013-04-27,6501.0,u42
u42_2013-04-28,22461.0,u42
u42_2013-04-29,8716.0,u42
u42_2013-04-30,14578.0,u42
u42_2013-05-01,18441.0,u42
u42_2013-05-02,0.0,u42
u42_2013-05-03,21171.0,u42
u42_2013-05-04,31774.0,u42
u42_2013-05-05,3632.0,u42
u42_2013-05-06,12280.0,u42
u42_2013-05-07,34715.0,u42
u42_2013-05-08,9221.0,u42
u42_2013-05-09,0.0,u42
u42_2013-05-10,6814.0,u42
u42_2013-05-11,5381.0,u42
u42_2013-05-12,35979.0,u42
u42_2013-05-13,100547.0,u42
u42_2013-05-14,32106.0,u42
u42_2013-05-15,0.0,u42
u42_2013-05-16,0.0,u42
u42_2013-05-17,0.0,u42
u42_2013-05-18,19373.0,u42
u42_2013-05-19,34049.0,u42
u42_2013-05-20,31890.0,u42
u43_2013-04-01,40866.0,u43
u43_2013-04-02,41456.0,u43
u43_2013-04-03,38082.0,u43
u43_2013-04-04,31836.0,u43
u43_2013-04-05,69889.0,u43
u43_2013-04-06,62800.0,u43
u43_2013-04-07,59368.0,u43
u43_2013-04-08,55712.0,u43
u43_2013-04-09,67772.0,u43
u43_2013-04-10,50556.0,u43
u43_2013-04-11,18983.0,u43
u43_2013-04-12,12585.0,u43
u43_2013-04-13,77427.0,u43
u43_2013-04-14,0.0,u43
u43_2013-04-15,38698.0,u43
u43_2013-04-16,80363.0,u43
u43_2013-04-17,33302.0,u43
u43_2013-04-18,0.0,u43
u43_2013-04-19,28151.0,u43
u43_2013-04-20,61150.0,u43
u43_2013-04-21,31722.0,u43
u43_2013-04-22,55765.0,u43
u43_2013-04-23,20147.0,u43
u43_2013-04-24,54168.0,u43
u43_2013-04-25,65229.0,u43
u43_2013-04-26,59014.0,u43
u43_2013-04-27,31366.0,u43
u43_2013-04-28,41048.0,u43
u43_2013-04-29,37984.0,u43
u43_2013-04-30,46374.0,u43
u43_2013-05-01,66357.0,u43
u43_2013-05-02,33422.0,u43
u43_2013-05-03,32255.0,u43
u43_2013-05-04,4257.0,u43
u43_2013-05-05,0.0,u43
u43_2013-05-06,59041.0,u43
u43_2013-05-07,58623.0,u43
u43_2013-05-08,4265.0,u43
u43_2013-05-09,45620.0,u43
u43_2013-05-10,0.0,u43
u43_2013-05-11,0.0,u43
u43_2013-05-12,31785.0,u43
u43_2013-05-13,30675.0,u43
u43_2013-05-14,0.0,u43
u43_2013-05-15,22990.0,u43
u43_2013-05-16,0.0,u43
u43_2013-05-17,0.0,u43
u43_2013-05-18,0.0,u43
u43_2013-05-19,28754.0,u43
u43_2013-05-20,63059.0,u43
u43_2013-05-21,0.0,u43
u43_2013-05-22,0.0,u43
u43_2013-05-23,64398.0,u43
u43_2013-05-24,32899.0,u43
u43_2013-05-25,0.0,u43
u43_2013-05-26,61972.0,u43
u43_2013-05-27,35277.0,u43
u43_2013-05-28,14320.0,u43
u44_2013-04-01,15867.0,u44
u44_2013-04-02,42571.0,u44
u44_2013-04-03,55914.0,u44
u44_2013-04-04,48079.0,u44
u44_2013-04-05,41711.0,u44
u44_2013-04-06,43020.0,u44
u44_2013-04-07,60121.0,u44
u44_2013-04-08,59737.0,u44
u44_2013-04-09,53224.0,u44
u44_2013-04-10,61954.0,u44
u44_2013-04-11,68701.0,u44
u44_2013-04-12,85278.0,u44
u44_2013-04-13,24367.0,u44
u44_2013-04-14,0.0,u44
u44_2013-04-15,57439.0,u44
u44_2013-04-16,57294.0,u44
u44_2013-04-17,25584.0,u44
u44_2013-04-18,24807.0,u44
u44_2013-04-19,88944.0,u44
u44_2013-04-20,57288.0,u44
u44_2013-04-21,51721.0,u44
u44_2013-04-22,50378.0,u44
u44_2013-04-23,84216.0,u44
u44_2013-04-24,78184.0,u44
u44_2013-04-25,70484.0,u44
u44_2013-04-26,38808.0,u44
u44_2013-04-27,41553.0,u44
u44_2013-04-28,40565.0,u44
u44_2013-04-29,60584.0,u44
u44_2013-04-30,34898.0,u44
u44_2013-05-01,72094.0,u44
u44_2013-05-02,42955.0,u44
u44_2013-05-03,36588.0,u44
u44_2013-05-04,16225.0,u44
u44_2013-05-05,33724.0,u44
u44_2013-05-06,7858.0,u44
u44_2013-05-07,28920.0,u44
u44_2013-05-08,55741.0,u44
u44_2013-05-09,6787.0,u44
u44_2013-05-10,0.0,u44
u44_2013-05-11,40598.0,u44
u44_2013-05-12,17984.0,u44
u44_2013-05-13,41100.0,u44
u44_2013-05-14,42587.0,u44
u44_2013-05-15,30213.0,u44
u44_2013-05-16,41656.0,u44
u44_2013-05-17,49638.0,u44
u44_2013-05-18,20111.0,u44
u44_2013-05-19,23632.0,u44
u44_2013-05-20,55325.0,u44
u44_2013-05-21,67680.0,u44
u44_2013-05-22,40102.0,u44
u44_2013-05-23,44225.0,u44
u44_2013-05-24,8902.0,u44
u44_2013-05-25,59772.0,u44
u44_2013-05-26,56460.0,u44
u44_2013-05-27,11037.0,u44
u44_2013-05-28,0.0,u44
u44_2013-05-29,0.0,u44
u44_2013-05-30,53299.0,u44
u45_2013-04-01,67637.0,u45
u45_2013-04-02,54585.0,u45
u45_2013-04-03,44640.0,u45
u45_2013-04-04,38522.0,u45
u45_2013-04-05,50472.0,u45
u45_2013-04-06,0.0,u45
u45_2013-04-07,42807.0,u45
u45_2013-04-08,52229.0,u45
u45_2013-04-09,5527.0,u45
u45_2013-04-10,70950.0,u45
u45_2013-04-11,59001.0,u45
u45_2013-04-12,58307.0,u45
u45_2013-04-13,44036.0,u45
u45_2013-04-14,49028.0,u45
u45_2013-04-15,0.0,u45
u45_2013-04-16,15408.0,u45
u45_2013-04-17,42447.0,u45
u45_2013-04-18,0.0,u45
u45_2013-04-19,0.0,u45
u45_2013-04-20,62421.0,u45
u45_2013-04-21,35207.0,u45
u45_2013-04-22,0.0,u45
u45_2013-04-23,0.0,u45
u45_2013-04-24,0.0,u45
u45_2013-04-25,0.0,u45
u45_2013-04-26,6420.0,u45
u45_2013-04-27,70683.0,u45
u45_2013-04-28,33404.0,u45
u45_2013-04-29,33790.0,u45
u45_2013-04-30,0.0,u45
u45_2013-05-01,0.0,u45
u45_2013-05-02,0.0,u45
u45_2013-05-03,16609.0,u45
u45_2013-05-04,6894.0,u45
u45_2013-05-05,68444.0,u45
u45_2013-05-06,63978.0,u45
u45_2013-05-07,57531.0,u45
u45_2013-05-08,24727.0,u45
u45_2013-05-09,36384.0,u45
u45_2013-05-10,74357.0,u45
u45_2013-05-11,85984.0,u45
u45_2013-05-12,19932.0,u45
u45_2013-05-13,7023.0,u45
u45_2013-05-14,37778.0,u45
u45_2013-05-15,0.0,u45
u45_2013-05-16,0.0,u45
u45_2013-05-17,12124.0,u45
u45_2013-05-18,8313.0,u45
u45_2013-05-19,38312.0,u45
u45_2013-05-20,72989.0,u45
u45_2013-05-21,49776.0,u45
u45_2013-05-22,0.0,u45
u45_2013-05-23,15191.0,u45
u45_2013-05-24,67033.0,u45
u45_2013-05-25,34943.0,u45
u45_2013-05-26,51561.0,u45
u45_2013-05-27,59411.0,u45
u45_2013-05-28,16382.0,u45
u46_2013-03-31,34577.0,u46
u46_2013-04-01,42520.0,u46
u46_2013-04-02,113294.0,u46
u46_2013-04-03,36421.0,u46
u46_2013-04-04,36329.0,u46
u46_2013-04-05,57984.0,u46
u46_2013-04-06,49399.0,u46
u46_2013-04-07,45622.0,u46
u46_2013-04-08,48474.0,u46
u46_2013-04-09,43440.0,u46
u46_2013-04-10,44350.0,u46
u46_2013-04-11,30912.0,u46
u46_2013-04-12,16477.0,u46
u46_2013-04-13,31673.0,u46
u46_2013-04-14,29471.0,u46
u46_2013-04-15,32410.0,u46
u46_2013-04-16,29969.0,u46
u46_2013-04-17,3813.0,u46
u46_2013-04-18,27491.0,u46
u46_2013-04-19,35735.0,u46
u46_2013-04-20,28283.0,u46
u46_2013-04-21,23710.0,u46
u46_2013-04-22,3845.0,u46
u46_2013-04-23,33006.0,u46
u46_2013-04-24,8434.0,u46
u46_2013-04-25,17638.0,u46
u46_2013-04-26,34847.0,u46
u46_2013-04-27,33059.0,u46
u46_2013-04-28,27819.0,u46
u46_2013-04-29,8516.0,u46
u46_2013-04-30,25983.0,u46
u46_2013-05-01,27138.0,u46
u46_2013-05-02,22892.0,u46
u46_2013-05-03,0.0,u46
u46_2013-05-04,30236.0,u46
u46_2013-05-05,31749.0,u46
u46_2013-05-06,33644.0,u46
u46_2013-05-07,37436.0,u46
u46_2013-05-08,31058.0,u46
u46_2013-05-09,25252.0,u46
u46_2013-05-10,14222.0,u46
u46_2013-05-11,35270.0,u46
u46_2013-05-12,7302.0,u46
u46_2013-05-13,9013.0,u46
u46_2013-05-14,8496.0,u46
u46_2013-05-15,32926.0,u46
u46_2013-05-16,33583.0,u46
u46_2013-05-17,32528.0,u46
u46_2013-05-18,35911.0,u46
u46_2013-05-19,23727.0,u46
u46_2013-05-20,21659.0,u46
u46_2013-05-21,0.0,u46
u46_2013-05-22,4525.0,u46
u47_2013-03-28,77804.0,u47
u47_2013-03-29,32321.0,u47
u47_2013-03-30,26262.0,u47
u47_2013-03-31,33359.0,u47
u47_2013-04-01,0.0,u47
u47_2013-04-02,0.0,u47
u47_2013-04-03,22832.0,u47
u47_2013-04-04,0.0,u47
u47_2013-04-05,0.0,u47
u47_2013-04-06,0.0,u47
u47_2013-04-07,0.0,u47
u47_2013-04-08,0.0,u47
u47_2013-04-09,0.0,u47
u47_2013-04-10,9181.0,u47
u47_2013-04-11,22796.0,u47
u47_2013-04-12,58694.0,u47
u47_2013-04-13,50524.0,u47
u47_2013-04-14,11783.0,u47
u47_2013-04-15,8737.0,u47
u47_2013-04-16,16112.0,u47
u47_2013-04-17,7615.0,u47
u47_2013-04-18,0.0,u47
u47_2013-04-19,12582.0,u47
u47_2013-04-20,71097.0,u47
u47_2013-04-21,6608.0,u47
u47_2013-04-22,0.0,u47
u47_2013-04-23,0.0,u47
u47_2013-04-24,0.0,u47
u47_2013-04-25,0.0,u47
u47_2013-04-26,67493.0,u47
u47_2013-04-27,0.0,u47
u47_2013-04-28,0.0,u47
u47_2013-04-29,0.0,u47
u47_2013-04-30,0.0,u47
u47_2013-05-01,0.0,u47
u47_2013-05-02,25197.0,u47
u47_2013-05-03,11590.0,u47
u47_2013-05-04,0.0,u47
u47_2013-05-05,0.0,u47
u47_2013-05-06,0.0,u47
u47_2013-05-07,0.0,u47
u47_2013-05-08,0.0,u47
u47_2013-05-09,0.0,u47
u47_2013-05-10,0.0,u47
u47_2013-05-11,0.0,u47
u47_2013-05-12,16312.0,u47
u47_2013-05-13,0.0,u47
u47_2013-05-14,0.0,u47
u47_2013-05-15,0.0,u47
u47_2013-05-16,0.0,u47
u47_2013-05-17,0.0,u47
u47_2013-05-18,0.0,u47
u47_2013-05-19,49801.0,u47
u47_2013-05-20,64251.0,u47
u47_2013-05-21,30485.0,u47
u47_2013-05-22,16495.0,u47
u47_2013-05-23,29173.0,u47
u47_2013-05-24,50642.0,u47
u47_2013-05-25,26497.0,u47
u47_2013-05-26,37272.0,u47
u47_2013-05-27,37484.0,u47
u47_2013-05-28,19250.0,u47
u47_2013-05-29,27345.0,u47
u49_2013-03-28,18408.0,u49
u49_2013-03-29,58957.0,u49
u49_2013-03-30,17142.0,u49
u49_2013-03-31,21631.0,u49
u49_2013-04-01,40027.0,u49
u49_2013-04-02,46900.0,u49
u49_2013-04-03,12044.0,u49
u49_2013-04-04,40211.0,u49
u49_2013-04-05,45739.0,u49
u49_2013-04-06,44963.0,u49
u49_2013-04-07,13398.0,u49
u49_2013-04-08,26884.0,u49
u49_2013-04-09,18364.0,u49
u49_2013-04-10,24872.0,u49
u49_2013-04-11,16663.0,u49
u49_2013-04-12,24771.0,u49
u49_2013-04-13,40130.0,u49
u49_2013-04-14,11472.0,u49
u49_2013-04-15,42260.0,u49
u49_2013-04-16,24944.0,u49
u49_2013-04-17,20391.0,u49
u49_2013-04-18,12897.0,u49
u49_2013-04-19,14185.0,u49
u49_2013-04-20,0.0,u49
u49_2013-04-21,16657.0,u49
u49_2013-04-22,9587.0,u49
u49_2013-04-23,19564.0,u49
u49_2013-04-24,21104.0,u49
u49_2013-04-25,29046.0,u49
u49_2013-04-26,50852.0,u49
u49_2013-04-27,40997.0,u49
u49_2013-04-28,18377.0,u49
u49_2013-04-29,22435.0,u49
u49_2013-04-30,19258.0,u49
u49_2013-05-01,11307.0,u49
u49_2013-05-02,31678.0,u49
u49_2013-05-03,12048.0,u49
u49_2013-05-04,16907.0,u49
u49_2013-05-05,28585.0,u49
u49_2013-05-06,30991.0,u49
u49_2013-05-07,27489.0,u49
u49_2013-05-08,42596.0,u49
u49_2013-05-09,32260.0,u49
u49_2013-05-10,0.0,u49
u49_2013-05-11,55064.0,u49
u49_2013-05-12,81220.0,u49
u49_2013-05-13,57375.0,u49
u49_2013-05-14,56619.0,u49
u49_2013-05-15,78244.0,u49
u49_2013-05-16,49071.0,u49
u49_2013-05-17,40747.0,u49
u49_2013-05-18,64443.0,u49
u49_2013-05-19,66878.0,u49
u49_2013-05-20,44527.0,u49
u49_2013-05-21,67106.0,u49
u49_2013-05-22,78882.0,u49
u49_2013-05-23,63055.0,u49
u49_2013-05-24,47695.0,u49
u49_2013-05-25,29791.0,u49
u49_2013-05-26,21576.0,u49
u49_2013-05-27,70268.0,u49
u49_2013-05-28,68940.0,u49
u49_2013-05-29,81947.0,u49
u49_2013-05-30,49665.0,u49
u50_2013-03-28,42118.0,u50
u50_2013-03-29,9385.0,u50
u50_2013-03-30,71315.0,u50
u50_2013-03-31,79519.0,u50
u50_2013-04-01,72053.0,u50
u50_2013-04-02,53670.0,u50
u50_2013-04-03,0.0,u50
u50_2013-04-04,28343.0,u50
u50_2013-04-05,16622.0,u50
u50_2013-04-06,29141.0,u50
u50_2013-04-07,26393.0,u50
u50_2013-04-08,29975.0,u50
u50_2013-04-09,19872.0,u50
u50_2013-04-10,34179.0,u50
u50_2013-04-11,28544.0,u50
u50_2013-04-12,29678.0,u50
u50_2013-04-13,0.0,u50
u50_2013-04-14,17455.0,u50
u50_2013-04-15,31113.0,u50
u50_2013-04-16,72891.0,u50
u50_2013-04-17,107358.0,u50
u50_2013-04-18,18196.0,u50
u50_2013-04-19,0.0,u50
u50_2013-04-20,5457.0,u50
u50_2013-04-21,0.0,u50
u50_2013-04-22,77767.0,u50
u50_2013-04-23,72663.0,u50
u50_2013-04-24,24698.0,u50
u50_2013-04-25,0.0,u50
u50_2013-04-26,10041.0,u50
u50_2013-04-27,21183.0,u50
u50_2013-04-28,0.0,u50
u50_2013-04-29,0.0,u50
u50_2013-04-30,0.0,u50
u50_2013-05-01,0.0,u50
u50_2013-05-02,0.0,u50
u50_2013-05-03,0.0,u50
u50_2013-05-04,0.0,u50
u50_2013-05-05,0.0,u50
u50_2013-05-06,0.0,u50
u50_2013-05-07,0.0,u50
u50_2013-05-08,0.0,u50
u50_2013-05-09,69325.0,u50
u50_2013-05-10,0.0,u50
u50_2013-05-11,4561.0,u50
u50_2013-05-12,32374.0,u50
u50_2013-05-13,0.0,u50
u50_2013-05-14,22561.0,u50
u50_2013-05-15,0.0,u50
u50_2013-05-16,0.0,u50
u50_2013-05-17,0.0,u50
u50_2013-05-18,0.0,u50
u50_2013-05-19,0.0,u50
u50_2013-05-20,0.0,u50
u50_2013-05-21,0.0,u50
u50_2013-05-22,0.0,u50
u50_2013-05-23,0.0,u50
u50_2013-05-24,0.0,u50
u50_2013-05-25,0.0,u50
u50_2013-05-26,0.0,u50
u50_2013-05-27,0.0,u50
u50_2013-05-28,9448.0,u50
u50_2013-05-29,0.0,u50
u50_2013-05-30,4880.0,u50
u50_2013-05-31,4718.0,u50
u51_2013-03-27,53405.0,u51
u51_2013-03-28,62504.0,u51
u51_2013-03-29,38029.0,u51
u51_2013-03-30,60533.0,u51
u51_2013-03-31,73655.0,u51
u51_2013-04-01,69168.0,u51
u51_2013-04-02,33426.0,u51
u51_2013-04-03,65393.0,u51
u51_2013-04-04,71304.0,u51
u51_2013-04-05,35254.0,u51
u51_2013-04-06,98694.0,u51
u51_2013-04-07,67408.0,u51
u51_2013-04-08,20738.0,u51
u51_2013-04-09,37358.0,u51
u51_2013-04-10,69341.0,u51
u51_2013-04-11,62860.0,u51
u51_2013-04-12,81883.0,u51
u51_2013-04-13,79828.0,u51
u51_2013-04-14,79678.0,u51
u51_2013-04-15,66884.0,u51
u51_2013-04-16,64012.0,u51
u51_2013-04-17,81383.0,u51
u51_2013-04-18,72775.0,u51
u51_2013-04-19,0.0,u51
u51_2013-04-20,20203.0,u51
u51_2013-04-21,71017.0,u51
u51_2013-04-22,84414.0,u51
u51_2013-04-23,59833.0,u51
u51_2013-04-24,96878.0,u51
u51_2013-04-25,70568.0,u51
u51_2013-04-26,46584.0,u51
u51_2013-04-27,55464.0,u51
u51_2013-04-28,74708.0,u51
u51_2013-04-29,54321.0,u51
u51_2013-04-30,28946.0,u51
u51_2013-05-01,28841.0,u51
u51_2013-05-02,52637.0,u51
u51_2013-05-03,91555.0,u51
u51_2013-05-04,72847.0,u51
u51_2013-05-05,49082.0,u51
u51_2013-05-06,0.0,u51
u51_2013-05-07,76509.0,u51
u51_2013-05-08,95844.0,u51
u51_2013-05-09,27900.0,u51
u51_2013-05-10,44335.0,u51
u51_2013-05-11,53604.0,u51
u51_2013-05-12,62849.0,u51
u51_2013-05-13,60579.0,u51
u51_2013-05-14,56281.0,u51
u51_2013-05-15,42200.0,u51
u51_2013-05-16,77103.0,u51
u51_2013-05-17,25391.0,u51
u51_2013-05-18,73553.0,u51
u51_2013-05-19,46933.0,u51
u51_2013-05-20,64288.0,u51
u51_2013-05-21,28747.0,u51
u51_2013-05-22,38207.0,u51
u51_2013-05-23,86943.0,u51
u51_2013-05-24,64430.0,u51
u51_2013-05-25,85300.0,u51
u51_2013-05-26,39476.0,u51
u51_2013-05-27,81267.0,u51
u51_2013-05-28,78362.0,u51
u51_2013-05-29,66269.0,u51
u51_2013-05-30,67891.0,u51
u51_2013-05-31,35167.0,u51
u52_2013-03-29,76102.0,u52
u52_2013-03-30,48547.0,u52
u52_2013-03-31,42848.0,u52
u52_2013-04-01,22195.0,u52
u52_2013-04-02,94398.0,u52
u52_2013-04-03,47541.0,u52
u52_2013-04-04,59068.0,u52
u52_2013-04-05,53452.0,u52
u52_2013-04-06,45229.0,u52
u52_2013-04-07,44870.0,u52
u52_2013-04-08,35535.0,u52
u52_2013-04-09,73087.0,u52
u52_2013-04-10,66306.0,u52
u52_2013-04-11,38340.0,u52
u52_2013-04-12,70816.0,u52
u52_2013-04-13,57992.0,u52
u52_2013-04-14,31523.0,u52
u52_2013-04-15,89337.0,u52
u52_2013-04-16,23018.0,u52
u52_2013-04-17,25488.0,u52
u52_2013-04-18,67009.0,u52
u52_2013-04-19,30597.0,u52
u52_2013-04-20,16481.0,u52
u52_2013-04-21,53553.0,u52
u52_2013-04-22,26059.0,u52
u52_2013-04-23,34586.0,u52
u52_2013-04-24,8318.0,u52
u52_2013-04-25,26949.0,u52
u52_2013-04-26,75650.0,u52
u52_2013-04-27,58809.0,u52
u52_2013-04-28,78679.0,u52
u52_2013-04-29,63324.0,u52
u52_2013-04-30,21041.0,u52
u52_2013-05-01,33157.0,u52
u52_2013-05-02,52582.0,u52
u52_2013-05-03,15531.0,u52
u52_2013-05-04,95949.0,u52
u52_2013-05-05,28225.0,u52
u52_2013-05-06,26540.0,u52
u52_2013-05-07,35515.0,u52
u52_2013-05-08,40036.0,u52
u52_2013-05-09,28072.0,u52
u52_2013-05-10,60655.0,u52
u52_2013-05-11,51802.0,u52
u52_2013-05-12,9468.0,u52
u52_2013-05-13,55068.0,u52
u52_2013-05-14,29321.0,u52
u52_2013-05-15,22332.0,u52
u52_2013-05-16,55704.0,u52
u52_2013-05-17,3965.0,u52
u52_2013-05-18,66345.0,u52
u52_2013-05-19,59384.0,u52
u52_2013-05-20,66089.0,u52
u52_2013-05-21,64619.0,u52
u52_2013-05-22,61483.0,u52
u52_2013-05-23,50755.0,u52
u52_2013-05-24,73449.0,u52
u52_2013-05-25,68544.0,u52
u52_2013-05-26,42898.0,u52
u52_2013-05-27,21214.0,u52
u52_2013-05-28,54074.0,u52
u52_2013-05-29,16243.0,u52
u52_2013-05-30,38177.0,u52
u52_2013-05-31,15933.0,u52
u53_2013-03-27,70990.0,u53
u53_2013-03-28,53574.0,u53
u53_2013-03-29,7669.0,u53
u53_2013-03-30,62387.0,u53
u53_2013-03-31,59299.0,u53
u53_2013-04-01,31234.0,u53
u53_2013-04-02,57399.0,u53
u53_2013-04-03,32996.0,u53
u53_2013-04-04,74880.0,u53
u53_2013-04-05,23067.0,u53
u53_2013-04-06,51854.0,u53
u53_2013-04-07,36615.0,u53
u53_2013-04-08,72430.0,u53
u53_2013-04-09,88162.0,u53
u53_2013-04-10,20779.0,u53
u53_2013-04-11,44549.0,u53
u53_2013-04-12,0.0,u53
u53_2013-04-13,35836.0,u53
u53_2013-04-14,61568.0,u53
u53_2013-04-15,44068.0,u53
u53_2013-04-16,0.0,u53
u53_2013-04-17,18751.0,u53
u53_2013-04-18,77629.0,u53
u53_2013-04-19,79442.0,u53
u53_2013-04-20,64518.0,u53
u53_2013-04-21,40912.0,u53
u53_2013-04-22,61740.0,u53
u53_2013-04-23,77585.0,u53
u53_2013-04-24,75400.0,u53
u53_2013-04-25,29042.0,u53
u53_2013-04-26,84676.0,u53
u53_2013-04-27,28653.0,u53
u53_2013-04-28,29932.0,u53
u53_2013-04-29,39504.0,u53
u53_2013-04-30,74104.0,u53
u53_2013-05-01,28116.0,u53
u53_2013-05-02,59874.0,u53
u53_2013-05-03,26394.0,u53
u53_2013-05-04,6900.0,u53
u53_2013-05-05,29627.0,u53
u53_2013-05-06,66860.0,u53
u53_2013-05-07,24579.0,u53
u53_2013-05-08,71242.0,u53
u53_2013-05-09,38462.0,u53
u53_2013-05-10,81756.0,u53
u53_2013-05-11,58084.0,u53
u53_2013-05-12,84294.0,u53
u53_2013-05-13,87152.0,u53
u53_2013-05-14,34755.0,u53
u53_2013-05-15,50662.0,u53
u53_2013-05-16,89701.0,u53
u53_2013-05-17,7241.0,u53
u53_2013-05-18,0.0,u53
u53_2013-05-19,60986.0,u53
u53_2013-05-20,13025.0,u53
u53_2013-05-21,46493.0,u53
u53_2013-05-22,16723.0,u53
u53_2013-05-23,0.0,u53
u53_2013-05-24,0.0,u53
u53_2013-05-25,0.0,u53
u53_2013-05-26,21926.0,u53
u53_2013-05-27,17073.0,u53
u53_2013-05-28,83039.0,u53
u53_2013-05-29,7295.0,u53
u53_2013-05-30,84378.0,u53
u54_2013-03-27,39783.0,u54
u54_2013-03-28,53269.0,u54
u54_2013-03-29,27596.0,u54
u54_2013-03-30,27532.0,u54
u54_2013-03-31,8112.0,u54
u54_2013-04-01,41528.0,u54
u54_2013-04-02,34303.0,u54
u54_2013-04-03,38070.0,u54
u54_2013-04-04,39376.0,u54
u54_2013-04-05,48315.0,u54
u54_2013-04-06,6926.0,u54
u54_2013-04-07,32583.0,u54
u54_2013-04-08,66195.0,u54
u54_2013-04-09,45829.0,u54
u54_2013-04-10,45514.0,u54
u54_2013-04-11,57663.0,u54
u54_2013-04-12,35291.0,u54
u54_2013-04-13,54862.0,u54
u54_2013-04-14,37496.0,u54
u54_2013-04-15,42001.0,u54
u54_2013-04-16,25369.0,u54
u54_2013-04-17,35804.0,u54
u54_2013-04-18,39693.0,u54
u54_2013-04-19,41217.0,u54
u54_2013-04-20,25875.0,u54
u54_2013-04-21,20363.0,u54
u54_2013-04-22,19328.0,u54
u54_2013-04-23,42791.0,u54
u54_2013-04-24,31663.0,u54
u54_2013-04-25,29986.0,u54
u54_2013-04-26,45963.0,u54
u54_2013-04-27,24827.0,u54
u54_2013-04-28,14783.0,u54
u54_2013-04-29,40783.0,u54
u54_2013-04-30,16177.0,u54
u54_2013-05-01,34129.0,u54
u54_2013-05-02,41941.0,u54
u54_2013-05-03,4437.0,u54
u54_2013-05-04,14317.0,u54
u54_2013-05-05,11463.0,u54
u54_2013-05-06,12837.0,u54
u54_2013-05-07,30457.0,u54
u54_2013-05-08,16373.0,u54
u54_2013-05-09,0.0,u54
u54_2013-05-10,0.0,u54
u54_2013-05-11,0.0,u54
u54_2013-05-12,0.0,u54
u54_2013-05-13,0.0,u54
u54_2013-05-14,0.0,u54
u54_2013-05-15,0.0,u54
u54_2013-05-16,0.0,u54
u54_2013-05-17,0.0,u54
u54_2013-05-18,0.0,u54
u54_2013-05-19,0.0,u54
u54_2013-05-20,0.0,u54
u54_2013-05-21,0.0,u54
u54_2013-05-22,0.0,u54
u54_2013-05-23,0.0,u54
u54_2013-05-24,0.0,u54
u54_2013-05-25,0.0,u54
u54_2013-05-26,0.0,u54
u54_2013-05-27,0.0,u54
u54_2013-05-28,0.0,u54
u54_2013-05-29,36367.0,u54
u56_2013-03-27,34827.0,u56
u56_2013-03-28,0.0,u56
u56_2013-03-29,39717.0,u56
u56_2013-03-30,47145.0,u56
u56_2013-03-31,55275.0,u56
u56_2013-04-01,4459.0,u56
u56_2013-04-02,47236.0,u56
u56_2013-04-03,17057.0,u56
u56_2013-04-04,36067.0,u56
u56_2013-04-05,19396.0,u56
u56_2013-04-06,43839.0,u56
u56_2013-04-07,15149.0,u56
u56_2013-04-08,20842.0,u56
u56_2013-04-09,74124.0,u56
u56_2013-04-10,37041.0,u56
u56_2013-04-11,11361.0,u56
u56_2013-04-12,110179.0,u56
u56_2013-04-13,53975.0,u56
u56_2013-04-14,53742.0,u56
u56_2013-04-15,70702.0,u56
u56_2013-04-16,31805.0,u56
u56_2013-04-17,9589.0,u56
u56_2013-04-18,0.0,u56
u56_2013-04-19,70792.0,u56
u56_2013-04-20,27909.0,u56
u56_2013-04-21,25230.0,u56
u56_2013-04-22,49855.0,u56
u56_2013-04-23,0.0,u56
u56_2013-04-24,34820.0,u56
u56_2013-04-25,0.0,u56
u56_2013-04-26,43178.0,u56
u56_2013-04-27,37284.0,u56
u56_2013-04-28,83297.0,u56
u56_2013-04-29,39470.0,u56
u56_2013-04-30,46655.0,u56
u56_2013-05-01,66419.0,u56
u56_2013-05-02,36512.0,u56
u56_2013-05-03,13035.0,u56
u56_2013-05-04,0.0,u56
u56_2013-05-05,0.0,u56
u56_2013-05-06,0.0,u56
u56_2013-05-07,0.0,u56
u56_2013-05-08,0.0,u56
u56_2013-05-09,0.0,u56
u56_2013-05-10,0.0,u56
u56_2013-05-11,0.0,u56
u56_2013-05-12,0.0,u56
u56_2013-05-13,0.0,u56
u56_2013-05-14,78206.0,u56
u56_2013-05-15,11102.0,u56
u56_2013-05-16,33494.0,u56
u56_2013-05-17,0.0,u56
u56_2013-05-18,0.0,u56
u56_2013-05-19,44191.0,u56
u56_2013-05-20,43810.0,u56
u56_2013-05-21,0.0,u56
u56_2013-05-22,28395.0,u56
u56_2013-05-23,0.0,u56
u56_2013-05-24,28743.0,u56
u56_2013-05-25,0.0,u56
u56_2013-05-26,11395.0,u56
u56_2013-05-27,0.0,u56
u56_2013-05-28,67471.0,u56
u56_2013-05-29,0.0,u56
u56_2013-05-30,23179.0,u56
u56_2013-05-31,39664.0,u56
u57_2013-03-27,52323.0,u57
u57_2013-03-28,37836.0,u57
u57_2013-03-29,0.0,u57
u57_2013-03-30,35613.0,u57
u57_2013-03-31,45148.0,u57
u57_2013-04-01,47629.0,u57
u57_2013-04-02,57337.0,u57
u57_2013-04-03,42868.0,u57
u57_2013-04-04,41340.0,u57
u57_2013-04-05,47631.0,u57
u57_2013-04-06,24994.0,u57
u57_2013-04-07,20273.0,u57
u57_2013-04-08,31250.0,u57
u57_2013-04-09,60485.0,u57
u57_2013-04-10,60756.0,u57
u57_2013-04-11,43504.0,u57
u57_2013-04-12,44592.0,u57
u57_2013-04-13,39449.0,u57
u57_2013-04-14,52253.0,u57
u57_2013-04-15,47310.0,u57
u57_2013-04-16,48461.0,u57
u57_2013-04-17,62313.0,u57
u57_2013-04-18,38302.0,u57
u57_2013-04-19,35853.0,u57
u57_2013-04-20,23785.0,u57
u57_2013-04-21,54574.0,u57
u57_2013-04-22,61446.0,u57
u57_2013-04-23,65771.0,u57
u57_2013-04-24,32828.0,u57
u57_2013-04-25,26682.0,u57
u57_2013-04-26,35559.0,u57
u57_2013-04-27,9524.0,u57
u57_2013-04-28,33567.0,u57
u57_2013-04-29,29054.0,u57
u57_2013-04-30,29807.0,u57
u57_2013-05-01,47399.0,u57
u57_2013-05-02,47892.0,u57
u57_2013-05-03,17545.0,u57
u57_2013-05-04,26301.0,u57
u57_2013-05-05,45269.0,u57
u57_2013-05-06,35630.0,u57
u57_2013-05-07,38256.0,u57
u57_2013-05-08,40565.0,u57
u57_2013-05-09,35047.0,u57
u57_2013-05-10,40271.0,u57
u57_2013-05-11,41316.0,u57
u57_2013-05-12,42760.0,u57
u57_2013-05-13,43053.0,u57
u57_2013-05-14,31286.0,u57
u57_2013-05-15,36250.0,u57
u57_2013-05-16,41928.0,u57
u57_2013-05-17,30149.0,u57
u57_2013-05-18,24523.0,u57
u57_2013-05-19,36168.0,u57
u57_2013-05-20,29273.0,u57
u57_2013-05-21,33381.0,u57
u57_2013-05-22,26981.0,u57
u57_2013-05-23,47838.0,u57
u57_2013-05-24,31441.0,u57
u57_2013-05-25,42055.0,u57
u57_2013-05-26,12930.0,u57
u57_2013-05-27,24345.0,u57
u57_2013-05-28,34144.0,u57
u57_2013-05-29,53677.0,u57
u57_2013-05-30,40933.0,u57
u57_2013-05-31,37880.0,u57
u58_2013-03-27,52397.0,u58
u58_2013-03-28,36956.0,u58
u58_2013-03-29,71291.0,u58
u58_2013-03-30,43477.0,u58
u58_2013-03-31,79807.0,u58
u58_2013-04-01,34595.0,u58
u58_2013-04-02,46090.0,u58
u58_2013-04-03,46649.0,u58
u58_2013-04-04,13025.0,u58
u58_2013-04-05,36869.0,u58
u58_2013-04-06,48162.0,u58
u58_2013-04-07,81812.0,u58
u58_2013-04-08,47790.0,u58
u58_2013-04-09,16984.0,u58
u58_2013-04-10,47751.0,u58
u58_2013-04-11,45655.0,u58
u58_2013-04-12,54112.0,u58
u58_2013-04-13,13192.0,u58
u58_2013-04-14,56577.0,u58
u58_2013-04-15,51856.0,u58
u58_2013-04-16,85950.0,u58
u58_2013-04-17,15082.0,u58
u58_2013-04-18,36064.0,u58
u58_2013-04-19,36077.0,u58
u58_2013-04-20,38423.0,u58
u58_2013-04-21,22206.0,u58
u58_2013-04-22,52107.0,u58
u58_2013-04-23,30970.0,u58
u58_2013-04-24,60719.0,u58
u58_2013-04-25,47119.0,u58
u58_2013-04-26,61801.0,u58
u58_2013-04-27,37166.0,u58
u58_2013-04-28,97399.0,u58
u58_2013-04-29,41243.0,u58
u58_2013-04-30,24073.0,u58
u58_2013-05-01,64755.0,u58
u58_2013-05-02,32572.0,u58
u58_2013-05-03,63123.0,u58
u58_2013-05-04,0.0,u58
u58_2013-05-05,12868.0,u58
u58_2013-05-06,81992.0,u58
u58_2013-05-07,66746.0,u58
u58_2013-05-08,67100.0,u58
u58_2013-05-09,60217.0,u58
u58_2013-05-10,69599.0,u58
u58_2013-05-11,7608.0,u58
u58_2013-05-12,35852.0,u58
u58_2013-05-13,52653.0,u58
u58_2013-05-14,75953.0,u58
u58_2013-05-15,81362.0,u58
u58_2013-05-16,69213.0,u58
u58_2013-05-17,28272.0,u58
u58_2013-05-18,58861.0,u58
u58_2013-05-19,48095.0,u58
u58_2013-05-20,59708.0,u58
u58_2013-05-21,73902.0,u58
u58_2013-05-22,82164.0,u58
u58_2013-05-23,50080.0,u58
u58_2013-05-24,84638.0,u58
u58_2013-05-25,70174.0,u58
u58_2013-05-26,33232.0,u58
u58_2013-05-27,77092.0,u58
u58_2013-05-28,55111.0,u58
u58_2013-05-29,27120.0,u58
u59_2013-03-27,31788.0,u59
u59_2013-03-28,43273.0,u59
u59_2013-03-29,4530.0,u59
u59_2013-03-30,62640.0,u59
u59_2013-03-31,73640.0,u59
u59_2013-04-01,26271.0,u59
u59_2013-04-02,52686.0,u59
u59_2013-04-03,58619.0,u59
u59_2013-04-04,93034.0,u59
u59_2013-04-05,14423.0,u59
u59_2013-04-06,34197.0,u59
u59_2013-04-07,44343.0,u59
u59_2013-04-08,32493.0,u59
u59_2013-04-09,12678.0,u59
u59_2013-04-10,31306.0,u59
u59_2013-04-11,41474.0,u59
u59_2013-04-12,4386.0,u59
u59_2013-04-13,33082.0,u59
u59_2013-04-14,7607.0,u59
u59_2013-04-15,4002.0,u59
u59_2013-04-16,6521.0,u59
u59_2013-04-17,12901.0,u59
u59_2013-04-18,28543.0,u59
u59_2013-04-19,4482.0,u59
u59_2013-04-20,24595.0,u59
u59_2013-04-21,22019.0,u59
u59_2013-04-22,17393.0,u59
u59_2013-04-23,16659.0,u59
u59_2013-04-24,9604.0,u59
u59_2013-04-25,35426.0,u59
u59_2013-04-26,3825.0,u59
u59_2013-04-27,42129.0,u59
u59_2013-04-28,7539.0,u59
u59_2013-04-29,15370.0,u59
u59_2013-04-30,13311.0,u59
u59_2013-05-01,35573.0,u59
u59_2013-05-02,36729.0,u59
u59_2013-05-03,6745.0,u59
u59_2013-05-04,60331.0,u59
u59_2013-05-05,11909.0,u59
u59_2013-05-06,32609.0,u59
u59_2013-05-07,8467.0,u59
u59_2013-05-08,38909.0,u59
u59_2013-05-09,27068.0,u59
u59_2013-05-10,0.0,u59
u59_2013-05-11,0.0,u59
u59_2013-05-12,0.0,u59
u59_2013-05-13,0.0,u59
u59_2013-05-14,0.0,u59
u59_2013-05-15,4311.0,u59
u59_2013-05-16,11646.0,u59
u59_2013-05-17,18172.0,u59
u59_2013-05-18,0.0,u59
u59_2013-05-19,16569.0,u59
u59_2013-05-20,4020.0,u59
u59_2013-05-21,18100.0,u59
u59_2013-05-22,4308.0,u59
u59_2013-05-23,27316.0,u59
u59_2013-05-24,6836.0,u59
u59_2013-05-25,34024.0,u59
u59_2013-05-26,32673.0,u59
u59_2013-05-27,41202.0,u59
u59_2013-05-28,3724.0,u59
u59_2013-05-29,32166.0,u59
u59_2013-05-30,13664.0,u59
u59_2013-05-31,24013.0,u59
